case,idx,source,config,family,r,p,mu,axis,clDice,NSD@0.5,HD95,Betti0
PARSE_0001.nii.gz,0,study,omission,distal_omission,2,0.3,0.0,clDice,0.832123593260971,0.9009855025248412,0.0,17
PARSE_0001.nii.gz,0,study,drift_neg,boundary_drift,1,0.5,-0.5,NSD@0.5,0.9595901096422964,0.8765974028950958,0.0,97
PARSE_0001.nii.gz,0,study,drift_pos,boundary_drift,1,0.5,0.5,NSD@0.5,0.9869202254408728,0.8704614980121015,0.0,21
PARSE_0001.nii.gz,0,grid,distal_omission_r1_p0.5_mu+0.0,distal_omission,1,0.5,0.0,clDice,0.9057215948087601,0.956172054352547,0.0,62
PARSE_0001.nii.gz,0,grid,distal_omission_r2_p0.3_mu+0.0,distal_omission,2,0.3,0.0,clDice,0.8700470330519942,0.9195490771475762,0.0,17
PARSE_0001.nii.gz,0,grid,distal_omission_r3_p0.3_mu+0.0,distal_omission,3,0.3,0.0,clDice,0.84443565922119,0.8861823873656214,1.93359375,3
PARSE_0001.nii.gz,0,grid,boundary_drift_r1_p0.5_mu-1.0,boundary_drift,1,0.5,-1.0,NSD@0.5,0.9393156326284627,0.8315388306584338,0.64453125,145
PARSE_0001.nii.gz,0,grid,boundary_drift_r1_p0.5_mu-0.5,boundary_drift,1,0.5,-0.5,NSD@0.5,0.9617429940676168,0.8820152646030476,0.0,98
PARSE_0001.nii.gz,0,grid,boundary_drift_r1_p0.5_mu+0.0,boundary_drift,1,0.5,0.0,NSD@0.5,0.976327292297794,0.8974304993850484,0.0,58
PARSE_0001.nii.gz,0,grid,boundary_drift_r1_p0.5_mu+0.5,boundary_drift,1,0.5,0.5,NSD@0.5,0.9843099491984961,0.8723425420645748,0.0,24
PARSE_0001.nii.gz,0,grid,boundary_drift_r1_p0.5_mu+1.0,boundary_drift,1,0.5,1.0,NSD@0.5,0.9869419977791217,0.8173324731270887,0.64453125,4
PARSE_0002.nii.gz,1,study,omission,distal_omission,2,0.3,0.0,clDice,0.8470504281636537,0.9085921362859798,0.0,11
PARSE_0002.nii.gz,1,study,drift_neg,boundary_drift,1,0.5,-0.5,NSD@0.5,0.9599852750038895,0.8801324300766137,0.0,106
PARSE_0002.nii.gz,1,study,drift_pos,boundary_drift,1,0.5,0.5,NSD@0.5,0.984077800188445,0.866515212637211,0.0,31
PARSE_0002.nii.gz,1,grid,distal_omission_r1_p0.5_mu+0.0,distal_omission,1,0.5,0.0,clDice,0.8839511858162561,0.9466843823611258,0.0,80
PARSE_0002.nii.gz,1,grid,distal_omission_r2_p0.3_mu+0.0,distal_omission,2,0.3,0.0,clDice,0.8884302258915262,0.9330654894238709,0.0,12
PARSE_0002.nii.gz,1,grid,distal_omission_r3_p0.3_mu+0.0,distal_omission,3,0.3,0.0,clDice,0.8170835875533862,0.8712220045556175,3.9495143157201147,3
PARSE_0002.nii.gz,1,grid,boundary_drift_r1_p0.5_mu-1.0,boundary_drift,1,0.5,-1.0,NSD@0.5,0.9268498774215634,0.8360547984495815,0.60546875,203
PARSE_0002.nii.gz,1,grid,boundary_drift_r1_p0.5_mu-0.5,boundary_drift,1,0.5,-0.5,NSD@0.5,0.9545576883487661,0.8821963407163689,0.0,142
PARSE_0002.nii.gz,1,grid,boundary_drift_r1_p0.5_mu+0.0,boundary_drift,1,0.5,0.0,NSD@0.5,0.9755576059767896,0.8973895120811987,0.0,80
PARSE_0002.nii.gz,1,grid,boundary_drift_r1_p0.5_mu+0.5,boundary_drift,1,0.5,0.5,NSD@0.5,0.9867485508993208,0.8742948233197357,0.0,21
PARSE_0002.nii.gz,1,grid,boundary_drift_r1_p0.5_mu+1.0,boundary_drift,1,0.5,1.0,NSD@0.5,0.9871030553740039,0.8205879752732119,0.60546875,5
PARSE_0003.nii.gz,2,study,omission,distal_omission,2,0.3,0.0,clDice,0.9150171364621948,0.9479876945201394,0.0,10
PARSE_0003.nii.gz,2,study,drift_neg,boundary_drift,1,0.5,-0.5,NSD@0.5,0.9623670040045655,0.8862196863909351,0.0,85
PARSE_0003.nii.gz,2,study,drift_pos,boundary_drift,1,0.5,0.5,NSD@0.5,0.9841348479680843,0.8741928384110061,0.0,17
PARSE_0003.nii.gz,2,grid,distal_omission_r1_p0.5_mu+0.0,distal_omission,1,0.5,0.0,clDice,0.9112093774127886,0.9563780997605422,0.0,66
PARSE_0003.nii.gz,2,grid,distal_omission_r2_p0.3_mu+0.0,distal_omission,2,0.3,0.0,clDice,0.8522382537920828,0.9080741710407585,0.0,18
PARSE_0003.nii.gz,2,grid,distal_omission_r3_p0.3_mu+0.0,distal_omission,3,0.3,0.0,clDice,0.7746267477683861,0.8432505217801117,10.14321278614424,2
PARSE_0003.nii.gz,2,grid,boundary_drift_r1_p0.5_mu-1.0,boundary_drift,1,0.5,-1.0,NSD@0.5,0.9384148453892217,0.8228921920213687,0.65625,123
PARSE_0003.nii.gz,2,grid,boundary_drift_r1_p0.5_mu-0.5,boundary_drift,1,0.5,-0.5,NSD@0.5,0.9653166840555486,0.8751748335584524,0.0,78
PARSE_0003.nii.gz,2,grid,boundary_drift_r1_p0.5_mu+0.0,boundary_drift,1,0.5,0.0,NSD@0.5,0.9786405804076429,0.8966818255769812,0.0,40
PARSE_0003.nii.gz,2,grid,boundary_drift_r1_p0.5_mu+0.5,boundary_drift,1,0.5,0.5,NSD@0.5,0.9853349827251595,0.8789381552659298,0.0,23
PARSE_0003.nii.gz,2,grid,boundary_drift_r1_p0.5_mu+1.0,boundary_drift,1,0.5,1.0,NSD@0.5,0.9853966204147817,0.829179823262065,0.65625,5
PARSE_0004.nii.gz,3,study,omission,distal_omission,2,0.3,0.0,clDice,0.9169456400446357,0.9406762348626294,0.0,7
PARSE_0004.nii.gz,3,study,drift_neg,boundary_drift,1,0.5,-0.5,NSD@0.5,0.9619993220062646,0.8950584851920471,0.0,80
PARSE_0004.nii.gz,3,study,drift_pos,boundary_drift,1,0.5,0.5,NSD@0.5,0.9816585933773723,0.876406422250533,0.70703125,18
PARSE_0004.nii.gz,3,grid,distal_omission_r1_p0.5_mu+0.0,distal_omission,1,0.5,0.0,clDice,0.9196151705494156,0.9516907075793586,0.0,62
PARSE_0004.nii.gz,3,grid,distal_omission_r2_p0.3_mu+0.0,distal_omission,2,0.3,0.0,clDice,0.9014471663028538,0.9305648796393977,0.0,9
PARSE_0004.nii.gz,3,grid,distal_omission_r3_p0.3_mu+0.0,distal_omission,3,0.3,0.0,clDice,0.8764676699189681,0.9068707837033692,0.70703125,0
PARSE_0004.nii.gz,3,grid,boundary_drift_r1_p0.5_mu-1.0,boundary_drift,1,0.5,-1.0,NSD@0.5,0.9433200306063738,0.8417088801903446,0.70703125,102
PARSE_0004.nii.gz,3,grid,boundary_drift_r1_p0.5_mu-0.5,boundary_drift,1,0.5,-0.5,NSD@0.5,0.9676196842209578,0.8850156087408949,0.0,66
PARSE_0004.nii.gz,3,grid,boundary_drift_r1_p0.5_mu+0.0,boundary_drift,1,0.5,0.0,NSD@0.5,0.9824443620367597,0.8968397980632759,0.0,37
PARSE_0004.nii.gz,3,grid,boundary_drift_r1_p0.5_mu+0.5,boundary_drift,1,0.5,0.5,NSD@0.5,0.9895521073418397,0.878226963844172,0.70703125,12
PARSE_0004.nii.gz,3,grid,boundary_drift_r1_p0.5_mu+1.0,boundary_drift,1,0.5,1.0,NSD@0.5,0.9901965897474102,0.8296408901736985,0.70703125,2
PARSE_0005.nii.gz,4,study,omission,distal_omission,2,0.3,0.0,clDice,0.8648859426788847,0.9060403912848528,0.67578125,12
PARSE_0005.nii.gz,4,study,drift_neg,boundary_drift,1,0.5,-0.5,NSD@0.5,0.958848720005538,0.8831708402796568,0.67578125,108
PARSE_0005.nii.gz,4,study,drift_pos,boundary_drift,1,0.5,0.5,NSD@0.5,0.9860578320524178,0.8740508994645328,0.67578125,20
PARSE_0005.nii.gz,4,grid,distal_omission_r1_p0.5_mu+0.0,distal_omission,1,0.5,0.0,clDice,0.8988778212079183,0.9444358554157262,0.0,82
PARSE_0005.nii.gz,4,grid,distal_omission_r2_p0.3_mu+0.0,distal_omission,2,0.3,0.0,clDice,0.8091634281039067,0.8730709640352818,2.436563947872149,27
PARSE_0005.nii.gz,4,grid,distal_omission_r3_p0.3_mu+0.0,distal_omission,3,0.3,0.0,clDice,0.8595494613124387,0.8856392425177126,9.009937310376475,2
PARSE_0005.nii.gz,4,grid,boundary_drift_r1_p0.5_mu-1.0,boundary_drift,1,0.5,-1.0,NSD@0.5,0.9331655257010549,0.8395453748139086,0.67578125,171
PARSE_0005.nii.gz,4,grid,boundary_drift_r1_p0.5_mu-0.5,boundary_drift,1,0.5,-0.5,NSD@0.5,0.9583103250762316,0.8781266354958283,0.67578125,111
PARSE_0005.nii.gz,4,grid,boundary_drift_r1_p0.5_mu+0.0,boundary_drift,1,0.5,0.0,NSD@0.5,0.9753033342140357,0.8903824426501566,0.0,59
PARSE_0005.nii.gz,4,grid,boundary_drift_r1_p0.5_mu+0.5,boundary_drift,1,0.5,0.5,NSD@0.5,0.984966870769898,0.8649319737305123,0.67578125,25
PARSE_0005.nii.gz,4,grid,boundary_drift_r1_p0.5_mu+1.0,boundary_drift,1,0.5,1.0,NSD@0.5,0.9875884045747612,0.811849898257301,0.67578125,6
PARSE_0006.nii.gz,5,study,omission,distal_omission,2,0.3,0.0,clDice,0.8758644536652835,0.9238182947463108,0.0,13
PARSE_0006.nii.gz,5,study,drift_neg,boundary_drift,1,0.5,-0.5,NSD@0.5,0.9634826954100829,0.874344964861681,0.0,80
PARSE_0006.nii.gz,5,study,drift_pos,boundary_drift,1,0.5,0.5,NSD@0.5,0.982688753013338,0.8560905149384637,0.65625,21
PARSE_0006.nii.gz,5,grid,distal_omission_r1_p0.5_mu+0.0,distal_omission,1,0.5,0.0,clDice,0.8950633018948083,0.9542008202060416,0.0,48
PARSE_0006.nii.gz,5,grid,distal_omission_r2_p0.3_mu+0.0,distal_omission,2,0.3,0.0,clDice,0.8370595600071544,0.8982679956672538,0.0,19
PARSE_0006.nii.gz,5,grid,distal_omission_r3_p0.3_mu+0.0,distal_omission,3,0.3,0.0,clDice,0.8437805637058771,0.8923168362601742,0.65625,2
PARSE_0006.nii.gz,5,grid,boundary_drift_r1_p0.5_mu-1.0,boundary_drift,1,0.5,-1.0,NSD@0.5,0.9288512827753229,0.8380203128882685,0.65625,127
PARSE_0006.nii.gz,5,grid,boundary_drift_r1_p0.5_mu-0.5,boundary_drift,1,0.5,-0.5,NSD@0.5,0.9540290600506196,0.8863486480545175,0.0,96
PARSE_0006.nii.gz,5,grid,boundary_drift_r1_p0.5_mu+0.0,boundary_drift,1,0.5,0.0,NSD@0.5,0.9740901998274494,0.8992176850589699,0.0,51
PARSE_0006.nii.gz,5,grid,boundary_drift_r1_p0.5_mu+0.5,boundary_drift,1,0.5,0.5,NSD@0.5,0.9836080156472171,0.8739740358552475,0.0,20
PARSE_0006.nii.gz,5,grid,boundary_drift_r1_p0.5_mu+1.0,boundary_drift,1,0.5,1.0,NSD@0.5,0.9858798816652606,0.8204836884566225,0.65625,7
PARSE_0007.nii.gz,6,study,omission,distal_omission,2,0.3,0.0,clDice,0.9178434782608695,0.9478947304600187,0.0,11
PARSE_0007.nii.gz,6,study,drift_neg,boundary_drift,1,0.5,-0.5,NSD@0.5,0.9640267441350012,0.8883542246799245,0.0,73
PARSE_0007.nii.gz,6,study,drift_pos,boundary_drift,1,0.5,0.5,NSD@0.5,0.9838194107800355,0.8804510141550306,0.0,14
PARSE_0007.nii.gz,6,grid,distal_omission_r1_p0.5_mu+0.0,distal_omission,1,0.5,0.0,clDice,0.91224389902804,0.9605333674620251,0.0,46
PARSE_0007.nii.gz,6,grid,distal_omission_r2_p0.3_mu+0.0,distal_omission,2,0.3,0.0,clDice,0.9091164095371669,0.9407058919370278,0.0,9
PARSE_0007.nii.gz,6,grid,distal_omission_r3_p0.3_mu+0.0,distal_omission,3,0.3,0.0,clDice,0.8787660371918697,0.9112501885085206,0.0,2
PARSE_0007.nii.gz,6,grid,boundary_drift_r1_p0.5_mu-1.0,boundary_drift,1,0.5,-1.0,NSD@0.5,0.945170719973703,0.8394049355726134,0.0,119
PARSE_0007.nii.gz,6,grid,boundary_drift_r1_p0.5_mu-0.5,boundary_drift,1,0.5,-0.5,NSD@0.5,0.9669913958710741,0.8885308311415461,0.0,70
PARSE_0007.nii.gz,6,grid,boundary_drift_r1_p0.5_mu+0.0,boundary_drift,1,0.5,0.0,NSD@0.5,0.9799529058973099,0.9036862883246476,0.0,37
PARSE_0007.nii.gz,6,grid,boundary_drift_r1_p0.5_mu+0.5,boundary_drift,1,0.5,0.5,NSD@0.5,0.986102617087746,0.8758643154325649,0.0,20
PARSE_0007.nii.gz,6,grid,boundary_drift_r1_p0.5_mu+1.0,boundary_drift,1,0.5,1.0,NSD@0.5,0.9869086092106172,0.8178475291496791,0.6796875,8
PARSE_0008.nii.gz,7,study,omission,distal_omission,2,0.3,0.0,clDice,0.8648959081119885,0.9217349076228374,0.0,16
PARSE_0008.nii.gz,7,study,drift_neg,boundary_drift,1,0.5,-0.5,NSD@0.5,0.9702431682007016,0.8822334990262515,0.0,79
PARSE_0008.nii.gz,7,study,drift_pos,boundary_drift,1,0.5,0.5,NSD@0.5,0.9868120330215523,0.8783112234835381,0.0,10
PARSE_0008.nii.gz,7,grid,distal_omission_r1_p0.5_mu+0.0,distal_omission,1,0.5,0.0,clDice,0.9090658203394508,0.9572103869467798,0.0,66
PARSE_0008.nii.gz,7,grid,distal_omission_r2_p0.3_mu+0.0,distal_omission,2,0.3,0.0,clDice,0.9116189427312775,0.9437381161846923,0.0,12
PARSE_0008.nii.gz,7,grid,distal_omission_r3_p0.3_mu+0.0,distal_omission,3,0.3,0.0,clDice,0.8267418564962529,0.8892806034225746,0.0,4
PARSE_0008.nii.gz,7,grid,boundary_drift_r1_p0.5_mu-1.0,boundary_drift,1,0.5,-1.0,NSD@0.5,0.9373429617208685,0.8314424866476037,0.0,137
PARSE_0008.nii.gz,7,grid,boundary_drift_r1_p0.5_mu-0.5,boundary_drift,1,0.5,-0.5,NSD@0.5,0.9616246071828329,0.8842320275580329,0.0,84
PARSE_0008.nii.gz,7,grid,boundary_drift_r1_p0.5_mu+0.0,boundary_drift,1,0.5,0.0,NSD@0.5,0.9802661120053753,0.9069079367641026,0.0,45
PARSE_0008.nii.gz,7,grid,boundary_drift_r1_p0.5_mu+0.5,boundary_drift,1,0.5,0.5,NSD@0.5,0.9890506320829285,0.8851193459568181,0.0,18
PARSE_0008.nii.gz,7,grid,boundary_drift_r1_p0.5_mu+1.0,boundary_drift,1,0.5,1.0,NSD@0.5,0.9902398639625849,0.8316984362264246,0.0,6
PARSE_0009.nii.gz,8,study,omission,distal_omission,2,0.3,0.0,clDice,0.8898484729528147,0.9347917200743843,0.0,14
PARSE_0009.nii.gz,8,study,drift_neg,boundary_drift,1,0.5,-0.5,NSD@0.5,0.9659502379784131,0.8779130106613832,0.0,68
PARSE_0009.nii.gz,8,study,drift_pos,boundary_drift,1,0.5,0.5,NSD@0.5,0.9856810747199141,0.8740445941870131,0.0,7
PARSE_0009.nii.gz,8,grid,distal_omission_r1_p0.5_mu+0.0,distal_omission,1,0.5,0.0,clDice,0.9171389186705468,0.9607184637545063,0.0,68
PARSE_0009.nii.gz,8,grid,distal_omission_r2_p0.3_mu+0.0,distal_omission,2,0.3,0.0,clDice,0.8968637853019191,0.9426144938560325,0.0,11
PARSE_0009.nii.gz,8,grid,distal_omission_r3_p0.3_mu+0.0,distal_omission,3,0.3,0.0,clDice,0.9633431085043989,0.9761183592813901,0.0,0
PARSE_0009.nii.gz,8,grid,boundary_drift_r1_p0.5_mu-1.0,boundary_drift,1,0.5,-1.0,NSD@0.5,0.938750809952032,0.8321718860849295,0.0,123
PARSE_0009.nii.gz,8,grid,boundary_drift_r1_p0.5_mu-0.5,boundary_drift,1,0.5,-0.5,NSD@0.5,0.9604093236273061,0.8765671835795793,0.0,87
PARSE_0009.nii.gz,8,grid,boundary_drift_r1_p0.5_mu+0.0,boundary_drift,1,0.5,0.0,NSD@0.5,0.9752523306943479,0.8921577227152593,0.0,47
PARSE_0009.nii.gz,8,grid,boundary_drift_r1_p0.5_mu+0.5,boundary_drift,1,0.5,0.5,NSD@0.5,0.9822701787341052,0.872605561277034,0.0,21
PARSE_0009.nii.gz,8,grid,boundary_drift_r1_p0.5_mu+1.0,boundary_drift,1,0.5,1.0,NSD@0.5,0.9848520138698967,0.8279919008205747,0.57421875,10
PARSE_0010.nii.gz,9,study,omission,distal_omission,2,0.3,0.0,clDice,0.8893694892696723,0.9283308058298508,0.0,18
PARSE_0010.nii.gz,9,study,drift_neg,boundary_drift,1,0.5,-0.5,NSD@0.5,0.9511256357134592,0.8630115011993629,0.0,122
PARSE_0010.nii.gz,9,study,drift_pos,boundary_drift,1,0.5,0.5,NSD@0.5,0.9790499384145495,0.8642892963377689,0.0,31
PARSE_0010.nii.gz,9,grid,distal_omission_r1_p0.5_mu+0.0,distal_omission,1,0.5,0.0,clDice,0.8823660714285715,0.9434538970962812,0.0,75
PARSE_0010.nii.gz,9,grid,distal_omission_r2_p0.3_mu+0.0,distal_omission,2,0.3,0.0,clDice,0.8928077837359722,0.9277401873559802,0.0,20
PARSE_0010.nii.gz,9,grid,distal_omission_r3_p0.3_mu+0.0,distal_omission,3,0.3,0.0,clDice,0.83102784100858,0.875057086160698,2.3500858372371876,3
PARSE_0010.nii.gz,9,grid,boundary_drift_r1_p0.5_mu-1.0,boundary_drift,1,0.5,-1.0,NSD@0.5,0.9270161299972955,0.8315513554528523,0.58984375,187
PARSE_0010.nii.gz,9,grid,boundary_drift_r1_p0.5_mu-0.5,boundary_drift,1,0.5,-0.5,NSD@0.5,0.955732973610973,0.8770930292783627,0.0,138
PARSE_0010.nii.gz,9,grid,boundary_drift_r1_p0.5_mu+0.0,boundary_drift,1,0.5,0.0,NSD@0.5,0.975042266582336,0.8908593408079248,0.0,70
PARSE_0010.nii.gz,9,grid,boundary_drift_r1_p0.5_mu+0.5,boundary_drift,1,0.5,0.5,NSD@0.5,0.9839657383010806,0.8635650667648703,0.58984375,26
PARSE_0010.nii.gz,9,grid,boundary_drift_r1_p0.5_mu+1.0,boundary_drift,1,0.5,1.0,NSD@0.5,0.9811764449578988,0.807423060818591,0.58984375,8
PARSE_0011.nii.gz,10,study,omission,distal_omission,2,0.3,0.0,clDice,0.8206050086784032,0.8920684394160644,0.650390625,17
PARSE_0011.nii.gz,10,study,drift_neg,boundary_drift,1,0.5,-0.5,NSD@0.5,0.9628891381626133,0.8768269616552989,0.0,103
PARSE_0011.nii.gz,10,study,drift_pos,boundary_drift,1,0.5,0.5,NSD@0.5,0.9871433581355173,0.8749020632018804,0.0,25
PARSE_0011.nii.gz,10,grid,distal_omission_r1_p0.5_mu+0.0,distal_omission,1,0.5,0.0,clDice,0.8900945047252362,0.9472614342179559,0.0,91
PARSE_0011.nii.gz,10,grid,distal_omission_r2_p0.3_mu+0.0,distal_omission,2,0.3,0.0,clDice,0.8822043358204571,0.9215027136095194,0.0,17
PARSE_0011.nii.gz,10,grid,distal_omission_r3_p0.3_mu+0.0,distal_omission,3,0.3,0.0,clDice,0.9196524899210721,0.9354603528656045,0.0,2
PARSE_0011.nii.gz,10,grid,boundary_drift_r1_p0.5_mu-1.0,boundary_drift,1,0.5,-1.0,NSD@0.5,0.9335415256527656,0.8398329351832808,0.650390625,183
PARSE_0011.nii.gz,10,grid,boundary_drift_r1_p0.5_mu-0.5,boundary_drift,1,0.5,-0.5,NSD@0.5,0.9604073487726167,0.888937260607727,0.0,101
PARSE_0011.nii.gz,10,grid,boundary_drift_r1_p0.5_mu+0.0,boundary_drift,1,0.5,0.0,NSD@0.5,0.9762376859218043,0.9040385110057693,0.0,55
PARSE_0011.nii.gz,10,grid,boundary_drift_r1_p0.5_mu+0.5,boundary_drift,1,0.5,0.5,NSD@0.5,0.9839022269067841,0.8780388007054674,0.0,26
PARSE_0011.nii.gz,10,grid,boundary_drift_r1_p0.5_mu+1.0,boundary_drift,1,0.5,1.0,NSD@0.5,0.9835692034875713,0.8232663403280751,0.650390625,11
PARSE_0012.nii.gz,11,study,omission,distal_omission,2,0.3,0.0,clDice,0.9354355676913592,0.9521545263612914,0.0,10
PARSE_0012.nii.gz,11,study,drift_neg,boundary_drift,1,0.5,-0.5,NSD@0.5,0.9746122518399465,0.8893802252470117,0.0,60
PARSE_0012.nii.gz,11,study,drift_pos,boundary_drift,1,0.5,0.5,NSD@0.5,0.9882609561883721,0.8806525077207088,0.0,11
PARSE_0012.nii.gz,11,grid,distal_omission_r1_p0.5_mu+0.0,distal_omission,1,0.5,0.0,clDice,0.9209891973930899,0.9606893844514646,0.0,63
PARSE_0012.nii.gz,11,grid,distal_omission_r2_p0.3_mu+0.0,distal_omission,2,0.3,0.0,clDice,0.9016721192293712,0.9322602729888497,0.0,14
PARSE_0012.nii.gz,11,grid,distal_omission_r3_p0.3_mu+0.0,distal_omission,3,0.3,0.0,clDice,0.8859802746796941,0.9189265317222891,0.0,1
PARSE_0012.nii.gz,11,grid,boundary_drift_r1_p0.5_mu-1.0,boundary_drift,1,0.5,-1.0,NSD@0.5,0.9528008949842193,0.8313248428241247,0.0,86
PARSE_0012.nii.gz,11,grid,boundary_drift_r1_p0.5_mu-0.5,boundary_drift,1,0.5,-0.5,NSD@0.5,0.9725972481972242,0.8802420418114276,0.0,59
PARSE_0012.nii.gz,11,grid,boundary_drift_r1_p0.5_mu+0.0,boundary_drift,1,0.5,0.0,NSD@0.5,0.9855776947974477,0.899811709853851,0.0,31
PARSE_0012.nii.gz,11,grid,boundary_drift_r1_p0.5_mu+0.5,boundary_drift,1,0.5,0.5,NSD@0.5,0.9904801606548046,0.877944065466562,0.0,10
PARSE_0012.nii.gz,11,grid,boundary_drift_r1_p0.5_mu+1.0,boundary_drift,1,0.5,1.0,NSD@0.5,0.9882089470043448,0.8276891219510151,0.66796875,1
PARSE_0013.nii.gz,12,study,omission,distal_omission,2,0.3,0.0,clDice,0.9038858476173383,0.9269003727500834,0.0,18
PARSE_0013.nii.gz,12,study,drift_neg,boundary_drift,1,0.5,-0.5,NSD@0.5,0.9849936251367867,0.8880182962640522,0.0,23
PARSE_0013.nii.gz,12,study,drift_pos,boundary_drift,1,0.5,0.5,NSD@0.5,0.9911538167948784,0.8675036056116429,0.0,3
PARSE_0013.nii.gz,12,grid,distal_omission_r1_p0.5_mu+0.0,distal_omission,1,0.5,0.0,clDice,0.9693696734452789,0.9734516354725414,0.0,22
PARSE_0013.nii.gz,12,grid,distal_omission_r2_p0.3_mu+0.0,distal_omission,2,0.3,0.0,clDice,0.9214058636524196,0.9378401665828965,0.0,11
PARSE_0013.nii.gz,12,grid,distal_omission_r3_p0.3_mu+0.0,distal_omission,3,0.3,0.0,clDice,0.8523912430705628,0.8797474322657544,0.671875,6
PARSE_0013.nii.gz,12,grid,boundary_drift_r1_p0.5_mu-1.0,boundary_drift,1,0.5,-1.0,NSD@0.5,0.9708038921809812,0.8398132748984647,0.0,58
PARSE_0013.nii.gz,12,grid,boundary_drift_r1_p0.5_mu-0.5,boundary_drift,1,0.5,-0.5,NSD@0.5,0.9815401492932812,0.8912330312802547,0.0,34
PARSE_0013.nii.gz,12,grid,boundary_drift_r1_p0.5_mu+0.0,boundary_drift,1,0.5,0.0,NSD@0.5,0.9868871449781845,0.911930892100402,0.0,20
PARSE_0013.nii.gz,12,grid,boundary_drift_r1_p0.5_mu+0.5,boundary_drift,1,0.5,0.5,NSD@0.5,0.9901626511334649,0.8862881000709606,0.0,7
PARSE_0013.nii.gz,12,grid,boundary_drift_r1_p0.5_mu+1.0,boundary_drift,1,0.5,1.0,NSD@0.5,0.9904100892479885,0.8305038554641786,0.671875,3
PARSE_0014.nii.gz,13,study,omission,distal_omission,2,0.3,0.0,clDice,0.885271468954089,0.9325122491442379,0.0,8
PARSE_0014.nii.gz,13,study,drift_neg,boundary_drift,1,0.5,-0.5,NSD@0.5,0.9547141706464609,0.8948019668815029,0.0,72
PARSE_0014.nii.gz,13,study,drift_pos,boundary_drift,1,0.5,0.5,NSD@0.5,0.983425187085888,0.8817917627016735,0.0,17
PARSE_0014.nii.gz,13,grid,distal_omission_r1_p0.5_mu+0.0,distal_omission,1,0.5,0.0,clDice,0.8835302157571023,0.9534580825983019,0.0,58
PARSE_0014.nii.gz,13,grid,distal_omission_r2_p0.3_mu+0.0,distal_omission,2,0.3,0.0,clDice,0.8106084243369736,0.8951598437726024,0.0,8
PARSE_0014.nii.gz,13,grid,distal_omission_r3_p0.3_mu+0.0,distal_omission,3,0.3,0.0,clDice,0.9227581009796534,0.939698687798133,0.0,0
PARSE_0014.nii.gz,13,grid,boundary_drift_r1_p0.5_mu-1.0,boundary_drift,1,0.5,-1.0,NSD@0.5,0.9254909330076106,0.8207894883358388,0.6171875,124
PARSE_0014.nii.gz,13,grid,boundary_drift_r1_p0.5_mu-0.5,boundary_drift,1,0.5,-0.5,NSD@0.5,0.9539190160097115,0.8751040349341203,0.0,88
PARSE_0014.nii.gz,13,grid,boundary_drift_r1_p0.5_mu+0.0,boundary_drift,1,0.5,0.0,NSD@0.5,0.9737026625422415,0.9004783438325012,0.0,44
PARSE_0014.nii.gz,13,grid,boundary_drift_r1_p0.5_mu+0.5,boundary_drift,1,0.5,0.5,NSD@0.5,0.9810412577182819,0.8833036286800531,0.0,25
PARSE_0014.nii.gz,13,grid,boundary_drift_r1_p0.5_mu+1.0,boundary_drift,1,0.5,1.0,NSD@0.5,0.9823777325162025,0.8314709502288858,0.6171875,9
PARSE_0015.nii.gz,14,study,omission,distal_omission,2,0.3,0.0,clDice,0.9033610603908838,0.9301706764637692,0.0,23
PARSE_0015.nii.gz,14,study,drift_neg,boundary_drift,1,0.5,-0.5,NSD@0.5,0.976360067938113,0.899024638538471,0.0,57
PARSE_0015.nii.gz,14,study,drift_pos,boundary_drift,1,0.5,0.5,NSD@0.5,0.9925161060390334,0.8996492046371066,0.0,10
PARSE_0015.nii.gz,14,grid,distal_omission_r1_p0.5_mu+0.0,distal_omission,1,0.5,0.0,clDice,0.9378397851575293,0.963589427715221,0.0,33
PARSE_0015.nii.gz,14,grid,distal_omission_r2_p0.3_mu+0.0,distal_omission,2,0.3,0.0,clDice,0.8961949492886802,0.9297364044510745,0.0,18
PARSE_0015.nii.gz,14,grid,distal_omission_r3_p0.3_mu+0.0,distal_omission,3,0.3,0.0,clDice,0.8645052867446257,0.8964338721379458,0.72265625,1
PARSE_0015.nii.gz,14,grid,boundary_drift_r1_p0.5_mu-1.0,boundary_drift,1,0.5,-1.0,NSD@0.5,0.9644342686494215,0.8602401154807591,0.0,80
PARSE_0015.nii.gz,14,grid,boundary_drift_r1_p0.5_mu-0.5,boundary_drift,1,0.5,-0.5,NSD@0.5,0.9794029151368783,0.8989961115553096,0.0,49
PARSE_0015.nii.gz,14,grid,boundary_drift_r1_p0.5_mu+0.0,boundary_drift,1,0.5,0.0,NSD@0.5,0.9890803825246324,0.9150983796488409,0.0,21
PARSE_0015.nii.gz,14,grid,boundary_drift_r1_p0.5_mu+0.5,boundary_drift,1,0.5,0.5,NSD@0.5,0.9941365758552084,0.8991164259607537,0.0,9
PARSE_0015.nii.gz,14,grid,boundary_drift_r1_p0.5_mu+1.0,boundary_drift,1,0.5,1.0,NSD@0.5,0.9952146145705419,0.8576999268845964,0.72265625,6
PARSE_0016.nii.gz,15,study,omission,distal_omission,2,0.3,0.0,clDice,0.8564940962761126,0.9041256841223148,0.0,11
PARSE_0016.nii.gz,15,study,drift_neg,boundary_drift,1,0.5,-0.5,NSD@0.5,0.9537298968056492,0.8893889942456231,0.0,132
PARSE_0016.nii.gz,15,study,drift_pos,boundary_drift,1,0.5,0.5,NSD@0.5,0.9841604626231271,0.8621650909906207,0.6875,29
PARSE_0016.nii.gz,15,grid,distal_omission_r1_p0.5_mu+0.0,distal_omission,1,0.5,0.0,clDice,0.8822550216402175,0.928008372297149,0.0,129
PARSE_0016.nii.gz,15,grid,distal_omission_r2_p0.3_mu+0.0,distal_omission,2,0.3,0.0,clDice,0.8486511202560585,0.8980855489120759,0.0,9
PARSE_0016.nii.gz,15,grid,distal_omission_r3_p0.3_mu+0.0,distal_omission,3,0.3,0.0,clDice,0.8458806004354303,0.882949389948465,3.1850480765602267,0
PARSE_0016.nii.gz,15,grid,boundary_drift_r1_p0.5_mu-1.0,boundary_drift,1,0.5,-1.0,NSD@0.5,0.9183915932112229,0.8319805366823351,0.6875,199
PARSE_0016.nii.gz,15,grid,boundary_drift_r1_p0.5_mu-0.5,boundary_drift,1,0.5,-0.5,NSD@0.5,0.9447886116147453,0.8718779191430518,0.0,149
PARSE_0016.nii.gz,15,grid,boundary_drift_r1_p0.5_mu+0.0,boundary_drift,1,0.5,0.0,NSD@0.5,0.9661744573932368,0.8831998873499466,0.0,91
PARSE_0016.nii.gz,15,grid,boundary_drift_r1_p0.5_mu+0.5,boundary_drift,1,0.5,0.5,NSD@0.5,0.9799314913626719,0.8607669484576046,0.6875,44
PARSE_0016.nii.gz,15,grid,boundary_drift_r1_p0.5_mu+1.0,boundary_drift,1,0.5,1.0,NSD@0.5,0.9838059072073997,0.810949809810095,0.6875,22
PARSE_0017.nii.gz,16,study,omission,distal_omission,2,0.3,0.0,clDice,0.9010766898589032,0.9267311552126837,0.0,22
PARSE_0017.nii.gz,16,study,drift_neg,boundary_drift,1,0.5,-0.5,NSD@0.5,0.9683708102040505,0.8811510990295683,0.0,140
PARSE_0017.nii.gz,16,study,drift_pos,boundary_drift,1,0.5,0.5,NSD@0.5,0.987175551897544,0.8658474161759632,0.0,32
PARSE_0017.nii.gz,16,grid,distal_omission_r1_p0.5_mu+0.0,distal_omission,1,0.5,0.0,clDice,0.9288068806122836,0.94535884851189,0.0,117
PARSE_0017.nii.gz,16,grid,distal_omission_r2_p0.3_mu+0.0,distal_omission,2,0.3,0.0,clDice,0.9121132830537172,0.9337633518015389,0.0,22
PARSE_0017.nii.gz,16,grid,distal_omission_r3_p0.3_mu+0.0,distal_omission,3,0.3,0.0,clDice,0.7865573629769519,0.8329143921700239,6.525229417122086,8
PARSE_0017.nii.gz,16,grid,boundary_drift_r1_p0.5_mu-1.0,boundary_drift,1,0.5,-1.0,NSD@0.5,0.9461080383330619,0.8298146052491209,0.50390625,207
PARSE_0017.nii.gz,16,grid,boundary_drift_r1_p0.5_mu-0.5,boundary_drift,1,0.5,-0.5,NSD@0.5,0.9660377145238519,0.8755411123688044,0.0,133
PARSE_0017.nii.gz,16,grid,boundary_drift_r1_p0.5_mu+0.0,boundary_drift,1,0.5,0.0,NSD@0.5,0.9815835991678918,0.8901595452332721,0.0,74
PARSE_0017.nii.gz,16,grid,boundary_drift_r1_p0.5_mu+0.5,boundary_drift,1,0.5,0.5,NSD@0.5,0.9882003447308368,0.8659024876224966,0.0,41
PARSE_0017.nii.gz,16,grid,boundary_drift_r1_p0.5_mu+1.0,boundary_drift,1,0.5,1.0,NSD@0.5,0.9887294056983936,0.8145359880512102,0.50390625,9
PARSE_0018.nii.gz,17,study,omission,distal_omission,2,0.3,0.0,clDice,0.8028284821575399,0.8931012750278761,0.0,9
PARSE_0018.nii.gz,17,study,drift_neg,boundary_drift,1,0.5,-0.5,NSD@0.5,0.9540969035687703,0.9044997298618437,0.0,87
PARSE_0018.nii.gz,17,study,drift_pos,boundary_drift,1,0.5,0.5,NSD@0.5,0.9829463168539672,0.8908423688389548,0.0,24
PARSE_0018.nii.gz,17,grid,distal_omission_r1_p0.5_mu+0.0,distal_omission,1,0.5,0.0,clDice,0.8335202691876301,0.9418784471715771,0.0,48
PARSE_0018.nii.gz,17,grid,distal_omission_r2_p0.3_mu+0.0,distal_omission,2,0.3,0.0,clDice,0.857680841048172,0.9209205417179657,0.0,8
PARSE_0018.nii.gz,17,grid,distal_omission_r3_p0.3_mu+0.0,distal_omission,3,0.3,0.0,clDice,0.8807748481820278,0.9158429611337625,0.0,1
PARSE_0018.nii.gz,17,grid,boundary_drift_r1_p0.5_mu-1.0,boundary_drift,1,0.5,-1.0,NSD@0.5,0.9317414443368638,0.8529899340875031,0.87109375,146
PARSE_0018.nii.gz,17,grid,boundary_drift_r1_p0.5_mu-0.5,boundary_drift,1,0.5,-0.5,NSD@0.5,0.9619189237520118,0.8958404112794148,0.0,96
PARSE_0018.nii.gz,17,grid,boundary_drift_r1_p0.5_mu+0.0,boundary_drift,1,0.5,0.0,NSD@0.5,0.9796341948993993,0.9075645882287294,0.0,56
PARSE_0018.nii.gz,17,grid,boundary_drift_r1_p0.5_mu+0.5,boundary_drift,1,0.5,0.5,NSD@0.5,0.9887699332280706,0.8865152420800957,0.0,17
PARSE_0018.nii.gz,17,grid,boundary_drift_r1_p0.5_mu+1.0,boundary_drift,1,0.5,1.0,NSD@0.5,0.9895368839022188,0.8384157027690151,0.87109375,5
PARSE_0019.nii.gz,18,study,omission,distal_omission,2,0.3,0.0,clDice,0.9022572032869872,0.9301535216219383,0.0,18
PARSE_0019.nii.gz,18,study,drift_neg,boundary_drift,1,0.5,-0.5,NSD@0.5,0.9510343059215145,0.8725690454363516,0.0,216
PARSE_0019.nii.gz,18,study,drift_pos,boundary_drift,1,0.5,0.5,NSD@0.5,0.9806577455236649,0.8625642819329955,0.537109375,44
PARSE_0019.nii.gz,18,grid,distal_omission_r1_p0.5_mu+0.0,distal_omission,1,0.5,0.0,clDice,0.8635629419577157,0.933397519096151,0.0,117
PARSE_0019.nii.gz,18,grid,distal_omission_r2_p0.3_mu+0.0,distal_omission,2,0.3,0.0,clDice,0.8978625635312957,0.9325217030401549,0.0,11
PARSE_0019.nii.gz,18,grid,distal_omission_r3_p0.3_mu+0.0,distal_omission,3,0.3,0.0,clDice,0.8738706694173721,0.8998703672744514,0.537109375,3
PARSE_0019.nii.gz,18,grid,boundary_drift_r1_p0.5_mu-1.0,boundary_drift,1,0.5,-1.0,NSD@0.5,0.9159168100878011,0.8311071439102126,0.537109375,353
PARSE_0019.nii.gz,18,grid,boundary_drift_r1_p0.5_mu-0.5,boundary_drift,1,0.5,-0.5,NSD@0.5,0.9475244025498438,0.8767436814151977,0.0,238
PARSE_0019.nii.gz,18,grid,boundary_drift_r1_p0.5_mu+0.0,boundary_drift,1,0.5,0.0,NSD@0.5,0.969080000038025,0.8888426352670651,0.0,135
PARSE_0019.nii.gz,18,grid,boundary_drift_r1_p0.5_mu+0.5,boundary_drift,1,0.5,0.5,NSD@0.5,0.9768915140823748,0.8636534955992405,0.537109375,72
PARSE_0019.nii.gz,18,grid,boundary_drift_r1_p0.5_mu+1.0,boundary_drift,1,0.5,1.0,NSD@0.5,0.979952351036964,0.8094958556492137,0.537109375,32
PARSE_0020.nii.gz,19,study,omission,distal_omission,2,0.3,0.0,clDice,0.894643670021749,0.9328851192938905,0.0,14
PARSE_0020.nii.gz,19,study,drift_neg,boundary_drift,1,0.5,-0.5,NSD@0.5,0.9582811731149867,0.8790983333555374,0.0,131
PARSE_0020.nii.gz,19,study,drift_pos,boundary_drift,1,0.5,0.5,NSD@0.5,0.9860189798595362,0.8721318327381354,0.625,29
PARSE_0020.nii.gz,19,grid,distal_omission_r1_p0.5_mu+0.0,distal_omission,1,0.5,0.0,clDice,0.9019745766969803,0.9526012265368113,0.0,86
PARSE_0020.nii.gz,19,grid,distal_omission_r2_p0.3_mu+0.0,distal_omission,2,0.3,0.0,clDice,0.8980991277164322,0.9327132103422734,0.0,17
PARSE_0020.nii.gz,19,grid,distal_omission_r3_p0.3_mu+0.0,distal_omission,3,0.3,0.0,clDice,0.8787070292457669,0.9037589881528261,0.625,1
PARSE_0020.nii.gz,19,grid,boundary_drift_r1_p0.5_mu-1.0,boundary_drift,1,0.5,-1.0,NSD@0.5,0.9279373161770279,0.830564576784037,0.625,208
PARSE_0020.nii.gz,19,grid,boundary_drift_r1_p0.5_mu-0.5,boundary_drift,1,0.5,-0.5,NSD@0.5,0.9573638813340283,0.8795690367194893,0.0,136
PARSE_0020.nii.gz,19,grid,boundary_drift_r1_p0.5_mu+0.0,boundary_drift,1,0.5,0.0,NSD@0.5,0.9752691300961429,0.8944460337307263,0.0,69
PARSE_0020.nii.gz,19,grid,boundary_drift_r1_p0.5_mu+0.5,boundary_drift,1,0.5,0.5,NSD@0.5,0.9821085192950361,0.8716272772033481,0.625,42
PARSE_0020.nii.gz,19,grid,boundary_drift_r1_p0.5_mu+1.0,boundary_drift,1,0.5,1.0,NSD@0.5,0.9820797107980637,0.8179218920693625,0.625,11
PARSE_0021.nii.gz,20,study,omission,distal_omission,2,0.3,0.0,clDice,0.931099248714907,0.9540861597035873,0.0,10
PARSE_0021.nii.gz,20,study,drift_neg,boundary_drift,1,0.5,-0.5,NSD@0.5,0.9735155979851131,0.8887164093994282,0.0,78
PARSE_0021.nii.gz,20,study,drift_pos,boundary_drift,1,0.5,0.5,NSD@0.5,0.9891874899016656,0.8749139838710476,0.0,16
PARSE_0021.nii.gz,20,grid,distal_omission_r1_p0.5_mu+0.0,distal_omission,1,0.5,0.0,clDice,0.9328398716999753,0.9654957239657918,0.0,54
PARSE_0021.nii.gz,20,grid,distal_omission_r2_p0.3_mu+0.0,distal_omission,2,0.3,0.0,clDice,0.9101446353877941,0.9423428663055679,0.0,14
PARSE_0021.nii.gz,20,grid,distal_omission_r3_p0.3_mu+0.0,distal_omission,3,0.3,0.0,clDice,0.8688738950781946,0.8946820727298505,0.62890625,5
PARSE_0021.nii.gz,20,grid,boundary_drift_r1_p0.5_mu-1.0,boundary_drift,1,0.5,-1.0,NSD@0.5,0.9520630915318277,0.8388376523565196,0.62890625,132
PARSE_0021.nii.gz,20,grid,boundary_drift_r1_p0.5_mu-0.5,boundary_drift,1,0.5,-0.5,NSD@0.5,0.9700064258893862,0.886552730699277,0.0,85
PARSE_0021.nii.gz,20,grid,boundary_drift_r1_p0.5_mu+0.0,boundary_drift,1,0.5,0.0,NSD@0.5,0.9807849647666332,0.9013553100444271,0.0,46
PARSE_0021.nii.gz,20,grid,boundary_drift_r1_p0.5_mu+0.5,boundary_drift,1,0.5,0.5,NSD@0.5,0.9878448546345174,0.8766437907848543,0.0,25
PARSE_0021.nii.gz,20,grid,boundary_drift_r1_p0.5_mu+1.0,boundary_drift,1,0.5,1.0,NSD@0.5,0.9878283610455034,0.8215027530381871,0.62890625,5
PARSE_0022.nii.gz,21,study,omission,distal_omission,2,0.3,0.0,clDice,0.9110116828237633,0.9377269539363053,0.0,23
PARSE_0022.nii.gz,21,study,drift_neg,boundary_drift,1,0.5,-0.5,NSD@0.5,0.9794600720898446,0.8729128622443232,0.0,45
PARSE_0022.nii.gz,21,study,drift_pos,boundary_drift,1,0.5,0.5,NSD@0.5,0.9889180884384531,0.8685010011737899,0.0,12
PARSE_0022.nii.gz,21,grid,distal_omission_r1_p0.5_mu+0.0,distal_omission,1,0.5,0.0,clDice,0.9503444144953579,0.9724737861220801,0.0,46
PARSE_0022.nii.gz,21,grid,distal_omission_r2_p0.3_mu+0.0,distal_omission,2,0.3,0.0,clDice,0.9071406298721547,0.9385872857884715,0.0,22
PARSE_0022.nii.gz,21,grid,distal_omission_r3_p0.3_mu+0.0,distal_omission,3,0.3,0.0,clDice,0.8622256849759771,0.9034761122105569,0.0,5
PARSE_0022.nii.gz,21,grid,boundary_drift_r1_p0.5_mu-1.0,boundary_drift,1,0.5,-1.0,NSD@0.5,0.9658503461880558,0.8305300665512143,0.0,79
PARSE_0022.nii.gz,21,grid,boundary_drift_r1_p0.5_mu-0.5,boundary_drift,1,0.5,-0.5,NSD@0.5,0.978691207710046,0.8770649895178197,0.0,46
PARSE_0022.nii.gz,21,grid,boundary_drift_r1_p0.5_mu+0.0,boundary_drift,1,0.5,0.0,NSD@0.5,0.9881898106807625,0.8929673261177237,0.0,18
PARSE_0022.nii.gz,21,grid,boundary_drift_r1_p0.5_mu+0.5,boundary_drift,1,0.5,0.5,NSD@0.5,0.9895338843089106,0.8697600173689496,0.0,8
PARSE_0022.nii.gz,21,grid,boundary_drift_r1_p0.5_mu+1.0,boundary_drift,1,0.5,1.0,NSD@0.5,0.9866261194685482,0.8194761106153511,0.560546875,4
PARSE_0023.nii.gz,22,study,omission,distal_omission,2,0.3,0.0,clDice,0.9332504661280298,0.9461044615803021,0.0,25
PARSE_0023.nii.gz,22,study,drift_neg,boundary_drift,1,0.5,-0.5,NSD@0.5,0.9798861374605841,0.8854425278091246,0.0,50
PARSE_0023.nii.gz,22,study,drift_pos,boundary_drift,1,0.5,0.5,NSD@0.5,0.9902460701998292,0.8764992422877073,0.0,14
PARSE_0023.nii.gz,22,grid,distal_omission_r1_p0.5_mu+0.0,distal_omission,1,0.5,0.0,clDice,0.9591267434808975,0.9730913355876031,0.0,30
PARSE_0023.nii.gz,22,grid,distal_omission_r2_p0.3_mu+0.0,distal_omission,2,0.3,0.0,clDice,0.9214528088475556,0.9425529096148114,0.0,16
PARSE_0023.nii.gz,22,grid,distal_omission_r3_p0.3_mu+0.0,distal_omission,3,0.3,0.0,clDice,0.8542056074766355,0.8822830242127427,1.6972240447294553,8
PARSE_0023.nii.gz,22,grid,boundary_drift_r1_p0.5_mu-1.0,boundary_drift,1,0.5,-1.0,NSD@0.5,0.9700708469647171,0.8492018810438469,0.0,67
PARSE_0023.nii.gz,22,grid,boundary_drift_r1_p0.5_mu-0.5,boundary_drift,1,0.5,-0.5,NSD@0.5,0.9820941837430385,0.8956381277436112,0.0,34
PARSE_0023.nii.gz,22,grid,boundary_drift_r1_p0.5_mu+0.0,boundary_drift,1,0.5,0.0,NSD@0.5,0.9879639425524511,0.9058113097348824,0.0,18
PARSE_0023.nii.gz,22,grid,boundary_drift_r1_p0.5_mu+0.5,boundary_drift,1,0.5,0.5,NSD@0.5,0.9915482892240477,0.8761420806472001,0.0,6
PARSE_0023.nii.gz,22,grid,boundary_drift_r1_p0.5_mu+1.0,boundary_drift,1,0.5,1.0,NSD@0.5,0.9930745874772006,0.8200796882954144,0.61328125,2
PARSE_0024.nii.gz,23,study,omission,distal_omission,2,0.3,0.0,clDice,0.8566063764561619,0.9009165825074785,0.0,25
PARSE_0024.nii.gz,23,study,drift_neg,boundary_drift,1,0.5,-0.5,NSD@0.5,0.9571246882525248,0.878420733524473,0.0,165
PARSE_0024.nii.gz,23,study,drift_pos,boundary_drift,1,0.5,0.5,NSD@0.5,0.9829299727454797,0.8607328905423522,0.556640625,31
PARSE_0024.nii.gz,23,grid,distal_omission_r1_p0.5_mu+0.0,distal_omission,1,0.5,0.0,clDice,0.873485105901008,0.9369612683623089,0.0,141
PARSE_0024.nii.gz,23,grid,distal_omission_r2_p0.3_mu+0.0,distal_omission,2,0.3,0.0,clDice,0.8473306034149733,0.8980272999508677,0.556640625,21
PARSE_0024.nii.gz,23,grid,distal_omission_r3_p0.3_mu+0.0,distal_omission,3,0.3,0.0,clDice,0.8136455806926166,0.8634067906678653,11.538510566998513,0
PARSE_0024.nii.gz,23,grid,boundary_drift_r1_p0.5_mu-1.0,boundary_drift,1,0.5,-1.0,NSD@0.5,0.9154239278609789,0.8325867725734984,0.556640625,343
PARSE_0024.nii.gz,23,grid,boundary_drift_r1_p0.5_mu-0.5,boundary_drift,1,0.5,-0.5,NSD@0.5,0.9473858915730247,0.877173744374903,0.0,224
PARSE_0024.nii.gz,23,grid,boundary_drift_r1_p0.5_mu+0.0,boundary_drift,1,0.5,0.0,NSD@0.5,0.9706112921551535,0.891490168007074,0.0,111
PARSE_0024.nii.gz,23,grid,boundary_drift_r1_p0.5_mu+0.5,boundary_drift,1,0.5,0.5,NSD@0.5,0.979253667095424,0.8654692186154763,0.556640625,47
PARSE_0024.nii.gz,23,grid,boundary_drift_r1_p0.5_mu+1.0,boundary_drift,1,0.5,1.0,NSD@0.5,0.9795304677856528,0.8128671619398803,0.556640625,11
PARSE_0025.nii.gz,24,study,omission,distal_omission,2,0.3,0.0,clDice,0.8225664274020904,0.8982077298769261,0.0,29
PARSE_0025.nii.gz,24,study,drift_neg,boundary_drift,1,0.5,-0.5,NSD@0.5,0.964446913978995,0.8857581826661911,0.0,104
PARSE_0025.nii.gz,24,study,drift_pos,boundary_drift,1,0.5,0.5,NSD@0.5,0.9859942339572337,0.8717325383522909,0.0,20
PARSE_0025.nii.gz,24,grid,distal_omission_r1_p0.5_mu+0.0,distal_omission,1,0.5,0.0,clDice,0.9171347501302912,0.9610811562945699,0.0,58
PARSE_0025.nii.gz,24,grid,distal_omission_r2_p0.3_mu+0.0,distal_omission,2,0.3,0.0,clDice,0.8773488623401573,0.926638848724692,0.0,18
PARSE_0025.nii.gz,24,grid,distal_omission_r3_p0.3_mu+0.0,distal_omission,3,0.3,0.0,clDice,0.8326362444597041,0.8810321578119689,1.3046875,7
PARSE_0025.nii.gz,24,grid,boundary_drift_r1_p0.5_mu-1.0,boundary_drift,1,0.5,-1.0,NSD@0.5,0.9364571702675862,0.8347997896263024,0.65234375,175
PARSE_0025.nii.gz,24,grid,boundary_drift_r1_p0.5_mu-0.5,boundary_drift,1,0.5,-0.5,NSD@0.5,0.9630978735414223,0.8833176067057422,0.0,112
PARSE_0025.nii.gz,24,grid,boundary_drift_r1_p0.5_mu+0.0,boundary_drift,1,0.5,0.0,NSD@0.5,0.9803142042298101,0.9001061037954559,0.0,56
PARSE_0025.nii.gz,24,grid,boundary_drift_r1_p0.5_mu+0.5,boundary_drift,1,0.5,0.5,NSD@0.5,0.9861282045708452,0.8766469444435546,0.0,19
PARSE_0025.nii.gz,24,grid,boundary_drift_r1_p0.5_mu+1.0,boundary_drift,1,0.5,1.0,NSD@0.5,0.9856611726662906,0.8244174881676078,0.65234375,7
PARSE_0026.nii.gz,25,study,omission,distal_omission,2,0.3,0.0,clDice,0.857850472111862,0.9077455650791798,0.0,8
PARSE_0026.nii.gz,25,study,drift_neg,boundary_drift,1,0.5,-0.5,NSD@0.5,0.9480223260810502,0.8984309223115193,0.0,185
PARSE_0026.nii.gz,25,study,drift_pos,boundary_drift,1,0.5,0.5,NSD@0.5,0.9850919256793684,0.8862803216535912,0.0,37
PARSE_0026.nii.gz,25,grid,distal_omission_r1_p0.5_mu+0.0,distal_omission,1,0.5,0.0,clDice,0.8476235098131084,0.9267946047102856,0.0,99
PARSE_0026.nii.gz,25,grid,distal_omission_r2_p0.3_mu+0.0,distal_omission,2,0.3,0.0,clDice,0.865983606557377,0.9129582233418646,0.0,12
PARSE_0026.nii.gz,25,grid,distal_omission_r3_p0.3_mu+0.0,distal_omission,3,0.3,0.0,clDice,0.6907198201928196,0.7846352870932432,19.610999877223705,2
PARSE_0026.nii.gz,25,grid,boundary_drift_r1_p0.5_mu-1.0,boundary_drift,1,0.5,-1.0,NSD@0.5,0.9158737070724663,0.8458172800141712,0.73046875,257
PARSE_0026.nii.gz,25,grid,boundary_drift_r1_p0.5_mu-0.5,boundary_drift,1,0.5,-0.5,NSD@0.5,0.9482373331758559,0.894632240747785,0.0,163
PARSE_0026.nii.gz,25,grid,boundary_drift_r1_p0.5_mu+0.0,boundary_drift,1,0.5,0.0,NSD@0.5,0.9679709331576061,0.912509628018667,0.0,103
PARSE_0026.nii.gz,25,grid,boundary_drift_r1_p0.5_mu+0.5,boundary_drift,1,0.5,0.5,NSD@0.5,0.9825789345837022,0.8945953615967963,0.0,43
PARSE_0026.nii.gz,25,grid,boundary_drift_r1_p0.5_mu+1.0,boundary_drift,1,0.5,1.0,NSD@0.5,0.986540925728531,0.8492300724637681,0.73046875,20
PARSE_0027.nii.gz,26,study,omission,distal_omission,2,0.3,0.0,clDice,0.8823970037453184,0.9158584236127724,0.0,32
PARSE_0027.nii.gz,26,study,drift_neg,boundary_drift,1,0.5,-0.5,NSD@0.5,0.9762782419862753,0.8812447742474916,0.0,98
PARSE_0027.nii.gz,26,study,drift_pos,boundary_drift,1,0.5,0.5,NSD@0.5,0.9901560271326898,0.8797315452660592,0.0,19
PARSE_0027.nii.gz,26,grid,distal_omission_r1_p0.5_mu+0.0,distal_omission,1,0.5,0.0,clDice,0.9467460842709023,0.9655232719553865,0.0,66
PARSE_0027.nii.gz,26,grid,distal_omission_r2_p0.3_mu+0.0,distal_omission,2,0.3,0.0,clDice,0.8995021205974552,0.928147174532627,0.0,24
PARSE_0027.nii.gz,26,grid,distal_omission_r3_p0.3_mu+0.0,distal_omission,3,0.3,0.0,clDice,0.8475427247272376,0.8774016641452345,2.413999291243682,8
PARSE_0027.nii.gz,26,grid,boundary_drift_r1_p0.5_mu-1.0,boundary_drift,1,0.5,-1.0,NSD@0.5,0.9701290066720113,0.8421731369924141,0.609375,105
PARSE_0027.nii.gz,26,grid,boundary_drift_r1_p0.5_mu-0.5,boundary_drift,1,0.5,-0.5,NSD@0.5,0.983410723455196,0.8841773071012573,0.0,58
PARSE_0027.nii.gz,26,grid,boundary_drift_r1_p0.5_mu+0.0,boundary_drift,1,0.5,0.0,NSD@0.5,0.9898676727452909,0.8956503827511844,0.0,29
PARSE_0027.nii.gz,26,grid,boundary_drift_r1_p0.5_mu+0.5,boundary_drift,1,0.5,0.5,NSD@0.5,0.9907780032053922,0.8694295719148867,0.0,10
PARSE_0027.nii.gz,26,grid,boundary_drift_r1_p0.5_mu+1.0,boundary_drift,1,0.5,1.0,NSD@0.5,0.9881821013810039,0.8179953792459322,0.609375,4
PARSE_0028.nii.gz,27,study,omission,distal_omission,2,0.3,0.0,clDice,0.8524118070554355,0.9281441624174813,0.0,17
PARSE_0028.nii.gz,27,study,drift_neg,boundary_drift,1,0.5,-0.5,NSD@0.5,0.9415482249661755,0.8768382103793659,0.0,131
PARSE_0028.nii.gz,27,study,drift_pos,boundary_drift,1,0.5,0.5,NSD@0.5,0.9791670654718695,0.8772877186627297,0.0,34
PARSE_0028.nii.gz,27,grid,distal_omission_r1_p0.5_mu+0.0,distal_omission,1,0.5,0.0,clDice,0.8739756993500989,0.9570495420235191,0.0,58
PARSE_0028.nii.gz,27,grid,distal_omission_r2_p0.3_mu+0.0,distal_omission,2,0.3,0.0,clDice,0.9129100456932415,0.9535033074304797,0.0,5
PARSE_0028.nii.gz,27,grid,distal_omission_r3_p0.3_mu+0.0,distal_omission,3,0.3,0.0,clDice,0.9112765521480773,0.936118199758338,0.0,1
PARSE_0028.nii.gz,27,grid,boundary_drift_r1_p0.5_mu-1.0,boundary_drift,1,0.5,-1.0,NSD@0.5,0.9256904637548302,0.8384797115265056,0.0,145
PARSE_0028.nii.gz,27,grid,boundary_drift_r1_p0.5_mu-0.5,boundary_drift,1,0.5,-0.5,NSD@0.5,0.9515316463026232,0.8751415337107565,0.0,98
PARSE_0028.nii.gz,27,grid,boundary_drift_r1_p0.5_mu+0.0,boundary_drift,1,0.5,0.0,NSD@0.5,0.973419880310382,0.8800961409606315,0.0,52
PARSE_0028.nii.gz,27,grid,boundary_drift_r1_p0.5_mu+0.5,boundary_drift,1,0.5,0.5,NSD@0.5,0.9811447129084752,0.8526765397253525,0.0,23
PARSE_0028.nii.gz,27,grid,boundary_drift_r1_p0.5_mu+1.0,boundary_drift,1,0.5,1.0,NSD@0.5,0.9805646374407266,0.8040628778718258,0.68359375,13
PARSE_0029.nii.gz,28,study,omission,distal_omission,2,0.3,0.0,clDice,0.8745189386266964,0.9164359592037297,0.0,32
PARSE_0029.nii.gz,28,study,drift_neg,boundary_drift,1,0.5,-0.5,NSD@0.5,0.9720133362412644,0.8887150367555019,0.0,98
PARSE_0029.nii.gz,28,study,drift_pos,boundary_drift,1,0.5,0.5,NSD@0.5,0.989275210945724,0.8678847431180087,0.68359375,14
PARSE_0029.nii.gz,28,grid,distal_omission_r1_p0.5_mu+0.0,distal_omission,1,0.5,0.0,clDice,0.9377240357501315,0.9654091025056687,0.0,49
PARSE_0029.nii.gz,28,grid,distal_omission_r2_p0.3_mu+0.0,distal_omission,2,0.3,0.0,clDice,0.907330023106042,0.936423232555263,0.0,25
PARSE_0029.nii.gz,28,grid,distal_omission_r3_p0.3_mu+0.0,distal_omission,3,0.3,0.0,clDice,0.8994305521168606,0.9155696613409312,0.0,3
PARSE_0029.nii.gz,28,grid,boundary_drift_r1_p0.5_mu-1.0,boundary_drift,1,0.5,-1.0,NSD@0.5,0.9486215484362098,0.8433998134306327,0.68359375,159
PARSE_0029.nii.gz,28,grid,boundary_drift_r1_p0.5_mu-0.5,boundary_drift,1,0.5,-0.5,NSD@0.5,0.9678997619406224,0.8881127069487957,0.0,93
PARSE_0029.nii.gz,28,grid,boundary_drift_r1_p0.5_mu+0.0,boundary_drift,1,0.5,0.0,NSD@0.5,0.9813147035106488,0.9015112641318921,0.0,51
PARSE_0029.nii.gz,28,grid,boundary_drift_r1_p0.5_mu+0.5,boundary_drift,1,0.5,0.5,NSD@0.5,0.9884734489716365,0.8761050683325997,0.68359375,18
PARSE_0029.nii.gz,28,grid,boundary_drift_r1_p0.5_mu+1.0,boundary_drift,1,0.5,1.0,NSD@0.5,0.9887190973509691,0.820891678163499,0.68359375,5
PARSE_0030.nii.gz,29,study,omission,distal_omission,2,0.3,0.0,clDice,0.8607626588872682,0.9199248653246385,0.0,17
PARSE_0030.nii.gz,29,study,drift_neg,boundary_drift,1,0.5,-0.5,NSD@0.5,0.9520450370834337,0.902364468197093,0.0,183
PARSE_0030.nii.gz,29,study,drift_pos,boundary_drift,1,0.5,0.5,NSD@0.5,0.9844922303103992,0.8906499012170188,0.0,42
PARSE_0030.nii.gz,29,grid,distal_omission_r1_p0.5_mu+0.0,distal_omission,1,0.5,0.0,clDice,0.8480404551201012,0.9442752033492409,0.0,97
PARSE_0030.nii.gz,29,grid,distal_omission_r2_p0.3_mu+0.0,distal_omission,2,0.3,0.0,clDice,0.8580022559217947,0.9253518692890671,0.0,6
PARSE_0030.nii.gz,29,grid,distal_omission_r3_p0.3_mu+0.0,distal_omission,3,0.3,0.0,clDice,0.8482831261849588,0.8970362032710704,0.0,0
PARSE_0030.nii.gz,29,grid,boundary_drift_r1_p0.5_mu-1.0,boundary_drift,1,0.5,-1.0,NSD@0.5,0.9153110746229224,0.8573783606875318,0.0,299
PARSE_0030.nii.gz,29,grid,boundary_drift_r1_p0.5_mu-0.5,boundary_drift,1,0.5,-0.5,NSD@0.5,0.9485237091149905,0.9014320065555272,0.0,209
PARSE_0030.nii.gz,29,grid,boundary_drift_r1_p0.5_mu+0.0,boundary_drift,1,0.5,0.0,NSD@0.5,0.973159453055181,0.9141019274895252,0.0,121
PARSE_0030.nii.gz,29,grid,boundary_drift_r1_p0.5_mu+0.5,boundary_drift,1,0.5,0.5,NSD@0.5,0.985052266155272,0.8892540297388479,0.0,45
PARSE_0030.nii.gz,29,grid,boundary_drift_r1_p0.5_mu+1.0,boundary_drift,1,0.5,1.0,NSD@0.5,0.9872800427148429,0.8401482745361915,0.806640625,15
PARSE_0031.nii.gz,30,study,omission,distal_omission,2,0.3,0.0,clDice,0.8732837778749453,0.9161296827593792,0.0,9
PARSE_0031.nii.gz,30,study,drift_neg,boundary_drift,1,0.5,-0.5,NSD@0.5,0.9756932058609169,0.8981737566257398,0.0,40
PARSE_0031.nii.gz,30,study,drift_pos,boundary_drift,1,0.5,0.5,NSD@0.5,0.9950247779985556,0.898740984306433,0.0,7
PARSE_0031.nii.gz,30,grid,distal_omission_r1_p0.5_mu+0.0,distal_omission,1,0.5,0.0,clDice,0.9447129167007945,0.9628319050295027,0.0,32
PARSE_0031.nii.gz,30,grid,distal_omission_r2_p0.3_mu+0.0,distal_omission,2,0.3,0.0,clDice,0.9184016118200133,0.9406913879354825,0.0,10
PARSE_0031.nii.gz,30,grid,distal_omission_r3_p0.3_mu+0.0,distal_omission,3,0.3,0.0,clDice,0.8947413571244746,0.9174851210945739,0.0,0
PARSE_0031.nii.gz,30,grid,boundary_drift_r1_p0.5_mu-1.0,boundary_drift,1,0.5,-1.0,NSD@0.5,0.9621395198968906,0.8555421269942537,0.734375,78
PARSE_0031.nii.gz,30,grid,boundary_drift_r1_p0.5_mu-0.5,boundary_drift,1,0.5,-0.5,NSD@0.5,0.9799131457139636,0.8997928613479276,0.0,36
PARSE_0031.nii.gz,30,grid,boundary_drift_r1_p0.5_mu+0.0,boundary_drift,1,0.5,0.0,NSD@0.5,0.98998815544775,0.9171209453511208,0.0,16
PARSE_0031.nii.gz,30,grid,boundary_drift_r1_p0.5_mu+0.5,boundary_drift,1,0.5,0.5,NSD@0.5,0.9937842346719565,0.8996781843514572,0.0,6
PARSE_0031.nii.gz,30,grid,boundary_drift_r1_p0.5_mu+1.0,boundary_drift,1,0.5,1.0,NSD@0.5,0.9951186274590589,0.8575684244994449,0.734375,4
PARSE_0032.nii.gz,31,study,omission,distal_omission,2,0.3,0.0,clDice,0.9009177165966713,0.9240566812500933,0.0,31
PARSE_0032.nii.gz,31,study,drift_neg,boundary_drift,1,0.5,-0.5,NSD@0.5,0.9829615117645274,0.8815117734724293,0.0,64
PARSE_0032.nii.gz,31,study,drift_pos,boundary_drift,1,0.5,0.5,NSD@0.5,0.9931395123075144,0.8773400879261654,0.6484375,9
PARSE_0032.nii.gz,31,grid,distal_omission_r1_p0.5_mu+0.0,distal_omission,1,0.5,0.0,clDice,0.9598115707345797,0.9690130736935277,0.0,53
PARSE_0032.nii.gz,31,grid,distal_omission_r2_p0.3_mu+0.0,distal_omission,2,0.3,0.0,clDice,0.9187452180566182,0.9314667688087678,0.0,36
PARSE_0032.nii.gz,31,grid,distal_omission_r3_p0.3_mu+0.0,distal_omission,3,0.3,0.0,clDice,0.837382767509461,0.8592150463078915,8.563415798581145,4
PARSE_0032.nii.gz,31,grid,boundary_drift_r1_p0.5_mu-1.0,boundary_drift,1,0.5,-1.0,NSD@0.5,0.968992322792066,0.8456576831289605,0.6484375,104
PARSE_0032.nii.gz,31,grid,boundary_drift_r1_p0.5_mu-0.5,boundary_drift,1,0.5,-0.5,NSD@0.5,0.9806080235460598,0.8880253365306532,0.0,62
PARSE_0032.nii.gz,31,grid,boundary_drift_r1_p0.5_mu+0.0,boundary_drift,1,0.5,0.0,NSD@0.5,0.9877185382079712,0.8985570312897835,0.0,33
PARSE_0032.nii.gz,31,grid,boundary_drift_r1_p0.5_mu+0.5,boundary_drift,1,0.5,0.5,NSD@0.5,0.9914787788311245,0.8718247442544058,0.6484375,16
PARSE_0032.nii.gz,31,grid,boundary_drift_r1_p0.5_mu+1.0,boundary_drift,1,0.5,1.0,NSD@0.5,0.9909242274282041,0.8210920417866935,0.6484375,3
PARSE_0033.nii.gz,32,study,omission,distal_omission,2,0.3,0.0,clDice,0.9112963423737248,0.9400705052878966,0.0,16
PARSE_0033.nii.gz,32,study,drift_neg,boundary_drift,1,0.5,-0.5,NSD@0.5,0.9722737302809805,0.896009701411384,0.0,84
PARSE_0033.nii.gz,32,study,drift_pos,boundary_drift,1,0.5,0.5,NSD@0.5,0.9923795295738145,0.8963287838144468,0.0,21
PARSE_0033.nii.gz,32,grid,distal_omission_r1_p0.5_mu+0.0,distal_omission,1,0.5,0.0,clDice,0.9234176047241189,0.960175311224048,0.0,58
PARSE_0033.nii.gz,32,grid,distal_omission_r2_p0.3_mu+0.0,distal_omission,2,0.3,0.0,clDice,0.8908745247148289,0.9275695971825388,0.0,22
PARSE_0033.nii.gz,32,grid,distal_omission_r3_p0.3_mu+0.0,distal_omission,3,0.3,0.0,clDice,0.8707658558616684,0.900485633204511,0.0,3
PARSE_0033.nii.gz,32,grid,boundary_drift_r1_p0.5_mu-1.0,boundary_drift,1,0.5,-1.0,NSD@0.5,0.9552342988018773,0.8541080933303182,0.0,106
PARSE_0033.nii.gz,32,grid,boundary_drift_r1_p0.5_mu-0.5,boundary_drift,1,0.5,-0.5,NSD@0.5,0.9762652271030319,0.8956730469275908,0.0,62
PARSE_0033.nii.gz,32,grid,boundary_drift_r1_p0.5_mu+0.0,boundary_drift,1,0.5,0.0,NSD@0.5,0.9883446745636498,0.9144683639385658,0.0,27
PARSE_0033.nii.gz,32,grid,boundary_drift_r1_p0.5_mu+0.5,boundary_drift,1,0.5,0.5,NSD@0.5,0.9927938648632211,0.898731931975541,0.0,13
PARSE_0033.nii.gz,32,grid,boundary_drift_r1_p0.5_mu+1.0,boundary_drift,1,0.5,1.0,NSD@0.5,0.994534812619081,0.8532092336907549,0.80078125,8
PARSE_0034.nii.gz,33,study,omission,distal_omission,2,0.3,0.0,clDice,0.8818467263635307,0.9186410689952843,0.0,17
PARSE_0034.nii.gz,33,study,drift_neg,boundary_drift,1,0.5,-0.5,NSD@0.5,0.9620439443875873,0.8862416268434656,0.0,118
PARSE_0034.nii.gz,33,study,drift_pos,boundary_drift,1,0.5,0.5,NSD@0.5,0.9891471351963523,0.8844809624090813,0.0,23
PARSE_0034.nii.gz,33,grid,distal_omission_r1_p0.5_mu+0.0,distal_omission,1,0.5,0.0,clDice,0.9058321479374111,0.9480664214866823,0.0,94
PARSE_0034.nii.gz,33,grid,distal_omission_r2_p0.3_mu+0.0,distal_omission,2,0.3,0.0,clDice,0.8865728678130971,0.9223735844626205,0.0,9
PARSE_0034.nii.gz,33,grid,distal_omission_r3_p0.3_mu+0.0,distal_omission,3,0.3,0.0,clDice,0.8592952900699965,0.8950173574911566,0.671875,3
PARSE_0034.nii.gz,33,grid,boundary_drift_r1_p0.5_mu-1.0,boundary_drift,1,0.5,-1.0,NSD@0.5,0.943079570102733,0.8454794501278323,0.671875,163
PARSE_0034.nii.gz,33,grid,boundary_drift_r1_p0.5_mu-0.5,boundary_drift,1,0.5,-0.5,NSD@0.5,0.9669160427234461,0.8900086419837095,0.0,92
PARSE_0034.nii.gz,33,grid,boundary_drift_r1_p0.5_mu+0.0,boundary_drift,1,0.5,0.0,NSD@0.5,0.9818935354326496,0.9045253536767267,0.0,51
PARSE_0034.nii.gz,33,grid,boundary_drift_r1_p0.5_mu+0.5,boundary_drift,1,0.5,0.5,NSD@0.5,0.9879991270959523,0.8747444554333436,0.0,19
PARSE_0034.nii.gz,33,grid,boundary_drift_r1_p0.5_mu+1.0,boundary_drift,1,0.5,1.0,NSD@0.5,0.9892459355489021,0.8196730281677296,0.671875,9
PARSE_0035.nii.gz,34,study,omission,distal_omission,2,0.3,0.0,clDice,0.9050019018638266,0.9356178950022472,0.0,11
PARSE_0035.nii.gz,34,study,drift_neg,boundary_drift,1,0.5,-0.5,NSD@0.5,0.9663282700774943,0.8827596803933621,0.0,106
PARSE_0035.nii.gz,34,study,drift_pos,boundary_drift,1,0.5,0.5,NSD@0.5,0.9885161916908823,0.8798964290851732,0.0,18
PARSE_0035.nii.gz,34,grid,distal_omission_r1_p0.5_mu+0.0,distal_omission,1,0.5,0.0,clDice,0.9171016128273852,0.9593698977399674,0.0,81
PARSE_0035.nii.gz,34,grid,distal_omission_r2_p0.3_mu+0.0,distal_omission,2,0.3,0.0,clDice,0.8941176470588235,0.9257041203054043,0.0,19
PARSE_0035.nii.gz,34,grid,distal_omission_r3_p0.3_mu+0.0,distal_omission,3,0.3,0.0,clDice,0.834750050597045,0.878505589048521,2.1734200888950346,4
PARSE_0035.nii.gz,34,grid,boundary_drift_r1_p0.5_mu-1.0,boundary_drift,1,0.5,-1.0,NSD@0.5,0.9484206182304816,0.8405945053295301,0.6015625,158
PARSE_0035.nii.gz,34,grid,boundary_drift_r1_p0.5_mu-0.5,boundary_drift,1,0.5,-0.5,NSD@0.5,0.9706981191562049,0.8836873314793303,0.0,94
PARSE_0035.nii.gz,34,grid,boundary_drift_r1_p0.5_mu+0.0,boundary_drift,1,0.5,0.0,NSD@0.5,0.9826481983544226,0.8936991427143535,0.0,53
PARSE_0035.nii.gz,34,grid,boundary_drift_r1_p0.5_mu+0.5,boundary_drift,1,0.5,0.5,NSD@0.5,0.9880831961747739,0.8703969866679883,0.0,20
PARSE_0035.nii.gz,34,grid,boundary_drift_r1_p0.5_mu+1.0,boundary_drift,1,0.5,1.0,NSD@0.5,0.9869138311118251,0.8183575896510632,0.6015625,8
PARSE_0036.nii.gz,35,study,omission,distal_omission,2,0.3,0.0,clDice,0.898361042329914,0.9282537537220451,0.0,21
PARSE_0036.nii.gz,35,study,drift_neg,boundary_drift,1,0.5,-0.5,NSD@0.5,0.9590515767079533,0.9004550833912863,0.0,116
PARSE_0036.nii.gz,35,study,drift_pos,boundary_drift,1,0.5,0.5,NSD@0.5,0.9866799842320625,0.892554140490064,0.0,28
PARSE_0036.nii.gz,35,grid,distal_omission_r1_p0.5_mu+0.0,distal_omission,1,0.5,0.0,clDice,0.9041754632887639,0.9549029630484608,0.0,67
PARSE_0036.nii.gz,35,grid,distal_omission_r2_p0.3_mu+0.0,distal_omission,2,0.3,0.0,clDice,0.8945811642214861,0.929085433240254,0.0,14
PARSE_0036.nii.gz,35,grid,distal_omission_r3_p0.3_mu+0.0,distal_omission,3,0.3,0.0,clDice,0.8589399120664386,0.8967144134126932,1.4375,1
PARSE_0036.nii.gz,35,grid,boundary_drift_r1_p0.5_mu-1.0,boundary_drift,1,0.5,-1.0,NSD@0.5,0.9387807783905198,0.856667407186959,0.71875,152
PARSE_0036.nii.gz,35,grid,boundary_drift_r1_p0.5_mu-0.5,boundary_drift,1,0.5,-0.5,NSD@0.5,0.9652101128318069,0.8957798925968234,0.0,92
PARSE_0036.nii.gz,35,grid,boundary_drift_r1_p0.5_mu+0.0,boundary_drift,1,0.5,0.0,NSD@0.5,0.9831618863052762,0.9084939789864857,0.0,47
PARSE_0036.nii.gz,35,grid,boundary_drift_r1_p0.5_mu+0.5,boundary_drift,1,0.5,0.5,NSD@0.5,0.9906091185534187,0.8873258703631928,0.0,14
PARSE_0036.nii.gz,35,grid,boundary_drift_r1_p0.5_mu+1.0,boundary_drift,1,0.5,1.0,NSD@0.5,0.9931631505387017,0.8458507304974427,0.71875,3
PARSE_0037.nii.gz,36,study,omission,distal_omission,2,0.3,0.0,clDice,0.9082044384667115,0.9358591216771514,0.0,11
PARSE_0037.nii.gz,36,study,drift_neg,boundary_drift,1,0.5,-0.5,NSD@0.5,0.9785292961069603,0.8900317706760973,0.0,48
PARSE_0037.nii.gz,36,study,drift_pos,boundary_drift,1,0.5,0.5,NSD@0.5,0.9931622986154917,0.8943311716860849,0.0,11
PARSE_0037.nii.gz,36,grid,distal_omission_r1_p0.5_mu+0.0,distal_omission,1,0.5,0.0,clDice,0.9494459273639084,0.9754234041476619,0.0,25
PARSE_0037.nii.gz,36,grid,distal_omission_r2_p0.3_mu+0.0,distal_omission,2,0.3,0.0,clDice,0.8980145935856101,0.9379996566318571,0.0,16
PARSE_0037.nii.gz,36,grid,distal_omission_r3_p0.3_mu+0.0,distal_omission,3,0.3,0.0,clDice,0.8878232574070902,0.9214415565646654,0.0,2
PARSE_0037.nii.gz,36,grid,boundary_drift_r1_p0.5_mu-1.0,boundary_drift,1,0.5,-1.0,NSD@0.5,0.9701962988337299,0.855353954989152,0.0,61
PARSE_0037.nii.gz,36,grid,boundary_drift_r1_p0.5_mu-0.5,boundary_drift,1,0.5,-0.5,NSD@0.5,0.98373784885591,0.8943746594447912,0.0,38
PARSE_0037.nii.gz,36,grid,boundary_drift_r1_p0.5_mu+0.0,boundary_drift,1,0.5,0.0,NSD@0.5,0.9915658225771594,0.9128612599805053,0.0,18
PARSE_0037.nii.gz,36,grid,boundary_drift_r1_p0.5_mu+0.5,boundary_drift,1,0.5,0.5,NSD@0.5,0.99593216579644,0.899832539497344,0.0,3
PARSE_0037.nii.gz,36,grid,boundary_drift_r1_p0.5_mu+1.0,boundary_drift,1,0.5,1.0,NSD@0.5,0.9960956284173632,0.8595987963220206,0.0,1
PARSE_0038.nii.gz,37,study,omission,distal_omission,2,0.3,0.0,clDice,0.8626235797550539,0.9259159911435625,0.0,13
PARSE_0038.nii.gz,37,study,drift_neg,boundary_drift,1,0.5,-0.5,NSD@0.5,0.9571593148074377,0.8883929928148132,0.0,80
PARSE_0038.nii.gz,37,study,drift_pos,boundary_drift,1,0.5,0.5,NSD@0.5,0.9812813953452896,0.8682045569620254,0.0,24
PARSE_0038.nii.gz,37,grid,distal_omission_r1_p0.5_mu+0.0,distal_omission,1,0.5,0.0,clDice,0.8979124964255076,0.9591940437001525,0.0,58
PARSE_0038.nii.gz,37,grid,distal_omission_r2_p0.3_mu+0.0,distal_omission,2,0.3,0.0,clDice,0.8784285194616224,0.9321115033034664,0.0,19
PARSE_0038.nii.gz,37,grid,distal_omission_r3_p0.3_mu+0.0,distal_omission,3,0.3,0.0,clDice,0.7793174439781455,0.8553132538290885,1.6500473478055107,2
PARSE_0038.nii.gz,37,grid,boundary_drift_r1_p0.5_mu-1.0,boundary_drift,1,0.5,-1.0,NSD@0.5,0.9316474571882865,0.8391921206160148,0.0,149
PARSE_0038.nii.gz,37,grid,boundary_drift_r1_p0.5_mu-0.5,boundary_drift,1,0.5,-0.5,NSD@0.5,0.9578391146173105,0.883452659869199,0.0,97
PARSE_0038.nii.gz,37,grid,boundary_drift_r1_p0.5_mu+0.0,boundary_drift,1,0.5,0.0,NSD@0.5,0.9771821395198265,0.8969075204150821,0.0,59
PARSE_0038.nii.gz,37,grid,boundary_drift_r1_p0.5_mu+0.5,boundary_drift,1,0.5,0.5,NSD@0.5,0.9845527185670242,0.8724309201856996,0.0,15
PARSE_0038.nii.gz,37,grid,boundary_drift_r1_p0.5_mu+1.0,boundary_drift,1,0.5,1.0,NSD@0.5,0.9843326774983834,0.8201599012627279,0.65625,3
PARSE_0039.nii.gz,38,study,omission,distal_omission,2,0.3,0.0,clDice,0.881344995698308,0.9029047107049257,0.0,10
PARSE_0039.nii.gz,38,study,drift_neg,boundary_drift,1,0.5,-0.5,NSD@0.5,0.9555491382423054,0.8739097892456175,0.0,186
PARSE_0039.nii.gz,38,study,drift_pos,boundary_drift,1,0.5,0.5,NSD@0.5,0.9823187668076561,0.8543816946067562,0.5859375,36
PARSE_0039.nii.gz,38,grid,distal_omission_r1_p0.5_mu+0.0,distal_omission,1,0.5,0.0,clDice,0.9067021686578145,0.9382463712057979,0.0,120
PARSE_0039.nii.gz,38,grid,distal_omission_r2_p0.3_mu+0.0,distal_omission,2,0.3,0.0,clDice,0.90177723033609,0.9196935265556507,0.0,4
PARSE_0039.nii.gz,38,grid,distal_omission_r3_p0.3_mu+0.0,distal_omission,3,0.3,0.0,clDice,0.91412067645626,0.9192825854745088,0.0,2
PARSE_0039.nii.gz,38,grid,boundary_drift_r1_p0.5_mu-1.0,boundary_drift,1,0.5,-1.0,NSD@0.5,0.9237599407933794,0.8273140102954195,0.5859375,300
PARSE_0039.nii.gz,38,grid,boundary_drift_r1_p0.5_mu-0.5,boundary_drift,1,0.5,-0.5,NSD@0.5,0.9503608179122004,0.8700061207968882,0.0,209
PARSE_0039.nii.gz,38,grid,boundary_drift_r1_p0.5_mu+0.0,boundary_drift,1,0.5,0.0,NSD@0.5,0.9709519296145519,0.8805384353612886,0.0,104
PARSE_0039.nii.gz,38,grid,boundary_drift_r1_p0.5_mu+0.5,boundary_drift,1,0.5,0.5,NSD@0.5,0.9793231985231953,0.8556093644323726,0.5859375,60
PARSE_0039.nii.gz,38,grid,boundary_drift_r1_p0.5_mu+1.0,boundary_drift,1,0.5,1.0,NSD@0.5,0.9804085627376017,0.8020230564873576,0.5859375,26
PARSE_0040.nii.gz,39,study,omission,distal_omission,2,0.3,0.0,clDice,0.8937382079669645,0.9283918629220068,0.0,4
PARSE_0040.nii.gz,39,study,drift_neg,boundary_drift,1,0.5,-0.5,NSD@0.5,0.9285210269463857,0.8725121515889676,0.65234375,307
PARSE_0040.nii.gz,39,study,drift_pos,boundary_drift,1,0.5,0.5,NSD@0.5,0.9723701684864464,0.8587020758546395,0.65234375,71
PARSE_0040.nii.gz,39,grid,distal_omission_r1_p0.5_mu+0.0,distal_omission,1,0.5,0.0,clDice,0.8278515389257695,0.9122510994977072,0.0,153
PARSE_0040.nii.gz,39,grid,distal_omission_r2_p0.3_mu+0.0,distal_omission,2,0.3,0.0,clDice,0.879821209718117,0.9128128911138924,0.0,7
PARSE_0040.nii.gz,39,grid,distal_omission_r3_p0.3_mu+0.0,distal_omission,3,0.3,0.0,clDice,0.583978857194933,0.6931858423573705,26.598722315172573,7
PARSE_0040.nii.gz,39,grid,boundary_drift_r1_p0.5_mu-1.0,boundary_drift,1,0.5,-1.0,NSD@0.5,0.8870198547954327,0.8264867316142551,0.65234375,416
PARSE_0040.nii.gz,39,grid,boundary_drift_r1_p0.5_mu-0.5,boundary_drift,1,0.5,-0.5,NSD@0.5,0.9286656658033184,0.8706032733211988,0.65234375,283
PARSE_0040.nii.gz,39,grid,boundary_drift_r1_p0.5_mu+0.0,boundary_drift,1,0.5,0.0,NSD@0.5,0.9575531819786652,0.8826692079567032,0.65234375,174
PARSE_0040.nii.gz,39,grid,boundary_drift_r1_p0.5_mu+0.5,boundary_drift,1,0.5,0.5,NSD@0.5,0.971680555786276,0.8545055625475324,0.65234375,82
PARSE_0040.nii.gz,39,grid,boundary_drift_r1_p0.5_mu+1.0,boundary_drift,1,0.5,1.0,NSD@0.5,0.9737338299837237,0.797889373165432,0.65234375,30
PARSE_0041.nii.gz,40,study,omission,distal_omission,2,0.3,0.0,clDice,0.8701116534814565,0.9094203724386297,0.0,17
PARSE_0041.nii.gz,40,study,drift_neg,boundary_drift,1,0.5,-0.5,NSD@0.5,0.9679683666777479,0.9012294137970748,0.0,93
PARSE_0041.nii.gz,40,study,drift_pos,boundary_drift,1,0.5,0.5,NSD@0.5,0.991438442210396,0.8857704012548431,0.0,17
PARSE_0041.nii.gz,40,grid,distal_omission_r1_p0.5_mu+0.0,distal_omission,1,0.5,0.0,clDice,0.919577230538119,0.953682256921357,0.0,62
PARSE_0041.nii.gz,40,grid,distal_omission_r2_p0.3_mu+0.0,distal_omission,2,0.3,0.0,clDice,0.8978765323992994,0.9270068891111586,0.0,15
PARSE_0041.nii.gz,40,grid,distal_omission_r3_p0.3_mu+0.0,distal_omission,3,0.3,0.0,clDice,0.805716996797533,0.8517597697145854,12.34252614581619,0
PARSE_0041.nii.gz,40,grid,boundary_drift_r1_p0.5_mu-1.0,boundary_drift,1,0.5,-1.0,NSD@0.5,0.9506383756652581,0.8659025702995841,0.7265625,137
PARSE_0041.nii.gz,40,grid,boundary_drift_r1_p0.5_mu-0.5,boundary_drift,1,0.5,-0.5,NSD@0.5,0.9716324293304356,0.9060928714013855,0.0,86
PARSE_0041.nii.gz,40,grid,boundary_drift_r1_p0.5_mu+0.0,boundary_drift,1,0.5,0.0,NSD@0.5,0.984478231219155,0.9143187650874683,0.0,33
PARSE_0041.nii.gz,40,grid,boundary_drift_r1_p0.5_mu+0.5,boundary_drift,1,0.5,0.5,NSD@0.5,0.9918335280920688,0.8872752304921286,0.0,10
PARSE_0041.nii.gz,40,grid,boundary_drift_r1_p0.5_mu+1.0,boundary_drift,1,0.5,1.0,NSD@0.5,0.9936202860826612,0.8400114860570238,0.7265625,6
PARSE_0042.nii.gz,41,study,omission,distal_omission,2,0.3,0.0,clDice,0.8843102562639119,0.9250192422037157,0.0,21
PARSE_0042.nii.gz,41,study,drift_neg,boundary_drift,1,0.5,-0.5,NSD@0.5,0.9616945606994547,0.8865171017211987,0.0,99
PARSE_0042.nii.gz,41,study,drift_pos,boundary_drift,1,0.5,0.5,NSD@0.5,0.9852689857993309,0.8620815857233082,0.609375,34
PARSE_0042.nii.gz,41,grid,distal_omission_r1_p0.5_mu+0.0,distal_omission,1,0.5,0.0,clDice,0.893843368039837,0.949512040150493,0.0,79
PARSE_0042.nii.gz,41,grid,distal_omission_r2_p0.3_mu+0.0,distal_omission,2,0.3,0.0,clDice,0.8759703294807659,0.9197960469443671,0.0,21
PARSE_0042.nii.gz,41,grid,distal_omission_r3_p0.3_mu+0.0,distal_omission,3,0.3,0.0,clDice,0.9082379223680536,0.9308028155166576,0.0,1
PARSE_0042.nii.gz,41,grid,boundary_drift_r1_p0.5_mu-1.0,boundary_drift,1,0.5,-1.0,NSD@0.5,0.9364610899176855,0.8367943694674213,0.609375,163
PARSE_0042.nii.gz,41,grid,boundary_drift_r1_p0.5_mu-0.5,boundary_drift,1,0.5,-0.5,NSD@0.5,0.9637439641696599,0.8808047363842981,0.0,97
PARSE_0042.nii.gz,41,grid,boundary_drift_r1_p0.5_mu+0.0,boundary_drift,1,0.5,0.0,NSD@0.5,0.9782098086709544,0.8920395975354624,0.0,51
PARSE_0042.nii.gz,41,grid,boundary_drift_r1_p0.5_mu+0.5,boundary_drift,1,0.5,0.5,NSD@0.5,0.9861004101164634,0.8646173927443105,0.609375,26
PARSE_0042.nii.gz,41,grid,boundary_drift_r1_p0.5_mu+1.0,boundary_drift,1,0.5,1.0,NSD@0.5,0.9872428195428373,0.8134813075356925,0.609375,7
PARSE_0043.nii.gz,42,study,omission,distal_omission,2,0.3,0.0,clDice,0.8774291011467418,0.9210715412387396,0.0,12
PARSE_0043.nii.gz,42,study,drift_neg,boundary_drift,1,0.5,-0.5,NSD@0.5,0.9653624737656719,0.8780814801159692,0.0,87
PARSE_0043.nii.gz,42,study,drift_pos,boundary_drift,1,0.5,0.5,NSD@0.5,0.9857440948491204,0.8649827070298838,0.0,17
PARSE_0043.nii.gz,42,grid,distal_omission_r1_p0.5_mu+0.0,distal_omission,1,0.5,0.0,clDice,0.9114396058063656,0.9579493356291907,0.0,47
PARSE_0043.nii.gz,42,grid,distal_omission_r2_p0.3_mu+0.0,distal_omission,2,0.3,0.0,clDice,0.878968662140849,0.9276239114777712,0.0,17
PARSE_0043.nii.gz,42,grid,distal_omission_r3_p0.3_mu+0.0,distal_omission,3,0.3,0.0,clDice,0.880120564460885,0.9124313414801472,0.0,3
PARSE_0043.nii.gz,42,grid,boundary_drift_r1_p0.5_mu-1.0,boundary_drift,1,0.5,-1.0,NSD@0.5,0.9360587370985838,0.8296388964906107,0.6484375,128
PARSE_0043.nii.gz,42,grid,boundary_drift_r1_p0.5_mu-0.5,boundary_drift,1,0.5,-0.5,NSD@0.5,0.9605241043503702,0.8815460980409434,0.0,90
PARSE_0043.nii.gz,42,grid,boundary_drift_r1_p0.5_mu+0.0,boundary_drift,1,0.5,0.0,NSD@0.5,0.9792821488341613,0.8996698629749508,0.0,41
PARSE_0043.nii.gz,42,grid,boundary_drift_r1_p0.5_mu+0.5,boundary_drift,1,0.5,0.5,NSD@0.5,0.9850996302528172,0.8756208858424436,0.0,23
PARSE_0043.nii.gz,42,grid,boundary_drift_r1_p0.5_mu+1.0,boundary_drift,1,0.5,1.0,NSD@0.5,0.9873695147425877,0.8196536200888384,0.6484375,7
PARSE_0044.nii.gz,43,study,omission,distal_omission,2,0.3,0.0,clDice,0.8877437489020319,0.9301421586414276,0.0,18
PARSE_0044.nii.gz,43,study,drift_neg,boundary_drift,1,0.5,-0.5,NSD@0.5,0.9649525413245623,0.8846207212332283,0.0,101
PARSE_0044.nii.gz,43,study,drift_pos,boundary_drift,1,0.5,0.5,NSD@0.5,0.9831122260991967,0.8783196118409167,0.0,22
PARSE_0044.nii.gz,43,grid,distal_omission_r1_p0.5_mu+0.0,distal_omission,1,0.5,0.0,clDice,0.9151864755268719,0.9582812242738887,0.0,72
PARSE_0044.nii.gz,43,grid,distal_omission_r2_p0.3_mu+0.0,distal_omission,2,0.3,0.0,clDice,0.8861130659160216,0.9238664044315332,0.0,19
PARSE_0044.nii.gz,43,grid,distal_omission_r3_p0.3_mu+0.0,distal_omission,3,0.3,0.0,clDice,0.844928241303819,0.8898587454809735,0.62890625,3
PARSE_0044.nii.gz,43,grid,boundary_drift_r1_p0.5_mu-1.0,boundary_drift,1,0.5,-1.0,NSD@0.5,0.9367587262541169,0.8409125115569029,0.62890625,168
PARSE_0044.nii.gz,43,grid,boundary_drift_r1_p0.5_mu-0.5,boundary_drift,1,0.5,-0.5,NSD@0.5,0.9616511385960221,0.8839061553112285,0.0,106
PARSE_0044.nii.gz,43,grid,boundary_drift_r1_p0.5_mu+0.0,boundary_drift,1,0.5,0.0,NSD@0.5,0.976722124252874,0.8944053353093738,0.0,64
PARSE_0044.nii.gz,43,grid,boundary_drift_r1_p0.5_mu+0.5,boundary_drift,1,0.5,0.5,NSD@0.5,0.984177682049808,0.8670195361370416,0.0,23
PARSE_0044.nii.gz,43,grid,boundary_drift_r1_p0.5_mu+1.0,boundary_drift,1,0.5,1.0,NSD@0.5,0.9820538080666215,0.8135994743806854,0.62890625,13
PARSE_0045.nii.gz,44,study,omission,distal_omission,2,0.3,0.0,clDice,0.9179452320838999,0.950405765333683,0.0,10
PARSE_0045.nii.gz,44,study,drift_neg,boundary_drift,1,0.5,-0.5,NSD@0.5,0.9485867479527101,0.8861322045414896,0.0,142
PARSE_0045.nii.gz,44,study,drift_pos,boundary_drift,1,0.5,0.5,NSD@0.5,0.9804230911767057,0.8694803776699387,0.0,44
PARSE_0045.nii.gz,44,grid,distal_omission_r1_p0.5_mu+0.0,distal_omission,1,0.5,0.0,clDice,0.8959675022292678,0.9568800616087842,0.0,86
PARSE_0045.nii.gz,44,grid,distal_omission_r2_p0.3_mu+0.0,distal_omission,2,0.3,0.0,clDice,0.8725083476677123,0.926597117145815,0.0,13
PARSE_0045.nii.gz,44,grid,distal_omission_r3_p0.3_mu+0.0,distal_omission,3,0.3,0.0,clDice,0.8664292980671413,0.9064091570522814,0.0,6
PARSE_0045.nii.gz,44,grid,boundary_drift_r1_p0.5_mu-1.0,boundary_drift,1,0.5,-1.0,NSD@0.5,0.9302042254321464,0.8412510748065348,0.609375,191
PARSE_0045.nii.gz,44,grid,boundary_drift_r1_p0.5_mu-0.5,boundary_drift,1,0.5,-0.5,NSD@0.5,0.9553588025516123,0.8847355647844091,0.0,136
PARSE_0045.nii.gz,44,grid,boundary_drift_r1_p0.5_mu+0.0,boundary_drift,1,0.5,0.0,NSD@0.5,0.9742283923906464,0.8930363781003895,0.0,78
PARSE_0045.nii.gz,44,grid,boundary_drift_r1_p0.5_mu+0.5,boundary_drift,1,0.5,0.5,NSD@0.5,0.9836578403314336,0.8636560044574326,0.0,39
PARSE_0045.nii.gz,44,grid,boundary_drift_r1_p0.5_mu+1.0,boundary_drift,1,0.5,1.0,NSD@0.5,0.9839657236044146,0.8078317383738243,0.609375,10
PARSE_0046.nii.gz,45,study,omission,distal_omission,2,0.3,0.0,clDice,0.8635479812421366,0.9155777327303914,0.0,5
PARSE_0046.nii.gz,45,study,drift_neg,boundary_drift,1,0.5,-0.5,NSD@0.5,0.9567398104161117,0.9101543074719255,0.0,74
PARSE_0046.nii.gz,45,study,drift_pos,boundary_drift,1,0.5,0.5,NSD@0.5,0.9865418930844246,0.8957312806158153,0.0,17
PARSE_0046.nii.gz,45,grid,distal_omission_r1_p0.5_mu+0.0,distal_omission,1,0.5,0.0,clDice,0.9063291139240507,0.9569730931598636,0.0,40
PARSE_0046.nii.gz,45,grid,distal_omission_r2_p0.3_mu+0.0,distal_omission,2,0.3,0.0,clDice,0.8788083953960731,0.9302935010482181,0.0,4
PARSE_0046.nii.gz,45,grid,distal_omission_r3_p0.3_mu+0.0,distal_omission,3,0.3,0.0,clDice,0.9172932330827067,0.9451906840896299,0.0,0
PARSE_0046.nii.gz,45,grid,boundary_drift_r1_p0.5_mu-1.0,boundary_drift,1,0.5,-1.0,NSD@0.5,0.9440140935774618,0.8736650882086909,0.0,86
PARSE_0046.nii.gz,45,grid,boundary_drift_r1_p0.5_mu-0.5,boundary_drift,1,0.5,-0.5,NSD@0.5,0.9690349920849134,0.915821344118102,0.0,53
PARSE_0046.nii.gz,45,grid,boundary_drift_r1_p0.5_mu+0.0,boundary_drift,1,0.5,0.0,NSD@0.5,0.9838983880151257,0.9234587326562723,0.0,32
PARSE_0046.nii.gz,45,grid,boundary_drift_r1_p0.5_mu+0.5,boundary_drift,1,0.5,0.5,NSD@0.5,0.9900046770648443,0.8959894714968484,0.0,7
PARSE_0046.nii.gz,45,grid,boundary_drift_r1_p0.5_mu+1.0,boundary_drift,1,0.5,1.0,NSD@0.5,0.9900254310608083,0.8441817746186406,0.923828125,2
PARSE_0047.nii.gz,46,study,omission,distal_omission,2,0.3,0.0,clDice,0.8223783570818833,0.8993632861619528,0.0,21
PARSE_0047.nii.gz,46,study,drift_neg,boundary_drift,1,0.5,-0.5,NSD@0.5,0.9697198458132184,0.8856989669640464,0.0,75
PARSE_0047.nii.gz,46,study,drift_pos,boundary_drift,1,0.5,0.5,NSD@0.5,0.9899245940978693,0.8765068951314909,0.0,16
PARSE_0047.nii.gz,46,grid,distal_omission_r1_p0.5_mu+0.0,distal_omission,1,0.5,0.0,clDice,0.9122998544395925,0.9602492974316434,0.0,58
PARSE_0047.nii.gz,46,grid,distal_omission_r2_p0.3_mu+0.0,distal_omission,2,0.3,0.0,clDice,0.8920738864520912,0.9331620864581586,0.0,14
PARSE_0047.nii.gz,46,grid,distal_omission_r3_p0.3_mu+0.0,distal_omission,3,0.3,0.0,clDice,0.892962962962963,0.9119785170583377,0.0,3
PARSE_0047.nii.gz,46,grid,boundary_drift_r1_p0.5_mu-1.0,boundary_drift,1,0.5,-1.0,NSD@0.5,0.9484182091676596,0.8280702653201069,0.556640625,114
PARSE_0047.nii.gz,46,grid,boundary_drift_r1_p0.5_mu-0.5,boundary_drift,1,0.5,-0.5,NSD@0.5,0.9689470347654375,0.875699275148251,0.0,77
PARSE_0047.nii.gz,46,grid,boundary_drift_r1_p0.5_mu+0.0,boundary_drift,1,0.5,0.0,NSD@0.5,0.9840339080106545,0.8975291684904835,0.0,39
PARSE_0047.nii.gz,46,grid,boundary_drift_r1_p0.5_mu+0.5,boundary_drift,1,0.5,0.5,NSD@0.5,0.9900880252992992,0.8778273931289233,0.0,10
PARSE_0047.nii.gz,46,grid,boundary_drift_r1_p0.5_mu+1.0,boundary_drift,1,0.5,1.0,NSD@0.5,0.9890606102089935,0.8258913940215856,0.556640625,5
PARSE_0048.nii.gz,47,study,omission,distal_omission,2,0.3,0.0,clDice,0.9141145139813581,0.9461696572412643,0.0,18
PARSE_0048.nii.gz,47,study,drift_neg,boundary_drift,1,0.5,-0.5,NSD@0.5,0.956954656959124,0.8876025904573487,0.0,99
PARSE_0048.nii.gz,47,study,drift_pos,boundary_drift,1,0.5,0.5,NSD@0.5,0.9853508739612771,0.8798687247547605,0.0,27
PARSE_0048.nii.gz,47,grid,distal_omission_r1_p0.5_mu+0.0,distal_omission,1,0.5,0.0,clDice,0.9181480498806049,0.9611537949452942,0.0,57
PARSE_0048.nii.gz,47,grid,distal_omission_r2_p0.3_mu+0.0,distal_omission,2,0.3,0.0,clDice,0.8857006217120995,0.9322913732465212,0.0,26
PARSE_0048.nii.gz,47,grid,distal_omission_r3_p0.3_mu+0.0,distal_omission,3,0.3,0.0,clDice,0.8969295279318275,0.9300524515761719,0.0,1
PARSE_0048.nii.gz,47,grid,boundary_drift_r1_p0.5_mu-1.0,boundary_drift,1,0.5,-1.0,NSD@0.5,0.9344487381453321,0.8289674695365221,0.671875,152
PARSE_0048.nii.gz,47,grid,boundary_drift_r1_p0.5_mu-0.5,boundary_drift,1,0.5,-0.5,NSD@0.5,0.9631211688025767,0.8845767789391279,0.0,92
PARSE_0048.nii.gz,47,grid,boundary_drift_r1_p0.5_mu+0.0,boundary_drift,1,0.5,0.0,NSD@0.5,0.9796360928602621,0.9089329253448489,0.0,42
PARSE_0048.nii.gz,47,grid,boundary_drift_r1_p0.5_mu+0.5,boundary_drift,1,0.5,0.5,NSD@0.5,0.9831112031612622,0.8864450590170454,0.0,23
PARSE_0048.nii.gz,47,grid,boundary_drift_r1_p0.5_mu+1.0,boundary_drift,1,0.5,1.0,NSD@0.5,0.9829321571503588,0.8288493247897143,0.671875,7
PARSE_0049.nii.gz,48,study,omission,distal_omission,2,0.3,0.0,clDice,0.8991501194532565,0.9236467094676422,0.0,8
PARSE_0049.nii.gz,48,study,drift_neg,boundary_drift,1,0.5,-0.5,NSD@0.5,0.9501512023569932,0.8931600987866424,0.0,209
PARSE_0049.nii.gz,48,study,drift_pos,boundary_drift,1,0.5,0.5,NSD@0.5,0.9818815049296242,0.8824207513755096,0.71875,53
PARSE_0049.nii.gz,48,grid,distal_omission_r1_p0.5_mu+0.0,distal_omission,1,0.5,0.0,clDice,0.836733849273683,0.9082098781011029,0.0,142
PARSE_0049.nii.gz,48,grid,distal_omission_r2_p0.3_mu+0.0,distal_omission,2,0.3,0.0,clDice,0.8334509234280971,0.8835071775276258,2.2728870682460225,13
PARSE_0049.nii.gz,48,grid,distal_omission_r3_p0.3_mu+0.0,distal_omission,3,0.3,0.0,clDice,0.7998804491695487,0.8390543954719542,13.885756910298953,0
PARSE_0049.nii.gz,48,grid,boundary_drift_r1_p0.5_mu-1.0,boundary_drift,1,0.5,-1.0,NSD@0.5,0.9065260367146456,0.8551244692365332,0.71875,327
PARSE_0049.nii.gz,48,grid,boundary_drift_r1_p0.5_mu-0.5,boundary_drift,1,0.5,-0.5,NSD@0.5,0.9435625475593391,0.8918349646883905,0.0,239
PARSE_0049.nii.gz,48,grid,boundary_drift_r1_p0.5_mu+0.0,boundary_drift,1,0.5,0.0,NSD@0.5,0.9687518059338038,0.9032223555212544,0.0,139
PARSE_0049.nii.gz,48,grid,boundary_drift_r1_p0.5_mu+0.5,boundary_drift,1,0.5,0.5,NSD@0.5,0.9831733547111269,0.8810847615614565,0.71875,62
PARSE_0049.nii.gz,48,grid,boundary_drift_r1_p0.5_mu+1.0,boundary_drift,1,0.5,1.0,NSD@0.5,0.9868109390073774,0.8360177473124061,0.71875,8
PARSE_0050.nii.gz,49,study,omission,distal_omission,2,0.3,0.0,clDice,0.9014471780028943,0.930301848289115,0.0,34
PARSE_0050.nii.gz,49,study,drift_neg,boundary_drift,1,0.5,-0.5,NSD@0.5,0.9757498444299204,0.9049452892761889,0.0,100
PARSE_0050.nii.gz,49,study,drift_pos,boundary_drift,1,0.5,0.5,NSD@0.5,0.9922063523295743,0.8929117085060295,0.0,30
PARSE_0050.nii.gz,49,grid,distal_omission_r1_p0.5_mu+0.0,distal_omission,1,0.5,0.0,clDice,0.9363878380271823,0.9663927571847908,0.0,58
PARSE_0050.nii.gz,49,grid,distal_omission_r2_p0.3_mu+0.0,distal_omission,2,0.3,0.0,clDice,0.9030346820809249,0.9321609587835697,0.0,39
PARSE_0050.nii.gz,49,grid,distal_omission_r3_p0.3_mu+0.0,distal_omission,3,0.3,0.0,clDice,0.8252408403296321,0.8639593433101478,8.295815610331813,12
PARSE_0050.nii.gz,49,grid,boundary_drift_r1_p0.5_mu-1.0,boundary_drift,1,0.5,-1.0,NSD@0.5,0.9521923434646344,0.8644969714488431,0.7734375,173
PARSE_0050.nii.gz,49,grid,boundary_drift_r1_p0.5_mu-0.5,boundary_drift,1,0.5,-0.5,NSD@0.5,0.9710638174005326,0.903722300826587,0.0,116
PARSE_0050.nii.gz,49,grid,boundary_drift_r1_p0.5_mu+0.0,boundary_drift,1,0.5,0.0,NSD@0.5,0.9849057474779458,0.9176293009233866,0.0,49
PARSE_0050.nii.gz,49,grid,boundary_drift_r1_p0.5_mu+0.5,boundary_drift,1,0.5,0.5,NSD@0.5,0.9926003179068887,0.8971610065576582,0.0,21
PARSE_0050.nii.gz,49,grid,boundary_drift_r1_p0.5_mu+1.0,boundary_drift,1,0.5,1.0,NSD@0.5,0.9942349256647449,0.8534909396931771,0.7734375,7
PARSE_0051.nii.gz,50,study,omission,distal_omission,2,0.3,0.0,clDice,0.8753187973705953,0.9098035432168743,0.0,37
PARSE_0051.nii.gz,50,study,drift_neg,boundary_drift,1,0.5,-0.5,NSD@0.5,0.9624775618861157,0.8874436091953495,0.0,168
PARSE_0051.nii.gz,50,study,drift_pos,boundary_drift,1,0.5,0.5,NSD@0.5,0.9875493439706132,0.8754130823879864,0.6328125,27
PARSE_0051.nii.gz,50,grid,distal_omission_r1_p0.5_mu+0.0,distal_omission,1,0.5,0.0,clDice,0.9079938616071428,0.9508831087287652,0.0,124
PARSE_0051.nii.gz,50,grid,distal_omission_r2_p0.3_mu+0.0,distal_omission,2,0.3,0.0,clDice,0.8806263630188409,0.9129761148642146,0.0,40
PARSE_0051.nii.gz,50,grid,distal_omission_r3_p0.3_mu+0.0,distal_omission,3,0.3,0.0,clDice,0.7591154090044389,0.8093137190343865,15.803398698838528,7
PARSE_0051.nii.gz,50,grid,boundary_drift_r1_p0.5_mu-1.0,boundary_drift,1,0.5,-1.0,NSD@0.5,0.9403838795660192,0.8394111201105341,0.6328125,285
PARSE_0051.nii.gz,50,grid,boundary_drift_r1_p0.5_mu-0.5,boundary_drift,1,0.5,-0.5,NSD@0.5,0.9634657556180802,0.8800531975877646,0.6328125,149
PARSE_0051.nii.gz,50,grid,boundary_drift_r1_p0.5_mu+0.0,boundary_drift,1,0.5,0.0,NSD@0.5,0.9784354951638433,0.8917719944431847,0.0,89
PARSE_0051.nii.gz,50,grid,boundary_drift_r1_p0.5_mu+0.5,boundary_drift,1,0.5,0.5,NSD@0.5,0.9854225046561771,0.8671482703619623,0.6328125,41
PARSE_0051.nii.gz,50,grid,boundary_drift_r1_p0.5_mu+1.0,boundary_drift,1,0.5,1.0,NSD@0.5,0.9869943376067041,0.8168127142210437,0.6328125,12
PARSE_0052.nii.gz,51,study,omission,distal_omission,2,0.3,0.0,clDice,0.8295095769311724,0.8872411128578552,0.734375,23
PARSE_0052.nii.gz,51,study,drift_neg,boundary_drift,1,0.5,-0.5,NSD@0.5,0.9652037816697118,0.9056893157907757,0.0,128
PARSE_0052.nii.gz,51,study,drift_pos,boundary_drift,1,0.5,0.5,NSD@0.5,0.9900197967391571,0.8928676061530764,0.0,27
PARSE_0052.nii.gz,51,grid,distal_omission_r1_p0.5_mu+0.0,distal_omission,1,0.5,0.0,clDice,0.9004992338490435,0.9475028131221328,0.0,78
PARSE_0052.nii.gz,51,grid,distal_omission_r2_p0.3_mu+0.0,distal_omission,2,0.3,0.0,clDice,0.8661433377510449,0.9136492947467195,0.0,15
PARSE_0052.nii.gz,51,grid,distal_omission_r3_p0.3_mu+0.0,distal_omission,3,0.3,0.0,clDice,0.8669519152404238,0.9001184038854574,0.734375,1
PARSE_0052.nii.gz,51,grid,boundary_drift_r1_p0.5_mu-1.0,boundary_drift,1,0.5,-1.0,NSD@0.5,0.9459662528857008,0.8589784420747444,0.734375,172
PARSE_0052.nii.gz,51,grid,boundary_drift_r1_p0.5_mu-0.5,boundary_drift,1,0.5,-0.5,NSD@0.5,0.9676850090242669,0.9025978622495929,0.0,102
PARSE_0052.nii.gz,51,grid,boundary_drift_r1_p0.5_mu+0.0,boundary_drift,1,0.5,0.0,NSD@0.5,0.9809887402623101,0.914724069057977,0.0,60
PARSE_0052.nii.gz,51,grid,boundary_drift_r1_p0.5_mu+0.5,boundary_drift,1,0.5,0.5,NSD@0.5,0.9894711789738826,0.8918180621379673,0.0,22
PARSE_0052.nii.gz,51,grid,boundary_drift_r1_p0.5_mu+1.0,boundary_drift,1,0.5,1.0,NSD@0.5,0.9934485548591456,0.8454240488084566,0.734375,7
PARSE_0053.nii.gz,52,study,omission,distal_omission,2,0.3,0.0,clDice,0.9194441613155302,0.9363079874605671,0.0,29
PARSE_0053.nii.gz,52,study,drift_neg,boundary_drift,1,0.5,-0.5,NSD@0.5,0.9734059799407878,0.8902161951421872,0.703125,103
PARSE_0053.nii.gz,52,study,drift_pos,boundary_drift,1,0.5,0.5,NSD@0.5,0.9893022128132233,0.8743380597134881,0.703125,21
PARSE_0053.nii.gz,52,grid,distal_omission_r1_p0.5_mu+0.0,distal_omission,1,0.5,0.0,clDice,0.9380613709973622,0.9578323763293696,0.0,97
PARSE_0053.nii.gz,52,grid,distal_omission_r2_p0.3_mu+0.0,distal_omission,2,0.3,0.0,clDice,0.9148725647412057,0.9320793899434375,0.0,28
PARSE_0053.nii.gz,52,grid,distal_omission_r3_p0.3_mu+0.0,distal_omission,3,0.3,0.0,clDice,0.8715983679262019,0.8881249922438292,9.054765018002952,3
PARSE_0053.nii.gz,52,grid,boundary_drift_r1_p0.5_mu-1.0,boundary_drift,1,0.5,-1.0,NSD@0.5,0.953097891432491,0.8309909332906351,0.703125,194
PARSE_0053.nii.gz,52,grid,boundary_drift_r1_p0.5_mu-0.5,boundary_drift,1,0.5,-0.5,NSD@0.5,0.9716151704698035,0.8783603826134688,0.703125,135
PARSE_0053.nii.gz,52,grid,boundary_drift_r1_p0.5_mu+0.0,boundary_drift,1,0.5,0.0,NSD@0.5,0.9833493419745988,0.8983695004173126,0.0,63
PARSE_0053.nii.gz,52,grid,boundary_drift_r1_p0.5_mu+0.5,boundary_drift,1,0.5,0.5,NSD@0.5,0.9893108614637628,0.8806190204582387,0.703125,24
PARSE_0053.nii.gz,52,grid,boundary_drift_r1_p0.5_mu+1.0,boundary_drift,1,0.5,1.0,NSD@0.5,0.989390348257562,0.8318426995780183,0.703125,8
PARSE_0054.nii.gz,53,study,omission,distal_omission,2,0.3,0.0,clDice,0.8799063597346859,0.9234236005456564,0.0,10
PARSE_0054.nii.gz,53,study,drift_neg,boundary_drift,1,0.5,-0.5,NSD@0.5,0.9507819914206099,0.8815931264210414,0.0,199
PARSE_0054.nii.gz,53,study,drift_pos,boundary_drift,1,0.5,0.5,NSD@0.5,0.9817423789151978,0.86344462109168,0.0,44
PARSE_0054.nii.gz,53,grid,distal_omission_r1_p0.5_mu+0.0,distal_omission,1,0.5,0.0,clDice,0.8753427877458279,0.9386707877001471,0.0,137
PARSE_0054.nii.gz,53,grid,distal_omission_r2_p0.3_mu+0.0,distal_omission,2,0.3,0.0,clDice,0.8832613684988524,0.9273975903614458,0.0,11
PARSE_0054.nii.gz,53,grid,distal_omission_r3_p0.3_mu+0.0,distal_omission,3,0.3,0.0,clDice,0.8712302913537531,0.9015283444327247,0.0,2
PARSE_0054.nii.gz,53,grid,boundary_drift_r1_p0.5_mu-1.0,boundary_drift,1,0.5,-1.0,NSD@0.5,0.9041327863925729,0.8321043384974219,0.0,344
PARSE_0054.nii.gz,53,grid,boundary_drift_r1_p0.5_mu-0.5,boundary_drift,1,0.5,-0.5,NSD@0.5,0.939689307496396,0.8777322007506653,0.0,252
PARSE_0054.nii.gz,53,grid,boundary_drift_r1_p0.5_mu+0.0,boundary_drift,1,0.5,0.0,NSD@0.5,0.9677778360850618,0.8923715875058265,0.0,137
PARSE_0054.nii.gz,53,grid,boundary_drift_r1_p0.5_mu+0.5,boundary_drift,1,0.5,0.5,NSD@0.5,0.978054746439431,0.8668964780075891,0.0,58
PARSE_0054.nii.gz,53,grid,boundary_drift_r1_p0.5_mu+1.0,boundary_drift,1,0.5,1.0,NSD@0.5,0.9801340298910828,0.8135123266406585,0.697265625,16
PARSE_0055.nii.gz,54,study,omission,distal_omission,2,0.3,0.0,clDice,0.8641779851679027,0.9070598954649965,0.0,20
PARSE_0055.nii.gz,54,study,drift_neg,boundary_drift,1,0.5,-0.5,NSD@0.5,0.9518517892280943,0.8867073758137946,0.0,155
PARSE_0055.nii.gz,54,study,drift_pos,boundary_drift,1,0.5,0.5,NSD@0.5,0.9793258685286804,0.8605525603021716,0.64453125,38
PARSE_0055.nii.gz,54,grid,distal_omission_r1_p0.5_mu+0.0,distal_omission,1,0.5,0.0,clDice,0.8742618821489037,0.9322026264485037,0.0,111
PARSE_0055.nii.gz,54,grid,distal_omission_r2_p0.3_mu+0.0,distal_omission,2,0.3,0.0,clDice,0.8874469474371531,0.9191522328592773,0.0,14
PARSE_0055.nii.gz,54,grid,distal_omission_r3_p0.3_mu+0.0,distal_omission,3,0.3,0.0,clDice,0.7756770108231913,0.8286236181452791,12.618013435761734,4
PARSE_0055.nii.gz,54,grid,boundary_drift_r1_p0.5_mu-1.0,boundary_drift,1,0.5,-1.0,NSD@0.5,0.9142471233437093,0.8454229477213445,0.64453125,304
PARSE_0055.nii.gz,54,grid,boundary_drift_r1_p0.5_mu-0.5,boundary_drift,1,0.5,-0.5,NSD@0.5,0.9465513334787665,0.8874982513406389,0.0,204
PARSE_0055.nii.gz,54,grid,boundary_drift_r1_p0.5_mu+0.0,boundary_drift,1,0.5,0.0,NSD@0.5,0.9713172895340699,0.8974839129060538,0.0,110
PARSE_0055.nii.gz,54,grid,boundary_drift_r1_p0.5_mu+0.5,boundary_drift,1,0.5,0.5,NSD@0.5,0.9806734104449472,0.8695860362774047,0.64453125,41
PARSE_0055.nii.gz,54,grid,boundary_drift_r1_p0.5_mu+1.0,boundary_drift,1,0.5,1.0,NSD@0.5,0.9823540862402443,0.8104992134299354,0.64453125,19
PARSE_0056.nii.gz,55,study,omission,distal_omission,2,0.3,0.0,clDice,0.8883903878065269,0.9203655454930705,0.0,36
PARSE_0056.nii.gz,55,study,drift_neg,boundary_drift,1,0.5,-0.5,NSD@0.5,0.9673152777675856,0.8747244216151437,0.60546875,191
PARSE_0056.nii.gz,55,study,drift_pos,boundary_drift,1,0.5,0.5,NSD@0.5,0.9868270504225902,0.862583159687368,0.60546875,45
PARSE_0056.nii.gz,55,grid,distal_omission_r1_p0.5_mu+0.0,distal_omission,1,0.5,0.0,clDice,0.9188882247459653,0.9569845530091072,0.0,102
PARSE_0056.nii.gz,55,grid,distal_omission_r2_p0.3_mu+0.0,distal_omission,2,0.3,0.0,clDice,0.8954503816793893,0.9232086950230067,0.0,43
PARSE_0056.nii.gz,55,grid,distal_omission_r3_p0.3_mu+0.0,distal_omission,3,0.3,0.0,clDice,0.8561219327093347,0.8793145216288458,9.054647055561098,8
PARSE_0056.nii.gz,55,grid,boundary_drift_r1_p0.5_mu-1.0,boundary_drift,1,0.5,-1.0,NSD@0.5,0.9397062465971675,0.8393199584797002,0.60546875,310
PARSE_0056.nii.gz,55,grid,boundary_drift_r1_p0.5_mu-0.5,boundary_drift,1,0.5,-0.5,NSD@0.5,0.9637877344525906,0.8839661215503327,0.60546875,205
PARSE_0056.nii.gz,55,grid,boundary_drift_r1_p0.5_mu+0.0,boundary_drift,1,0.5,0.0,NSD@0.5,0.9804095213043168,0.8954733106395306,0.0,100
PARSE_0056.nii.gz,55,grid,boundary_drift_r1_p0.5_mu+0.5,boundary_drift,1,0.5,0.5,NSD@0.5,0.9863486645368796,0.8674162530748145,0.60546875,37
PARSE_0056.nii.gz,55,grid,boundary_drift_r1_p0.5_mu+1.0,boundary_drift,1,0.5,1.0,NSD@0.5,0.9863721534735772,0.8119277435425245,0.60546875,12
PARSE_0057.nii.gz,56,study,omission,distal_omission,2,0.3,0.0,clDice,0.852975047984645,0.9053801946674774,0.0,19
PARSE_0057.nii.gz,56,study,drift_neg,boundary_drift,1,0.5,-0.5,NSD@0.5,0.9583851716739288,0.881065813411863,0.0,114
PARSE_0057.nii.gz,56,study,drift_pos,boundary_drift,1,0.5,0.5,NSD@0.5,0.9844510040895605,0.8731779285925052,0.0,22
PARSE_0057.nii.gz,56,grid,distal_omission_r1_p0.5_mu+0.0,distal_omission,1,0.5,0.0,clDice,0.8761485143194884,0.9451420105881584,0.0,99
PARSE_0057.nii.gz,56,grid,distal_omission_r2_p0.3_mu+0.0,distal_omission,2,0.3,0.0,clDice,0.8891013384321225,0.9295003019101339,0.0,17
PARSE_0057.nii.gz,56,grid,distal_omission_r3_p0.3_mu+0.0,distal_omission,3,0.3,0.0,clDice,0.8725136111260848,0.9047450318144808,0.0,0
PARSE_0057.nii.gz,56,grid,boundary_drift_r1_p0.5_mu-1.0,boundary_drift,1,0.5,-1.0,NSD@0.5,0.919416726700106,0.8412754389831754,0.6875,215
PARSE_0057.nii.gz,56,grid,boundary_drift_r1_p0.5_mu-0.5,boundary_drift,1,0.5,-0.5,NSD@0.5,0.9517566468470432,0.8877360801900359,0.0,146
PARSE_0057.nii.gz,56,grid,boundary_drift_r1_p0.5_mu+0.0,boundary_drift,1,0.5,0.0,NSD@0.5,0.9732412020226573,0.9000071777448893,0.0,80
PARSE_0057.nii.gz,56,grid,boundary_drift_r1_p0.5_mu+0.5,boundary_drift,1,0.5,0.5,NSD@0.5,0.9831386695750988,0.8721451608673991,0.0,32
PARSE_0057.nii.gz,56,grid,boundary_drift_r1_p0.5_mu+1.0,boundary_drift,1,0.5,1.0,NSD@0.5,0.9850390177621116,0.8177289460128403,0.6875,12
PARSE_0058.nii.gz,57,study,omission,distal_omission,2,0.3,0.0,clDice,0.9172036202465641,0.9391404184606088,0.0,8
PARSE_0058.nii.gz,57,study,drift_neg,boundary_drift,1,0.5,-0.5,NSD@0.5,0.9552043399795451,0.8948655835263287,0.0,234
PARSE_0058.nii.gz,57,study,drift_pos,boundary_drift,1,0.5,0.5,NSD@0.5,0.985358539219115,0.8887769302203982,0.0,45
PARSE_0058.nii.gz,57,grid,distal_omission_r1_p0.5_mu+0.0,distal_omission,1,0.5,0.0,clDice,0.8754013384395188,0.9244150509767487,0.0,165
PARSE_0058.nii.gz,57,grid,distal_omission_r2_p0.3_mu+0.0,distal_omission,2,0.3,0.0,clDice,0.8259903888866454,0.8771620944926594,0.71484375,20
PARSE_0058.nii.gz,57,grid,distal_omission_r3_p0.3_mu+0.0,distal_omission,3,0.3,0.0,clDice,0.8519527702089009,0.8832052605421111,1.0109417262276421,2
PARSE_0058.nii.gz,57,grid,boundary_drift_r1_p0.5_mu-1.0,boundary_drift,1,0.5,-1.0,NSD@0.5,0.928094125412534,0.8559964988416184,0.71484375,306
PARSE_0058.nii.gz,57,grid,boundary_drift_r1_p0.5_mu-0.5,boundary_drift,1,0.5,-0.5,NSD@0.5,0.9569914758799484,0.8998154339660469,0.0,201
PARSE_0058.nii.gz,57,grid,boundary_drift_r1_p0.5_mu+0.0,boundary_drift,1,0.5,0.0,NSD@0.5,0.9735327562082233,0.9102209513759464,0.0,123
PARSE_0058.nii.gz,57,grid,boundary_drift_r1_p0.5_mu+0.5,boundary_drift,1,0.5,0.5,NSD@0.5,0.9830885682926417,0.8842294345784854,0.0,60
PARSE_0058.nii.gz,57,grid,boundary_drift_r1_p0.5_mu+1.0,boundary_drift,1,0.5,1.0,NSD@0.5,0.9873472501417345,0.8359886068421547,0.71484375,21
PARSE_0059.nii.gz,58,study,omission,distal_omission,2,0.3,0.0,clDice,0.8327444051825676,0.8818537416247748,3.5044614422190468,13
PARSE_0059.nii.gz,58,study,drift_neg,boundary_drift,1,0.5,-0.5,NSD@0.5,0.9204170294877387,0.874395272175689,0.59375,418
PARSE_0059.nii.gz,58,study,drift_pos,boundary_drift,1,0.5,0.5,NSD@0.5,0.9685635488062958,0.852275766831095,0.59375,109
PARSE_0059.nii.gz,58,grid,distal_omission_r1_p0.5_mu+0.0,distal_omission,1,0.5,0.0,clDice,0.8037902106343171,0.8940117594860725,0.59375,158
PARSE_0059.nii.gz,58,grid,distal_omission_r2_p0.3_mu+0.0,distal_omission,2,0.3,0.0,clDice,0.8287436473230114,0.8795559010664714,3.5795916753870127,13
PARSE_0059.nii.gz,58,grid,distal_omission_r3_p0.3_mu+0.0,distal_omission,3,0.3,0.0,clDice,0.8363422868046382,0.8725525963760185,11.619790499402303,1
PARSE_0059.nii.gz,58,grid,boundary_drift_r1_p0.5_mu-1.0,boundary_drift,1,0.5,-1.0,NSD@0.5,0.868708810726161,0.8299070922638212,0.59375,586
PARSE_0059.nii.gz,58,grid,boundary_drift_r1_p0.5_mu-0.5,boundary_drift,1,0.5,-0.5,NSD@0.5,0.9187021821899326,0.8749517479523585,0.59375,422
PARSE_0059.nii.gz,58,grid,boundary_drift_r1_p0.5_mu+0.0,boundary_drift,1,0.5,0.0,NSD@0.5,0.9532504312537863,0.8845785695293805,0.59375,224
PARSE_0059.nii.gz,58,grid,boundary_drift_r1_p0.5_mu+0.5,boundary_drift,1,0.5,0.5,NSD@0.5,0.9684982323965353,0.8533680894156478,0.59375,108
PARSE_0059.nii.gz,58,grid,boundary_drift_r1_p0.5_mu+1.0,boundary_drift,1,0.5,1.0,NSD@0.5,0.9701295894724762,0.7920281662087509,0.59375,46
PARSE_0060.nii.gz,59,study,omission,distal_omission,2,0.3,0.0,clDice,0.8617453706026998,0.9036374297619186,0.63671875,21
PARSE_0060.nii.gz,59,study,drift_neg,boundary_drift,1,0.5,-0.5,NSD@0.5,0.9557037521978583,0.8868898847208306,0.63671875,151
PARSE_0060.nii.gz,59,study,drift_pos,boundary_drift,1,0.5,0.5,NSD@0.5,0.9818662670113261,0.8595984511015987,0.63671875,38
PARSE_0060.nii.gz,59,grid,distal_omission_r1_p0.5_mu+0.0,distal_omission,1,0.5,0.0,clDice,0.8770731224318036,0.9403862552921333,0.0,108
PARSE_0060.nii.gz,59,grid,distal_omission_r2_p0.3_mu+0.0,distal_omission,2,0.3,0.0,clDice,0.8817236109056845,0.9175161618293081,0.0,25
PARSE_0060.nii.gz,59,grid,distal_omission_r3_p0.3_mu+0.0,distal_omission,3,0.3,0.0,clDice,0.8377145785293364,0.8674475361667282,15.268977163105474,0
PARSE_0060.nii.gz,59,grid,boundary_drift_r1_p0.5_mu-1.0,boundary_drift,1,0.5,-1.0,NSD@0.5,0.9165601280889593,0.8347616692165817,0.63671875,260
PARSE_0060.nii.gz,59,grid,boundary_drift_r1_p0.5_mu-0.5,boundary_drift,1,0.5,-0.5,NSD@0.5,0.9491389069736806,0.8786438483158467,0.63671875,171
PARSE_0060.nii.gz,59,grid,boundary_drift_r1_p0.5_mu+0.0,boundary_drift,1,0.5,0.0,NSD@0.5,0.9730288003556395,0.8927563598955783,0.0,79
PARSE_0060.nii.gz,59,grid,boundary_drift_r1_p0.5_mu+0.5,boundary_drift,1,0.5,0.5,NSD@0.5,0.9842242553591655,0.8707456477838222,0.63671875,22
PARSE_0060.nii.gz,59,grid,boundary_drift_r1_p0.5_mu+1.0,boundary_drift,1,0.5,1.0,NSD@0.5,0.984067718975568,0.8165226297932271,0.63671875,4
PARSE_0061.nii.gz,60,study,omission,distal_omission,2,0.3,0.0,clDice,0.9181156803054539,0.945945622660016,0.0,20
PARSE_0061.nii.gz,60,study,drift_neg,boundary_drift,1,0.5,-0.5,NSD@0.5,0.9568770831236574,0.885374918869204,0.0,123
PARSE_0061.nii.gz,60,study,drift_pos,boundary_drift,1,0.5,0.5,NSD@0.5,0.986172294962811,0.8691152575273449,0.0,33
PARSE_0061.nii.gz,60,grid,distal_omission_r1_p0.5_mu+0.0,distal_omission,1,0.5,0.0,clDice,0.8963629664719196,0.9594169965737009,0.0,52
PARSE_0061.nii.gz,60,grid,distal_omission_r2_p0.3_mu+0.0,distal_omission,2,0.3,0.0,clDice,0.8933924424741397,0.9352020451722599,0.0,25
PARSE_0061.nii.gz,60,grid,distal_omission_r3_p0.3_mu+0.0,distal_omission,3,0.3,0.0,clDice,0.8314757021845742,0.8722525634244419,1.71846588560844,14
PARSE_0061.nii.gz,60,grid,boundary_drift_r1_p0.5_mu-1.0,boundary_drift,1,0.5,-1.0,NSD@0.5,0.9402907124187873,0.8296066875150349,0.625,178
PARSE_0061.nii.gz,60,grid,boundary_drift_r1_p0.5_mu-0.5,boundary_drift,1,0.5,-0.5,NSD@0.5,0.9664879520188862,0.8825865035980471,0.0,103
PARSE_0061.nii.gz,60,grid,boundary_drift_r1_p0.5_mu+0.0,boundary_drift,1,0.5,0.0,NSD@0.5,0.982086353652517,0.9040381003107975,0.0,57
PARSE_0061.nii.gz,60,grid,boundary_drift_r1_p0.5_mu+0.5,boundary_drift,1,0.5,0.5,NSD@0.5,0.9869119054988581,0.8839841973468638,0.0,29
PARSE_0061.nii.gz,60,grid,boundary_drift_r1_p0.5_mu+1.0,boundary_drift,1,0.5,1.0,NSD@0.5,0.9867647966243764,0.8302295537584837,0.625,7
PARSE_0062.nii.gz,61,study,omission,distal_omission,2,0.3,0.0,clDice,0.8268000000000001,0.89563607254615,0.921875,3
PARSE_0062.nii.gz,61,study,drift_neg,boundary_drift,1,0.5,-0.5,NSD@0.5,0.9509403842563583,0.896209877289488,0.0,108
PARSE_0062.nii.gz,61,study,drift_pos,boundary_drift,1,0.5,0.5,NSD@0.5,0.9899014350398967,0.8910639967490156,0.0,14
PARSE_0062.nii.gz,61,grid,distal_omission_r1_p0.5_mu+0.0,distal_omission,1,0.5,0.0,clDice,0.868550487028643,0.9405837441104666,0.0,62
PARSE_0062.nii.gz,61,grid,distal_omission_r2_p0.3_mu+0.0,distal_omission,2,0.3,0.0,clDice,0.8805343511450382,0.9291469809051389,0.0,5
PARSE_0062.nii.gz,61,grid,distal_omission_r3_p0.3_mu+0.0,distal_omission,3,0.3,0.0,clDice,0.7728033472803347,0.8475168034273088,11.489794599216804,1
PARSE_0062.nii.gz,61,grid,boundary_drift_r1_p0.5_mu-1.0,boundary_drift,1,0.5,-1.0,NSD@0.5,0.9274139299536641,0.8722212293801817,0.0,125
PARSE_0062.nii.gz,61,grid,boundary_drift_r1_p0.5_mu-0.5,boundary_drift,1,0.5,-0.5,NSD@0.5,0.9557943418382158,0.9122360837308694,0.0,88
PARSE_0062.nii.gz,61,grid,boundary_drift_r1_p0.5_mu+0.0,boundary_drift,1,0.5,0.0,NSD@0.5,0.976898369393906,0.9177960018272389,0.0,51
PARSE_0062.nii.gz,61,grid,boundary_drift_r1_p0.5_mu+0.5,boundary_drift,1,0.5,0.5,NSD@0.5,0.9886178583045241,0.8870953165516139,0.0,17
PARSE_0062.nii.gz,61,grid,boundary_drift_r1_p0.5_mu+1.0,boundary_drift,1,0.5,1.0,NSD@0.5,0.9913156331893206,0.8348185699039488,0.921875,6
PARSE_0063.nii.gz,62,study,omission,distal_omission,2,0.3,0.0,clDice,0.9029716792979656,0.9232433066135202,0.0,31
PARSE_0063.nii.gz,62,study,drift_neg,boundary_drift,1,0.5,-0.5,NSD@0.5,0.978486709913965,0.9036776008340429,0.0,76
PARSE_0063.nii.gz,62,study,drift_pos,boundary_drift,1,0.5,0.5,NSD@0.5,0.9933198554890775,0.8933677229182019,0.0,18
PARSE_0063.nii.gz,62,grid,distal_omission_r1_p0.5_mu+0.0,distal_omission,1,0.5,0.0,clDice,0.9341665455602384,0.9551116079066532,0.0,85
PARSE_0063.nii.gz,62,grid,distal_omission_r2_p0.3_mu+0.0,distal_omission,2,0.3,0.0,clDice,0.90215059128786,0.920407191682193,0.0,23
PARSE_0063.nii.gz,62,grid,distal_omission_r3_p0.3_mu+0.0,distal_omission,3,0.3,0.0,clDice,0.841207141728551,0.8656341203539276,9.770077193728564,6
PARSE_0063.nii.gz,62,grid,boundary_drift_r1_p0.5_mu-1.0,boundary_drift,1,0.5,-1.0,NSD@0.5,0.9596308304673611,0.8671889486371221,0.76953125,145
PARSE_0063.nii.gz,62,grid,boundary_drift_r1_p0.5_mu-0.5,boundary_drift,1,0.5,-0.5,NSD@0.5,0.9774289429686048,0.9046722670187959,0.0,91
PARSE_0063.nii.gz,62,grid,boundary_drift_r1_p0.5_mu+0.0,boundary_drift,1,0.5,0.0,NSD@0.5,0.9893157380639217,0.9155985055714775,0.0,42
PARSE_0063.nii.gz,62,grid,boundary_drift_r1_p0.5_mu+0.5,boundary_drift,1,0.5,0.5,NSD@0.5,0.9939993558430048,0.8930565022751976,0.0,15
PARSE_0063.nii.gz,62,grid,boundary_drift_r1_p0.5_mu+1.0,boundary_drift,1,0.5,1.0,NSD@0.5,0.9955343559388244,0.8476378674598163,0.76953125,2
PARSE_0064.nii.gz,63,study,omission,distal_omission,2,0.3,0.0,clDice,0.9379147778785132,0.9310053896136604,0.0,11
PARSE_0064.nii.gz,63,study,drift_neg,boundary_drift,1,0.5,-0.5,NSD@0.5,0.9616271941227941,0.9006913986820883,0.796875,317
PARSE_0064.nii.gz,63,study,drift_pos,boundary_drift,1,0.5,0.5,NSD@0.5,0.9848627847707688,0.8784741053008236,0.796875,91
PARSE_0064.nii.gz,63,grid,distal_omission_r1_p0.5_mu+0.0,distal_omission,1,0.5,0.0,clDice,0.8943295077016007,0.9118241228267073,0.796875,182
PARSE_0064.nii.gz,63,grid,distal_omission_r2_p0.3_mu+0.0,distal_omission,2,0.3,0.0,clDice,0.8927619515699136,0.8835251765418205,4.987508811082442,15
PARSE_0064.nii.gz,63,grid,distal_omission_r3_p0.3_mu+0.0,distal_omission,3,0.3,0.0,clDice,0.8769891483569155,0.841009142665888,20.95188987783978,2
PARSE_0064.nii.gz,63,grid,boundary_drift_r1_p0.5_mu-1.0,boundary_drift,1,0.5,-1.0,NSD@0.5,0.9365704520494155,0.8675698022005979,0.796875,485
PARSE_0064.nii.gz,63,grid,boundary_drift_r1_p0.5_mu-0.5,boundary_drift,1,0.5,-0.5,NSD@0.5,0.9604925249072991,0.9030676270239407,0.796875,333
PARSE_0064.nii.gz,63,grid,boundary_drift_r1_p0.5_mu+0.0,boundary_drift,1,0.5,0.0,NSD@0.5,0.9767506114951375,0.9049611371752678,0.796875,195
PARSE_0064.nii.gz,63,grid,boundary_drift_r1_p0.5_mu+0.5,boundary_drift,1,0.5,0.5,NSD@0.5,0.9861778063921222,0.8772742290596013,0.796875,82
PARSE_0064.nii.gz,63,grid,boundary_drift_r1_p0.5_mu+1.0,boundary_drift,1,0.5,1.0,NSD@0.5,0.9872799763898975,0.8270414362520218,0.796875,26
PARSE_0065.nii.gz,64,study,omission,distal_omission,2,0.3,0.0,clDice,0.8671742183457757,0.9207815345050134,0.0,14
PARSE_0065.nii.gz,64,study,drift_neg,boundary_drift,1,0.5,-0.5,NSD@0.5,0.9541942340601278,0.8851339610679315,0.0,105
PARSE_0065.nii.gz,64,study,drift_pos,boundary_drift,1,0.5,0.5,NSD@0.5,0.9817638770960943,0.8691691643792115,0.0,29
PARSE_0065.nii.gz,64,grid,distal_omission_r1_p0.5_mu+0.0,distal_omission,1,0.5,0.0,clDice,0.9093367492171933,0.958857202479476,0.0,53
PARSE_0065.nii.gz,64,grid,distal_omission_r2_p0.3_mu+0.0,distal_omission,2,0.3,0.0,clDice,0.884895227008149,0.9311577810534304,0.0,15
PARSE_0065.nii.gz,64,grid,distal_omission_r3_p0.3_mu+0.0,distal_omission,3,0.3,0.0,clDice,0.8388514281384953,0.8846430926893613,2.2758340166170745,1
PARSE_0065.nii.gz,64,grid,boundary_drift_r1_p0.5_mu-1.0,boundary_drift,1,0.5,-1.0,NSD@0.5,0.9287681392345012,0.8254957260409158,0.646484375,146
PARSE_0065.nii.gz,64,grid,boundary_drift_r1_p0.5_mu-0.5,boundary_drift,1,0.5,-0.5,NSD@0.5,0.9565846860659498,0.8755115005885761,0.0,98
PARSE_0065.nii.gz,64,grid,boundary_drift_r1_p0.5_mu+0.0,boundary_drift,1,0.5,0.0,NSD@0.5,0.9775177054261274,0.8988727655478288,0.0,55
PARSE_0065.nii.gz,64,grid,boundary_drift_r1_p0.5_mu+0.5,boundary_drift,1,0.5,0.5,NSD@0.5,0.9840618711912504,0.877072295889414,0.0,27
PARSE_0065.nii.gz,64,grid,boundary_drift_r1_p0.5_mu+1.0,boundary_drift,1,0.5,1.0,NSD@0.5,0.9848799369669035,0.8242677476007757,0.646484375,5
PARSE_0066.nii.gz,65,study,omission,distal_omission,2,0.3,0.0,clDice,0.8783951973058057,0.9315094339622642,0.0,17
PARSE_0066.nii.gz,65,study,drift_neg,boundary_drift,1,0.5,-0.5,NSD@0.5,0.9712830930511125,0.8929633054794068,0.0,64
PARSE_0066.nii.gz,65,study,drift_pos,boundary_drift,1,0.5,0.5,NSD@0.5,0.991202556475615,0.89530481025649,0.0,15
PARSE_0066.nii.gz,65,grid,distal_omission_r1_p0.5_mu+0.0,distal_omission,1,0.5,0.0,clDice,0.928596405343031,0.9644409505151466,0.0,57
PARSE_0066.nii.gz,65,grid,distal_omission_r2_p0.3_mu+0.0,distal_omission,2,0.3,0.0,clDice,0.8806897055600205,0.9287520426593274,0.0,13
PARSE_0066.nii.gz,65,grid,distal_omission_r3_p0.3_mu+0.0,distal_omission,3,0.3,0.0,clDice,0.877984473414384,0.908691719286536,0.0,1
PARSE_0066.nii.gz,65,grid,boundary_drift_r1_p0.5_mu-1.0,boundary_drift,1,0.5,-1.0,NSD@0.5,0.9441183399864549,0.8522343174213224,0.0,140
PARSE_0066.nii.gz,65,grid,boundary_drift_r1_p0.5_mu-0.5,boundary_drift,1,0.5,-0.5,NSD@0.5,0.9628156215920998,0.8943224031563254,0.0,97
PARSE_0066.nii.gz,65,grid,boundary_drift_r1_p0.5_mu+0.0,boundary_drift,1,0.5,0.0,NSD@0.5,0.9819745750584893,0.9134325252315055,0.0,46
PARSE_0066.nii.gz,65,grid,boundary_drift_r1_p0.5_mu+0.5,boundary_drift,1,0.5,0.5,NSD@0.5,0.9901602808716646,0.8988897654012505,0.0,21
PARSE_0066.nii.gz,65,grid,boundary_drift_r1_p0.5_mu+1.0,boundary_drift,1,0.5,1.0,NSD@0.5,0.9920055335680282,0.8575086705855328,0.0,10
PARSE_0067.nii.gz,66,study,omission,distal_omission,2,0.3,0.0,clDice,0.8475957620211898,0.9142469251838244,0.0,11
PARSE_0067.nii.gz,66,study,drift_neg,boundary_drift,1,0.5,-0.5,NSD@0.5,0.967130258686165,0.9008105392430501,0.0,67
PARSE_0067.nii.gz,66,study,drift_pos,boundary_drift,1,0.5,0.5,NSD@0.5,0.9892786832540889,0.888834735258775,0.0,13
PARSE_0067.nii.gz,66,grid,distal_omission_r1_p0.5_mu+0.0,distal_omission,1,0.5,0.0,clDice,0.886056005156485,0.9559272740575442,0.0,49
PARSE_0067.nii.gz,66,grid,distal_omission_r2_p0.3_mu+0.0,distal_omission,2,0.3,0.0,clDice,0.8807656328704037,0.9327604866397969,0.0,11
PARSE_0067.nii.gz,66,grid,distal_omission_r3_p0.3_mu+0.0,distal_omission,3,0.3,0.0,clDice,0.8568278700573276,0.8874429568444481,1.0,1
PARSE_0067.nii.gz,66,grid,boundary_drift_r1_p0.5_mu-1.0,boundary_drift,1,0.5,-1.0,NSD@0.5,0.9431409911927532,0.8686993254125291,0.0,108
PARSE_0067.nii.gz,66,grid,boundary_drift_r1_p0.5_mu-0.5,boundary_drift,1,0.5,-0.5,NSD@0.5,0.9653573557660462,0.8992932388602471,0.0,70
PARSE_0067.nii.gz,66,grid,boundary_drift_r1_p0.5_mu+0.0,boundary_drift,1,0.5,0.0,NSD@0.5,0.980779851992347,0.9023001417067017,0.0,39
PARSE_0067.nii.gz,66,grid,boundary_drift_r1_p0.5_mu+0.5,boundary_drift,1,0.5,0.5,NSD@0.5,0.989033013694925,0.8770181132865669,0.0,17
PARSE_0067.nii.gz,66,grid,boundary_drift_r1_p0.5_mu+1.0,boundary_drift,1,0.5,1.0,NSD@0.5,0.9921372790311964,0.8339642567018684,0.73046875,6
PARSE_0068.nii.gz,67,study,omission,distal_omission,2,0.3,0.0,clDice,0.8536305523684642,0.9148670466260771,0.0,13
PARSE_0068.nii.gz,67,study,drift_neg,boundary_drift,1,0.5,-0.5,NSD@0.5,0.9508942431201229,0.8835439285581946,0.0,155
PARSE_0068.nii.gz,67,study,drift_pos,boundary_drift,1,0.5,0.5,NSD@0.5,0.9817380417615512,0.8695824831911485,0.640625,25
PARSE_0068.nii.gz,67,grid,distal_omission_r1_p0.5_mu+0.0,distal_omission,1,0.5,0.0,clDice,0.8573762457114851,0.9460963442555836,0.0,78
PARSE_0068.nii.gz,67,grid,distal_omission_r2_p0.3_mu+0.0,distal_omission,2,0.3,0.0,clDice,0.8314769436400089,0.9061047218106415,0.0,19
PARSE_0068.nii.gz,67,grid,distal_omission_r3_p0.3_mu+0.0,distal_omission,3,0.3,0.0,clDice,0.8807809249479918,0.9116539591275545,0.0,1
PARSE_0068.nii.gz,67,grid,boundary_drift_r1_p0.5_mu-1.0,boundary_drift,1,0.5,-1.0,NSD@0.5,0.9063511540251089,0.8409660602518954,0.640625,258
PARSE_0068.nii.gz,67,grid,boundary_drift_r1_p0.5_mu-0.5,boundary_drift,1,0.5,-0.5,NSD@0.5,0.9447497968402655,0.886135763348428,0.0,170
PARSE_0068.nii.gz,67,grid,boundary_drift_r1_p0.5_mu+0.0,boundary_drift,1,0.5,0.0,NSD@0.5,0.9678056391554505,0.8981224332236031,0.0,88
PARSE_0068.nii.gz,67,grid,boundary_drift_r1_p0.5_mu+0.5,boundary_drift,1,0.5,0.5,NSD@0.5,0.9787317045673237,0.8715763053585879,0.640625,41
PARSE_0068.nii.gz,67,grid,boundary_drift_r1_p0.5_mu+1.0,boundary_drift,1,0.5,1.0,NSD@0.5,0.9775961008755533,0.8172895234096158,0.640625,17
PARSE_0069.nii.gz,68,study,omission,distal_omission,2,0.3,0.0,clDice,0.8468593448940269,0.9073415319985093,0.0,15
PARSE_0069.nii.gz,68,study,drift_neg,boundary_drift,1,0.5,-0.5,NSD@0.5,0.9634767395778572,0.9031633636019156,0.0,78
PARSE_0069.nii.gz,68,study,drift_pos,boundary_drift,1,0.5,0.5,NSD@0.5,0.9895174651678524,0.8824270372979782,0.0,19
PARSE_0069.nii.gz,68,grid,distal_omission_r1_p0.5_mu+0.0,distal_omission,1,0.5,0.0,clDice,0.9126453488372093,0.9568907543538251,0.0,54
PARSE_0069.nii.gz,68,grid,distal_omission_r2_p0.3_mu+0.0,distal_omission,2,0.3,0.0,clDice,0.8850137864222372,0.9286179875249192,0.0,8
PARSE_0069.nii.gz,68,grid,distal_omission_r3_p0.3_mu+0.0,distal_omission,3,0.3,0.0,clDice,0.7962992759452937,0.8613539491447438,9.548601809102161,1
PARSE_0069.nii.gz,68,grid,boundary_drift_r1_p0.5_mu-1.0,boundary_drift,1,0.5,-1.0,NSD@0.5,0.9425200686112982,0.8488935841083589,0.73046875,123
PARSE_0069.nii.gz,68,grid,boundary_drift_r1_p0.5_mu-0.5,boundary_drift,1,0.5,-0.5,NSD@0.5,0.9657692675241024,0.8910302165120152,0.0,62
PARSE_0069.nii.gz,68,grid,boundary_drift_r1_p0.5_mu+0.0,boundary_drift,1,0.5,0.0,NSD@0.5,0.9821513329917484,0.9122702891842691,0.0,39
PARSE_0069.nii.gz,68,grid,boundary_drift_r1_p0.5_mu+0.5,boundary_drift,1,0.5,0.5,NSD@0.5,0.9918868024759055,0.8987277353689568,0.0,13
PARSE_0069.nii.gz,68,grid,boundary_drift_r1_p0.5_mu+1.0,boundary_drift,1,0.5,1.0,NSD@0.5,0.9940533496698158,0.8565677939833279,0.73046875,5
PARSE_0070.nii.gz,69,study,omission,distal_omission,2,0.3,0.0,clDice,0.85978473943115,0.9051657626991305,0.0,33
PARSE_0070.nii.gz,69,study,drift_neg,boundary_drift,1,0.5,-0.5,NSD@0.5,0.9505284612806552,0.8884926614360996,0.0,213
PARSE_0070.nii.gz,69,study,drift_pos,boundary_drift,1,0.5,0.5,NSD@0.5,0.9791179090657154,0.8707532268936308,0.6796875,60
PARSE_0070.nii.gz,69,grid,distal_omission_r1_p0.5_mu+0.0,distal_omission,1,0.5,0.0,clDice,0.881422351233672,0.941032842290364,0.0,89
PARSE_0070.nii.gz,69,grid,distal_omission_r2_p0.3_mu+0.0,distal_omission,2,0.3,0.0,clDice,0.8532529851579065,0.9026040218700769,0.0,19
PARSE_0070.nii.gz,69,grid,distal_omission_r3_p0.3_mu+0.0,distal_omission,3,0.3,0.0,clDice,0.8972276873546772,0.9127198995403278,0.0,1
PARSE_0070.nii.gz,69,grid,boundary_drift_r1_p0.5_mu-1.0,boundary_drift,1,0.5,-1.0,NSD@0.5,0.9143192299168148,0.8272271577035731,0.6796875,294
PARSE_0070.nii.gz,69,grid,boundary_drift_r1_p0.5_mu-0.5,boundary_drift,1,0.5,-0.5,NSD@0.5,0.9468392054764683,0.8789819056061609,0.0,215
PARSE_0070.nii.gz,69,grid,boundary_drift_r1_p0.5_mu+0.0,boundary_drift,1,0.5,0.0,NSD@0.5,0.9714995436539673,0.9021734261828165,0.0,106
PARSE_0070.nii.gz,69,grid,boundary_drift_r1_p0.5_mu+0.5,boundary_drift,1,0.5,0.5,NSD@0.5,0.9818953302259559,0.8818303055148556,0.0,53
PARSE_0070.nii.gz,69,grid,boundary_drift_r1_p0.5_mu+1.0,boundary_drift,1,0.5,1.0,NSD@0.5,0.9828967936117593,0.8268156424581006,0.6796875,22
PARSE_0071.nii.gz,70,study,omission,distal_omission,2,0.3,0.0,clDice,0.8784724219244263,0.914410948848437,0.0,29
PARSE_0071.nii.gz,70,study,drift_neg,boundary_drift,1,0.5,-0.5,NSD@0.5,0.9642319917741388,0.8871260793197138,0.0,93
PARSE_0071.nii.gz,70,study,drift_pos,boundary_drift,1,0.5,0.5,NSD@0.5,0.9871769685191308,0.8702318077397735,0.646484375,17
PARSE_0071.nii.gz,70,grid,distal_omission_r1_p0.5_mu+0.0,distal_omission,1,0.5,0.0,clDice,0.9169073539213508,0.9547298172423431,0.0,66
PARSE_0071.nii.gz,70,grid,distal_omission_r2_p0.3_mu+0.0,distal_omission,2,0.3,0.0,clDice,0.885650608606206,0.9183300914868996,0.0,26
PARSE_0071.nii.gz,70,grid,distal_omission_r3_p0.3_mu+0.0,distal_omission,3,0.3,0.0,clDice,0.9017796801081325,0.9154490916354098,0.0,2
PARSE_0071.nii.gz,70,grid,boundary_drift_r1_p0.5_mu-1.0,boundary_drift,1,0.5,-1.0,NSD@0.5,0.9460138754634242,0.8435113184724382,0.646484375,146
PARSE_0071.nii.gz,70,grid,boundary_drift_r1_p0.5_mu-0.5,boundary_drift,1,0.5,-0.5,NSD@0.5,0.9687337369347452,0.8850033939564169,0.0,95
PARSE_0071.nii.gz,70,grid,boundary_drift_r1_p0.5_mu+0.0,boundary_drift,1,0.5,0.0,NSD@0.5,0.9840676218365009,0.8919268356381247,0.0,47
PARSE_0071.nii.gz,70,grid,boundary_drift_r1_p0.5_mu+0.5,boundary_drift,1,0.5,0.5,NSD@0.5,0.9898753270683068,0.8640875390521784,0.646484375,15
PARSE_0071.nii.gz,70,grid,boundary_drift_r1_p0.5_mu+1.0,boundary_drift,1,0.5,1.0,NSD@0.5,0.9875099495306664,0.8101836293807009,0.646484375,3
PARSE_0072.nii.gz,71,study,omission,distal_omission,2,0.3,0.0,clDice,0.847385666159029,0.8981248067730505,0.0,23
PARSE_0072.nii.gz,71,study,drift_neg,boundary_drift,1,0.5,-0.5,NSD@0.5,0.9589504909964117,0.8780882295725251,0.0,155
PARSE_0072.nii.gz,71,study,drift_pos,boundary_drift,1,0.5,0.5,NSD@0.5,0.9865049891205248,0.86324984300524,0.0,28
PARSE_0072.nii.gz,71,grid,distal_omission_r1_p0.5_mu+0.0,distal_omission,1,0.5,0.0,clDice,0.8951117009511171,0.9461740536747739,0.0,128
PARSE_0072.nii.gz,71,grid,distal_omission_r2_p0.3_mu+0.0,distal_omission,2,0.3,0.0,clDice,0.886342355196861,0.9159494930282236,0.0,20
PARSE_0072.nii.gz,71,grid,distal_omission_r3_p0.3_mu+0.0,distal_omission,3,0.3,0.0,clDice,0.851519749850554,0.8774357123577241,1.1751256997258845,2
PARSE_0072.nii.gz,71,grid,boundary_drift_r1_p0.5_mu-1.0,boundary_drift,1,0.5,-1.0,NSD@0.5,0.9345896175153875,0.8403430230712168,0.6171875,238
PARSE_0072.nii.gz,71,grid,boundary_drift_r1_p0.5_mu-0.5,boundary_drift,1,0.5,-0.5,NSD@0.5,0.9623487422571086,0.8895424218310917,0.0,149
PARSE_0072.nii.gz,71,grid,boundary_drift_r1_p0.5_mu+0.0,boundary_drift,1,0.5,0.0,NSD@0.5,0.9791103209446477,0.8999512923582528,0.0,78
PARSE_0072.nii.gz,71,grid,boundary_drift_r1_p0.5_mu+0.5,boundary_drift,1,0.5,0.5,NSD@0.5,0.9857738041146223,0.8673273526030547,0.0,26
PARSE_0072.nii.gz,71,grid,boundary_drift_r1_p0.5_mu+1.0,boundary_drift,1,0.5,1.0,NSD@0.5,0.9860861465162901,0.8103650368385801,0.6171875,9
PARSE_0073.nii.gz,72,study,omission,distal_omission,2,0.3,0.0,clDice,0.863751987281399,0.9280157659993776,0.0,18
PARSE_0073.nii.gz,72,study,drift_neg,boundary_drift,1,0.5,-0.5,NSD@0.5,0.965077122143364,0.8757857610148762,0.0,73
PARSE_0073.nii.gz,72,study,drift_pos,boundary_drift,1,0.5,0.5,NSD@0.5,0.9867335739348896,0.8757796345174251,0.0,16
PARSE_0073.nii.gz,72,grid,distal_omission_r1_p0.5_mu+0.0,distal_omission,1,0.5,0.0,clDice,0.9222649475985826,0.969351553186386,0.0,41
PARSE_0073.nii.gz,72,grid,distal_omission_r2_p0.3_mu+0.0,distal_omission,2,0.3,0.0,clDice,0.8900450380493866,0.9430817575551386,0.0,12
PARSE_0073.nii.gz,72,grid,distal_omission_r3_p0.3_mu+0.0,distal_omission,3,0.3,0.0,clDice,0.8973231505052843,0.9291618654523762,0.0,3
PARSE_0073.nii.gz,72,grid,boundary_drift_r1_p0.5_mu-1.0,boundary_drift,1,0.5,-1.0,NSD@0.5,0.9546510556998196,0.8320854840170243,0.0,85
PARSE_0073.nii.gz,72,grid,boundary_drift_r1_p0.5_mu-0.5,boundary_drift,1,0.5,-0.5,NSD@0.5,0.9710819925466252,0.8768296784013876,0.0,64
PARSE_0073.nii.gz,72,grid,boundary_drift_r1_p0.5_mu+0.0,boundary_drift,1,0.5,0.0,NSD@0.5,0.9832891533665663,0.8952497164858726,0.0,35
PARSE_0073.nii.gz,72,grid,boundary_drift_r1_p0.5_mu+0.5,boundary_drift,1,0.5,0.5,NSD@0.5,0.9875178497122337,0.8734297837055266,0.0,15
PARSE_0073.nii.gz,72,grid,boundary_drift_r1_p0.5_mu+1.0,boundary_drift,1,0.5,1.0,NSD@0.5,0.9874052199183474,0.8249071656748123,0.65234375,7
PARSE_0074.nii.gz,73,study,omission,distal_omission,2,0.3,0.0,clDice,0.8363941651799769,0.9030667126707393,0.0,27
PARSE_0074.nii.gz,73,study,drift_neg,boundary_drift,1,0.5,-0.5,NSD@0.5,0.9586247476470712,0.8910473671158139,0.0,130
PARSE_0074.nii.gz,73,study,drift_pos,boundary_drift,1,0.5,0.5,NSD@0.5,0.9830559088778381,0.86742802297612,0.0,26
PARSE_0074.nii.gz,73,grid,distal_omission_r1_p0.5_mu+0.0,distal_omission,1,0.5,0.0,clDice,0.9001636661211129,0.9556167678609532,0.0,71
PARSE_0074.nii.gz,73,grid,distal_omission_r2_p0.3_mu+0.0,distal_omission,2,0.3,0.0,clDice,0.8677048761807505,0.9183532405258571,0.0,19
PARSE_0074.nii.gz,73,grid,distal_omission_r3_p0.3_mu+0.0,distal_omission,3,0.3,0.0,clDice,0.8463219227967953,0.882238876007508,1.3273435200853243,5
PARSE_0074.nii.gz,73,grid,boundary_drift_r1_p0.5_mu-1.0,boundary_drift,1,0.5,-1.0,NSD@0.5,0.9348555266227699,0.8378482298078471,0.6171875,182
PARSE_0074.nii.gz,73,grid,boundary_drift_r1_p0.5_mu-0.5,boundary_drift,1,0.5,-0.5,NSD@0.5,0.9593284769884138,0.885742352039827,0.0,131
PARSE_0074.nii.gz,73,grid,boundary_drift_r1_p0.5_mu+0.0,boundary_drift,1,0.5,0.0,NSD@0.5,0.9763116586700528,0.9011739254338254,0.0,61
PARSE_0074.nii.gz,73,grid,boundary_drift_r1_p0.5_mu+0.5,boundary_drift,1,0.5,0.5,NSD@0.5,0.9824610878136345,0.8733561849922419,0.0,23
PARSE_0074.nii.gz,73,grid,boundary_drift_r1_p0.5_mu+1.0,boundary_drift,1,0.5,1.0,NSD@0.5,0.9835338186143447,0.8174049321166764,0.6171875,8
PARSE_0075.nii.gz,74,study,omission,distal_omission,2,0.3,0.0,clDice,0.889676522051236,0.9266949472571184,0.0,14
PARSE_0075.nii.gz,74,study,drift_neg,boundary_drift,1,0.5,-0.5,NSD@0.5,0.9475420544314517,0.8820245717567621,0.0,163
PARSE_0075.nii.gz,74,study,drift_pos,boundary_drift,1,0.5,0.5,NSD@0.5,0.9771995312140082,0.8756592589253516,0.0,56
PARSE_0075.nii.gz,74,grid,distal_omission_r1_p0.5_mu+0.0,distal_omission,1,0.5,0.0,clDice,0.8630495704506822,0.9411684007370709,0.0,115
PARSE_0075.nii.gz,74,grid,distal_omission_r2_p0.3_mu+0.0,distal_omission,2,0.3,0.0,clDice,0.8811934900542495,0.928738921597055,0.0,16
PARSE_0075.nii.gz,74,grid,distal_omission_r3_p0.3_mu+0.0,distal_omission,3,0.3,0.0,clDice,0.8972953704941407,0.9248758487888923,0.0,3
PARSE_0075.nii.gz,74,grid,boundary_drift_r1_p0.5_mu-1.0,boundary_drift,1,0.5,-1.0,NSD@0.5,0.9173428861568962,0.8402059276125659,0.6484375,247
PARSE_0075.nii.gz,74,grid,boundary_drift_r1_p0.5_mu-0.5,boundary_drift,1,0.5,-0.5,NSD@0.5,0.947101311583741,0.8868363631961699,0.0,170
PARSE_0075.nii.gz,74,grid,boundary_drift_r1_p0.5_mu+0.0,boundary_drift,1,0.5,0.0,NSD@0.5,0.9705664133415255,0.8996441696319197,0.0,104
PARSE_0075.nii.gz,74,grid,boundary_drift_r1_p0.5_mu+0.5,boundary_drift,1,0.5,0.5,NSD@0.5,0.9817124453378232,0.8717994698706059,0.0,49
PARSE_0075.nii.gz,74,grid,boundary_drift_r1_p0.5_mu+1.0,boundary_drift,1,0.5,1.0,NSD@0.5,0.9825798178749747,0.8167314494761335,0.6484375,12
PARSE_0076.nii.gz,75,study,omission,distal_omission,2,0.3,0.0,clDice,0.9247977972810187,0.9500642234248751,0.0,11
PARSE_0076.nii.gz,75,study,drift_neg,boundary_drift,1,0.5,-0.5,NSD@0.5,0.959318371456272,0.8795339136742837,0.0,110
PARSE_0076.nii.gz,75,study,drift_pos,boundary_drift,1,0.5,0.5,NSD@0.5,0.9860510054333969,0.8712439735819971,0.0,17
PARSE_0076.nii.gz,75,grid,distal_omission_r1_p0.5_mu+0.0,distal_omission,1,0.5,0.0,clDice,0.9106125770080205,0.9615603514257864,0.0,58
PARSE_0076.nii.gz,75,grid,distal_omission_r2_p0.3_mu+0.0,distal_omission,2,0.3,0.0,clDice,0.8584652862362973,0.9165234729882847,0.0,21
PARSE_0076.nii.gz,75,grid,distal_omission_r3_p0.3_mu+0.0,distal_omission,3,0.3,0.0,clDice,0.8459549316586626,0.9004811519955692,0.0,0
PARSE_0076.nii.gz,75,grid,boundary_drift_r1_p0.5_mu-1.0,boundary_drift,1,0.5,-1.0,NSD@0.5,0.9377940403086915,0.8426682166347654,0.0,156
PARSE_0076.nii.gz,75,grid,boundary_drift_r1_p0.5_mu-0.5,boundary_drift,1,0.5,-0.5,NSD@0.5,0.9629554463344829,0.8902479713642474,0.0,84
PARSE_0076.nii.gz,75,grid,boundary_drift_r1_p0.5_mu+0.0,boundary_drift,1,0.5,0.0,NSD@0.5,0.9795442233343628,0.9019622591836927,0.0,41
PARSE_0076.nii.gz,75,grid,boundary_drift_r1_p0.5_mu+0.5,boundary_drift,1,0.5,0.5,NSD@0.5,0.9857453906148248,0.8737737122654502,0.0,21
PARSE_0076.nii.gz,75,grid,boundary_drift_r1_p0.5_mu+1.0,boundary_drift,1,0.5,1.0,NSD@0.5,0.9856702097358869,0.8170437330889285,0.61328125,9
PARSE_0077.nii.gz,76,study,omission,distal_omission,2,0.3,0.0,clDice,0.8949099626470425,0.9293916782135323,0.0,17
PARSE_0077.nii.gz,76,study,drift_neg,boundary_drift,1,0.5,-0.5,NSD@0.5,0.9609942224653947,0.8837401796231381,0.0,107
PARSE_0077.nii.gz,76,study,drift_pos,boundary_drift,1,0.5,0.5,NSD@0.5,0.9842577721560151,0.8721829614378721,0.0,32
PARSE_0077.nii.gz,76,grid,distal_omission_r1_p0.5_mu+0.0,distal_omission,1,0.5,0.0,clDice,0.90980090199098,0.9576396807297606,0.0,50
PARSE_0077.nii.gz,76,grid,distal_omission_r2_p0.3_mu+0.0,distal_omission,2,0.3,0.0,clDice,0.8923162894663315,0.923178632817665,0.0,21
PARSE_0077.nii.gz,76,grid,distal_omission_r3_p0.3_mu+0.0,distal_omission,3,0.3,0.0,clDice,0.8132670777704604,0.8563499683848154,8.69053802611318,6
PARSE_0077.nii.gz,76,grid,boundary_drift_r1_p0.5_mu-1.0,boundary_drift,1,0.5,-1.0,NSD@0.5,0.9356971822242441,0.8469617540808865,0.6640625,145
PARSE_0077.nii.gz,76,grid,boundary_drift_r1_p0.5_mu-0.5,boundary_drift,1,0.5,-0.5,NSD@0.5,0.9601244013023429,0.8915811926702382,0.0,103
PARSE_0077.nii.gz,76,grid,boundary_drift_r1_p0.5_mu+0.0,boundary_drift,1,0.5,0.0,NSD@0.5,0.9779427495828737,0.9001238316567998,0.0,56
PARSE_0077.nii.gz,76,grid,boundary_drift_r1_p0.5_mu+0.5,boundary_drift,1,0.5,0.5,NSD@0.5,0.986699990257302,0.8710411814973548,0.0,11
PARSE_0077.nii.gz,76,grid,boundary_drift_r1_p0.5_mu+1.0,boundary_drift,1,0.5,1.0,NSD@0.5,0.9867333348253873,0.8146687524099426,0.6640625,7
PARSE_0078.nii.gz,77,study,omission,distal_omission,2,0.3,0.0,clDice,0.7967078189300412,0.8624885516158577,3.1794091555075137,23
PARSE_0078.nii.gz,77,study,drift_neg,boundary_drift,1,0.5,-0.5,NSD@0.5,0.9539041910953725,0.8995204718588535,0.0,171
PARSE_0078.nii.gz,77,study,drift_pos,boundary_drift,1,0.5,0.5,NSD@0.5,0.9849356491635174,0.8821421026175265,0.7109375,37
PARSE_0078.nii.gz,77,grid,distal_omission_r1_p0.5_mu+0.0,distal_omission,1,0.5,0.0,clDice,0.8523802927459944,0.9196890440631355,0.0,113
PARSE_0078.nii.gz,77,grid,distal_omission_r2_p0.3_mu+0.0,distal_omission,2,0.3,0.0,clDice,0.9032258064516129,0.9266640850930602,0.0,9
PARSE_0078.nii.gz,77,grid,distal_omission_r3_p0.3_mu+0.0,distal_omission,3,0.3,0.0,clDice,0.7382475378210986,0.7986528592375367,18.87992089274675,3
PARSE_0078.nii.gz,77,grid,boundary_drift_r1_p0.5_mu-1.0,boundary_drift,1,0.5,-1.0,NSD@0.5,0.9227080946317339,0.856844710249536,0.7109375,250
PARSE_0078.nii.gz,77,grid,boundary_drift_r1_p0.5_mu-0.5,boundary_drift,1,0.5,-0.5,NSD@0.5,0.9486906313286683,0.8948500750220303,0.0,188
PARSE_0078.nii.gz,77,grid,boundary_drift_r1_p0.5_mu+0.0,boundary_drift,1,0.5,0.0,NSD@0.5,0.9729962955550133,0.9045979416744345,0.0,100
PARSE_0078.nii.gz,77,grid,boundary_drift_r1_p0.5_mu+0.5,boundary_drift,1,0.5,0.5,NSD@0.5,0.9854528764215184,0.8834184452882895,0.7109375,49
PARSE_0078.nii.gz,77,grid,boundary_drift_r1_p0.5_mu+1.0,boundary_drift,1,0.5,1.0,NSD@0.5,0.9892607324042741,0.8396865054994138,0.7109375,12
PARSE_0079.nii.gz,78,study,omission,distal_omission,2,0.3,0.0,clDice,0.8736255890332715,0.9115414381466198,0.0,33
PARSE_0079.nii.gz,78,study,drift_neg,boundary_drift,1,0.5,-0.5,NSD@0.5,0.9680773134188039,0.8925973721257625,0.0,113
PARSE_0079.nii.gz,78,study,drift_pos,boundary_drift,1,0.5,0.5,NSD@0.5,0.988291790161087,0.8736924084902278,0.6328125,23
PARSE_0079.nii.gz,78,grid,distal_omission_r1_p0.5_mu+0.0,distal_omission,1,0.5,0.0,clDice,0.9313101205798672,0.9630229116919609,0.0,74
PARSE_0079.nii.gz,78,grid,distal_omission_r2_p0.3_mu+0.0,distal_omission,2,0.3,0.0,clDice,0.895186516644101,0.930768490381839,0.0,22
PARSE_0079.nii.gz,78,grid,distal_omission_r3_p0.3_mu+0.0,distal_omission,3,0.3,0.0,clDice,0.8286888085927833,0.8650034226125457,7.814007667024169,8
PARSE_0079.nii.gz,78,grid,boundary_drift_r1_p0.5_mu-1.0,boundary_drift,1,0.5,-1.0,NSD@0.5,0.9481850680217269,0.8393810325662275,0.6328125,163
PARSE_0079.nii.gz,78,grid,boundary_drift_r1_p0.5_mu-0.5,boundary_drift,1,0.5,-0.5,NSD@0.5,0.9668904221973239,0.8793051572688761,0.0,107
PARSE_0079.nii.gz,78,grid,boundary_drift_r1_p0.5_mu+0.0,boundary_drift,1,0.5,0.0,NSD@0.5,0.9796876487145596,0.8894467589205728,0.0,62
PARSE_0079.nii.gz,78,grid,boundary_drift_r1_p0.5_mu+0.5,boundary_drift,1,0.5,0.5,NSD@0.5,0.9845799256882932,0.8633361307202448,0.6328125,35
PARSE_0079.nii.gz,78,grid,boundary_drift_r1_p0.5_mu+1.0,boundary_drift,1,0.5,1.0,NSD@0.5,0.9853318111171211,0.8121099026848904,0.6328125,13
PARSE_0080.nii.gz,79,study,omission,distal_omission,2,0.3,0.0,clDice,0.8510051694428489,0.9007556727900111,0.0,9
PARSE_0080.nii.gz,79,study,drift_neg,boundary_drift,1,0.5,-0.5,NSD@0.5,0.9453907908028062,0.8913980047714153,0.0,180
PARSE_0080.nii.gz,79,study,drift_pos,boundary_drift,1,0.5,0.5,NSD@0.5,0.9855030456304192,0.893248896915937,0.0,51
PARSE_0080.nii.gz,79,grid,distal_omission_r1_p0.5_mu+0.0,distal_omission,1,0.5,0.0,clDice,0.83406189893338,0.9173417093734502,0.0,115
PARSE_0080.nii.gz,79,grid,distal_omission_r2_p0.3_mu+0.0,distal_omission,2,0.3,0.0,clDice,0.8707237213503445,0.909454477285509,0.0,9
PARSE_0080.nii.gz,79,grid,distal_omission_r3_p0.3_mu+0.0,distal_omission,3,0.3,0.0,clDice,0.7729865668895295,0.8167071404826433,17.16829771175873,4
PARSE_0080.nii.gz,79,grid,boundary_drift_r1_p0.5_mu-1.0,boundary_drift,1,0.5,-1.0,NSD@0.5,0.9215282330590677,0.8484975427339512,0.767578125,204
PARSE_0080.nii.gz,79,grid,boundary_drift_r1_p0.5_mu-0.5,boundary_drift,1,0.5,-0.5,NSD@0.5,0.9513637852207467,0.8878929073293396,0.0,150
PARSE_0080.nii.gz,79,grid,boundary_drift_r1_p0.5_mu+0.0,boundary_drift,1,0.5,0.0,NSD@0.5,0.972521446409595,0.9022814752939055,0.0,77
PARSE_0080.nii.gz,79,grid,boundary_drift_r1_p0.5_mu+0.5,boundary_drift,1,0.5,0.5,NSD@0.5,0.9820751220189171,0.8813775162138315,0.767578125,36
PARSE_0080.nii.gz,79,grid,boundary_drift_r1_p0.5_mu+1.0,boundary_drift,1,0.5,1.0,NSD@0.5,0.9865238319652017,0.8383672437760648,0.767578125,10
PARSE_0081.nii.gz,80,study,omission,distal_omission,2,0.3,0.0,clDice,0.8391211383912114,0.8891191181299152,0.911504835123284,16
PARSE_0081.nii.gz,80,study,drift_neg,boundary_drift,1,0.5,-0.5,NSD@0.5,0.9465395098993772,0.8876273783490278,0.0,222
PARSE_0081.nii.gz,80,study,drift_pos,boundary_drift,1,0.5,0.5,NSD@0.5,0.9778953197140172,0.861463929523526,0.64453125,40
PARSE_0081.nii.gz,80,grid,distal_omission_r1_p0.5_mu+0.0,distal_omission,1,0.5,0.0,clDice,0.8585203175408708,0.9282633777355487,0.0,129
PARSE_0081.nii.gz,80,grid,distal_omission_r2_p0.3_mu+0.0,distal_omission,2,0.3,0.0,clDice,0.8901029183702241,0.9255470752071915,0.0,12
PARSE_0081.nii.gz,80,grid,distal_omission_r3_p0.3_mu+0.0,distal_omission,3,0.3,0.0,clDice,0.846646888620298,0.8796939656839364,5.416701253144788,2
PARSE_0081.nii.gz,80,grid,boundary_drift_r1_p0.5_mu-1.0,boundary_drift,1,0.5,-1.0,NSD@0.5,0.911616616270836,0.8378957273211257,0.64453125,319
PARSE_0081.nii.gz,80,grid,boundary_drift_r1_p0.5_mu-0.5,boundary_drift,1,0.5,-0.5,NSD@0.5,0.9460779264093512,0.8803162884374172,0.64453125,211
PARSE_0081.nii.gz,80,grid,boundary_drift_r1_p0.5_mu+0.0,boundary_drift,1,0.5,0.0,NSD@0.5,0.969421133141299,0.8931373500025677,0.0,120
PARSE_0081.nii.gz,80,grid,boundary_drift_r1_p0.5_mu+0.5,boundary_drift,1,0.5,0.5,NSD@0.5,0.9789994395548091,0.8634335570104398,0.64453125,46
PARSE_0081.nii.gz,80,grid,boundary_drift_r1_p0.5_mu+1.0,boundary_drift,1,0.5,1.0,NSD@0.5,0.9767082955467312,0.806277742549144,0.64453125,19
PARSE_0082.nii.gz,81,study,omission,distal_omission,2,0.3,0.0,clDice,0.9175034759771358,0.9523099735870623,0.0,13
PARSE_0082.nii.gz,81,study,drift_neg,boundary_drift,1,0.5,-0.5,NSD@0.5,0.9757047193233146,0.9111128697349629,0.0,52
PARSE_0082.nii.gz,81,study,drift_pos,boundary_drift,1,0.5,0.5,NSD@0.5,0.992264415201101,0.8899308772179861,0.0,18
PARSE_0082.nii.gz,81,grid,distal_omission_r1_p0.5_mu+0.0,distal_omission,1,0.5,0.0,clDice,0.9462365591397849,0.9740572730058681,0.0,39
PARSE_0082.nii.gz,81,grid,distal_omission_r2_p0.3_mu+0.0,distal_omission,2,0.3,0.0,clDice,0.887866042377589,0.9388581908907112,0.0,14
PARSE_0082.nii.gz,81,grid,distal_omission_r3_p0.3_mu+0.0,distal_omission,3,0.3,0.0,clDice,0.8909465020576133,0.9280042392318765,0.0,2
PARSE_0082.nii.gz,81,grid,boundary_drift_r1_p0.5_mu-1.0,boundary_drift,1,0.5,-1.0,NSD@0.5,0.9574757858451569,0.8519406882114151,0.0,74
PARSE_0082.nii.gz,81,grid,boundary_drift_r1_p0.5_mu-0.5,boundary_drift,1,0.5,-0.5,NSD@0.5,0.9756089282259556,0.8933581130240396,0.0,44
PARSE_0082.nii.gz,81,grid,boundary_drift_r1_p0.5_mu+0.0,boundary_drift,1,0.5,0.0,NSD@0.5,0.9869009512500484,0.9106736680421993,0.0,24
PARSE_0082.nii.gz,81,grid,boundary_drift_r1_p0.5_mu+0.5,boundary_drift,1,0.5,0.5,NSD@0.5,0.9911657125891492,0.8969165832021748,0.0,10
PARSE_0082.nii.gz,81,grid,boundary_drift_r1_p0.5_mu+1.0,boundary_drift,1,0.5,1.0,NSD@0.5,0.9924175896389827,0.8577878575683783,0.0,2
PARSE_0083.nii.gz,82,study,omission,distal_omission,2,0.3,0.0,clDice,0.9307050963502843,0.9444110624857093,0.0,33
PARSE_0083.nii.gz,82,study,drift_neg,boundary_drift,1,0.5,-0.5,NSD@0.5,0.9847059316343714,0.9066721998158499,0.0,51
PARSE_0083.nii.gz,82,study,drift_pos,boundary_drift,1,0.5,0.5,NSD@0.5,0.9949062888563955,0.8963183991846974,0.0,10
PARSE_0083.nii.gz,82,grid,distal_omission_r1_p0.5_mu+0.0,distal_omission,1,0.5,0.0,clDice,0.966264545745703,0.9711513489367449,0.0,41
PARSE_0083.nii.gz,82,grid,distal_omission_r2_p0.3_mu+0.0,distal_omission,2,0.3,0.0,clDice,0.9147660409078173,0.9328970310489255,0.0,34
PARSE_0083.nii.gz,82,grid,distal_omission_r3_p0.3_mu+0.0,distal_omission,3,0.3,0.0,clDice,0.8676178224769032,0.8881249072630203,1.5897045777537568,3
PARSE_0083.nii.gz,82,grid,boundary_drift_r1_p0.5_mu-1.0,boundary_drift,1,0.5,-1.0,NSD@0.5,0.9771919947750392,0.8607633514319857,0.0,69
PARSE_0083.nii.gz,82,grid,boundary_drift_r1_p0.5_mu-0.5,boundary_drift,1,0.5,-0.5,NSD@0.5,0.9871040882532007,0.900100487860754,0.0,51
PARSE_0083.nii.gz,82,grid,boundary_drift_r1_p0.5_mu+0.0,boundary_drift,1,0.5,0.0,NSD@0.5,0.9935864444220731,0.9144326166661184,0.0,24
PARSE_0083.nii.gz,82,grid,boundary_drift_r1_p0.5_mu+0.5,boundary_drift,1,0.5,0.5,NSD@0.5,0.9966205795335285,0.8985344853006222,0.0,4
PARSE_0083.nii.gz,82,grid,boundary_drift_r1_p0.5_mu+1.0,boundary_drift,1,0.5,1.0,NSD@0.5,0.9974026609173067,0.8580357888956536,0.7109375,0
PARSE_0084.nii.gz,83,study,omission,distal_omission,2,0.3,0.0,clDice,0.916932093260288,0.9368023309564496,0.0,15
PARSE_0084.nii.gz,83,study,drift_neg,boundary_drift,1,0.5,-0.5,NSD@0.5,0.9780028023164776,0.892706123429491,0.0,50
PARSE_0084.nii.gz,83,study,drift_pos,boundary_drift,1,0.5,0.5,NSD@0.5,0.990920209809074,0.8697872432796173,0.0,13
PARSE_0084.nii.gz,83,grid,distal_omission_r1_p0.5_mu+0.0,distal_omission,1,0.5,0.0,clDice,0.9439751552795032,0.9646583465248686,0.0,68
PARSE_0084.nii.gz,83,grid,distal_omission_r2_p0.3_mu+0.0,distal_omission,2,0.3,0.0,clDice,0.9040866314296764,0.9312353962314018,0.0,19
PARSE_0084.nii.gz,83,grid,distal_omission_r3_p0.3_mu+0.0,distal_omission,3,0.3,0.0,clDice,0.8058716111813456,0.8613994734299671,8.327787868410795,7
PARSE_0084.nii.gz,83,grid,boundary_drift_r1_p0.5_mu-1.0,boundary_drift,1,0.5,-1.0,NSD@0.5,0.9636960971344145,0.8398791180269867,0.640625,86
PARSE_0084.nii.gz,83,grid,boundary_drift_r1_p0.5_mu-0.5,boundary_drift,1,0.5,-0.5,NSD@0.5,0.9786045348612507,0.8852903124972866,0.0,58
PARSE_0084.nii.gz,83,grid,boundary_drift_r1_p0.5_mu+0.0,boundary_drift,1,0.5,0.0,NSD@0.5,0.9870020682358658,0.8976211443860466,0.0,31
PARSE_0084.nii.gz,83,grid,boundary_drift_r1_p0.5_mu+0.5,boundary_drift,1,0.5,0.5,NSD@0.5,0.9905600467568062,0.8750183420922485,0.0,12
PARSE_0084.nii.gz,83,grid,boundary_drift_r1_p0.5_mu+1.0,boundary_drift,1,0.5,1.0,NSD@0.5,0.9914401413551371,0.8217049373370342,0.640625,6
PARSE_0085.nii.gz,84,study,omission,distal_omission,2,0.3,0.0,clDice,0.8577059120768065,0.914713022522283,0.0,19
PARSE_0085.nii.gz,84,study,drift_neg,boundary_drift,1,0.5,-0.5,NSD@0.5,0.9646637629813394,0.9038140843183873,0.0,103
PARSE_0085.nii.gz,84,study,drift_pos,boundary_drift,1,0.5,0.5,NSD@0.5,0.98468926490244,0.889403198869074,0.0,34
PARSE_0085.nii.gz,84,grid,distal_omission_r1_p0.5_mu+0.0,distal_omission,1,0.5,0.0,clDice,0.892297138377107,0.9553957915147543,0.0,89
PARSE_0085.nii.gz,84,grid,distal_omission_r2_p0.3_mu+0.0,distal_omission,2,0.3,0.0,clDice,0.908818844427282,0.9414902633681931,0.0,20
PARSE_0085.nii.gz,84,grid,distal_omission_r3_p0.3_mu+0.0,distal_omission,3,0.3,0.0,clDice,0.8484539758545158,0.8933548005140571,0.775390625,5
PARSE_0085.nii.gz,84,grid,boundary_drift_r1_p0.5_mu-1.0,boundary_drift,1,0.5,-1.0,NSD@0.5,0.9310197020988313,0.8462596535965602,0.775390625,192
PARSE_0085.nii.gz,84,grid,boundary_drift_r1_p0.5_mu-0.5,boundary_drift,1,0.5,-0.5,NSD@0.5,0.9582280467379894,0.8889817204228626,0.0,133
PARSE_0085.nii.gz,84,grid,boundary_drift_r1_p0.5_mu+0.0,boundary_drift,1,0.5,0.0,NSD@0.5,0.9765727737836745,0.9106607366026999,0.0,72
PARSE_0085.nii.gz,84,grid,boundary_drift_r1_p0.5_mu+0.5,boundary_drift,1,0.5,0.5,NSD@0.5,0.9883368651431765,0.8954145233060876,0.0,32
PARSE_0085.nii.gz,84,grid,boundary_drift_r1_p0.5_mu+1.0,boundary_drift,1,0.5,1.0,NSD@0.5,0.9898797927821219,0.8556736624370213,0.775390625,10
