model,fold,case,scenario,postprocessing,cldice,hd95,nsd,nsd05,betti0,volume_delta,git_commit,seed,timestamp
M0_Star,0,PARSE_0003.nii.gz,GT_minus_drift_neg,lcc,0.8846356380745136,0.9280776503073436,0.968510513816344,0.6382038560282678,85.0,0.1529041579010258,c1e84f2,42.0,2026-09-07T15:44:40+00:00
M0_Star,0,PARSE_0003.nii.gz,GT_minus_drift_neg,none,0.880891010076242,0.9280776503073436,0.9680392819300052,0.6379935195565043,41.0,0.155348278072078,c1e84f2,42.0,2026-09-07T15:44:40+00:00
M0_Star,0,PARSE_0003.nii.gz,GT_minus_drift_pos,lcc,0.9107371989583104,0.65625,0.9720120457219338,0.6598090961750875,17.0,0.0406145620216096,c1e84f2,42.0,2026-09-07T15:44:40+00:00
M0_Star,0,PARSE_0003.nii.gz,GT_minus_drift_pos,none,0.9070730470833346,0.65625,0.9719362850661842,0.659753926551239,27.0,0.0428206318183898,c1e84f2,42.0,2026-09-07T15:44:40+00:00
M0_Star,0,PARSE_0003.nii.gz,GT_minus_omission,lcc,0.840691581062763,0.9280776503073436,0.9358312290636622,0.6613467587701902,10.0,0.1534178590834993,c1e84f2,42.0,2026-09-07T15:44:40+00:00
M0_Star,0,PARSE_0003.nii.gz,GT_minus_omission,none,0.8376059894747362,0.9280776503073436,0.9354760375377964,0.6611179871218412,34.0,0.155863068284731,c1e84f2,42.0,2026-09-07T15:44:40+00:00
M0_Star,0,PARSE_0003.nii.gz,GT_star,lcc,0.9192516613727983,0.65625,0.9732612870429642,0.7060360733516587,0.0,0.1054170123977128,c1e84f2,42.0,2026-09-07T15:44:40+00:00
M0_Star,0,PARSE_0003.nii.gz,GT_star,none,0.9157147709069672,0.65625,0.9728558282784652,0.705710905369115,44.0,0.1077604613296208,c1e84f2,42.0,2026-09-07T15:44:40+00:00
M0_Star,0,PARSE_0005.nii.gz,GT_minus_drift_neg,lcc,0.8854709476262043,4.859400120513848,0.9429775027590146,0.6583073177225355,108.0,0.2742999429805977,c1e84f2,42.0,2026-09-07T15:44:40+00:00
M0_Star,0,PARSE_0005.nii.gz,GT_minus_drift_neg,none,0.8832070330749271,4.518518279955174,0.9459295546662452,0.6604111233070954,42.0,0.2811161155662968,c1e84f2,42.0,2026-09-07T15:44:40+00:00
M0_Star,0,PARSE_0005.nii.gz,GT_minus_drift_pos,lcc,0.9101324072281948,4.038178396953879,0.95113218731476,0.6786642955937562,20.0,0.1038712688680741,c1e84f2,42.0,2026-09-07T15:44:40+00:00
M0_Star,0,PARSE_0005.nii.gz,GT_minus_drift_pos,none,0.90902947097254,3.523777439948366,0.95451328268768,0.6805313075071958,46.0,0.1097758262075341,c1e84f2,42.0,2026-09-07T15:44:40+00:00
M0_Star,0,PARSE_0005.nii.gz,GT_minus_omission,lcc,0.7996102491138584,9.584231746412714,0.884505863776839,0.6590822188333626,12.0,0.3226281097633811,c1e84f2,42.0,2026-09-07T15:44:40+00:00
M0_Star,0,PARSE_0005.nii.gz,GT_minus_omission,none,0.7989856271018864,9.388253164745375,0.8878168569933308,0.6613795663862088,54.0,0.3297027875207679,c1e84f2,42.0,2026-09-07T15:44:40+00:00
M0_Star,0,PARSE_0005.nii.gz,GT_star,lcc,0.9233456785171824,4.484431143485655,0.9497499948131704,0.7392020581339862,0.0,0.1938728000744948,c1e84f2,42.0,2026-09-07T15:44:40+00:00
M0_Star,0,PARSE_0005.nii.gz,GT_star,none,0.9216992697617398,4.038178396953879,0.9526378575173056,0.7409034058309014,66.0,0.2002587715214099,c1e84f2,42.0,2026-09-07T15:44:40+00:00
M0_Star,0,PARSE_0007.nii.gz,GT_minus_drift_neg,lcc,0.8464026542504709,0.961223280675463,0.948127935017134,0.6702711850065575,73.0,-0.015263122497885,c1e84f2,42.0,2026-09-07T15:44:40+00:00
M0_Star,0,PARSE_0007.nii.gz,GT_minus_drift_neg,none,0.8490922516897292,0.6796875,0.9540882830304508,0.6722898253344882,30.0,-0.0099748328383673,c1e84f2,42.0,2026-09-07T15:44:40+00:00
M0_Star,0,PARSE_0007.nii.gz,GT_minus_drift_pos,lcc,0.8637490214746981,1.0,0.9456832790782808,0.6451798289292926,14.0,-0.1092814994348943,c1e84f2,42.0,2026-09-07T15:44:40+00:00
M0_Star,0,PARSE_0007.nii.gz,GT_minus_drift_pos,none,0.8669427342645579,0.961223280675463,0.95231758531211,0.6471704833211351,29.0,-0.1044981125792828,c1e84f2,42.0,2026-09-07T15:44:40+00:00
M0_Star,0,PARSE_0007.nii.gz,GT_minus_omission,lcc,0.8146072586541115,0.6796875,0.930402755397652,0.7020443973436299,11.0,-0.0144956799897977,c1e84f2,42.0,2026-09-07T15:44:40+00:00
M0_Star,0,PARSE_0007.nii.gz,GT_minus_omission,none,0.8188084085808764,0.6796875,0.9375213103433392,0.7038908910421028,32.0,-0.0092032689671296,c1e84f2,42.0,2026-09-07T15:44:40+00:00
M0_Star,0,PARSE_0007.nii.gz,GT_star,lcc,0.8741645868691553,0.6796875,0.9518879668049792,0.7261161825726141,0.0,-0.0545102943875366,c1e84f2,42.0,2026-09-07T15:44:40+00:00
M0_Star,0,PARSE_0007.nii.gz,GT_star,none,0.8778773898446248,0.6796875,0.958821394397334,0.7277444154815719,43.0,-0.0494327721096527,c1e84f2,42.0,2026-09-07T15:44:40+00:00
M0_Star,0,PARSE_0014.nii.gz,GT_minus_drift_neg,lcc,0.7278472930435761,1.1751256997258845,0.932271411574592,0.5670626675900768,72.0,0.311454097591492,c1e84f2,42.0,2026-09-07T16:52:52+00:00
M0_Star,0,PARSE_0014.nii.gz,GT_minus_drift_neg,none,0.7158320112048189,1.1751256997258845,0.930000220346826,0.5653570720313774,7.0,0.31961604629340007,c1e84f2,42.0,2026-09-07T16:52:52+00:00
M0_Star,0,PARSE_0014.nii.gz,GT_minus_drift_pos,lcc,0.7597103290379138,0.8728349330271447,0.9427546724474166,0.6289495049256342,17.0,0.1819943793003198,c1e84f2,42.0,2026-09-07T16:52:52+00:00
M0_Star,0,PARSE_0014.nii.gz,GT_minus_drift_pos,none,0.7492145691671027,1.0,0.9413549333588234,0.6274037162793984,62.0,0.18935062417958048,c1e84f2,42.0,2026-09-07T16:52:52+00:00
M0_Star,0,PARSE_0014.nii.gz,GT_minus_omission,lcc,0.6617062769701434,3.2439189653729406,0.8772884370330305,0.5662305992794345,8.0,0.33562629103307534,c1e84f2,42.0,2026-09-07T16:52:52+00:00
M0_Star,0,PARSE_0014.nii.gz,GT_minus_omission,none,0.6521566483008302,3.4708344665989546,0.8754236324348914,0.564867508245195,71.0,0.34393867748438317,c1e84f2,42.0,2026-09-07T16:52:52+00:00
M0_Star,0,PARSE_0014.nii.gz,GT_star,lcc,0.7625067434202628,1.0,0.9406046572589454,0.6217397002927171,0.0,0.26282549050059534,c1e84f2,42.0,2026-09-07T16:52:52+00:00
M0_Star,0,PARSE_0014.nii.gz,GT_star,none,0.7517472766480084,1.0,0.9385867891547713,0.6200569934028184,79.0,0.2706847948345075,c1e84f2,42.0,2026-09-07T16:52:52+00:00
M0_Star,0,PARSE_0021.nii.gz,GT_minus_drift_neg,lcc,0.8777239919373636,0.8894077482112043,0.9725975114212907,0.6010927707247641,78.0,-0.09254345645996992,c1e84f2,42.0,2026-09-07T16:52:52+00:00
M0_Star,0,PARSE_0021.nii.gz,GT_minus_drift_neg,none,0.8732835401294521,0.8894077482112043,0.9719628300713622,0.6001494555141669,2.0,-0.08685807705164633,c1e84f2,42.0,2026-09-07T16:52:52+00:00
M0_Star,0,PARSE_0021.nii.gz,GT_minus_drift_pos,lcc,0.887926177006412,1.0,0.9700944933726185,0.5557366388619048,16.0,-0.18545294288634467,c1e84f2,42.0,2026-09-07T16:52:52+00:00
M0_Star,0,PARSE_0021.nii.gz,GT_minus_drift_pos,none,0.8847903853177533,1.0,0.970429284933118,0.555103496172278,64.0,-0.18034965821823398,c1e84f2,42.0,2026-09-07T16:52:52+00:00
M0_Star,0,PARSE_0021.nii.gz,GT_minus_omission,lcc,0.8527066779261584,0.8894077482112043,0.956401841936551,0.6095018398873526,10.0,-0.09433863909443246,c1e84f2,42.0,2026-09-07T16:52:52+00:00
M0_Star,0,PARSE_0021.nii.gz,GT_minus_omission,none,0.8480745190932152,0.8894077482112043,0.9553080752099753,0.6083245328469065,70.0,-0.08866450683007056,c1e84f2,42.0,2026-09-07T16:52:52+00:00
M0_Star,0,PARSE_0021.nii.gz,GT_star,lcc,0.8974096978136646,0.8894077482112043,0.9743312648627351,0.6227362911055764,0.0,-0.12983289133303783,c1e84f2,42.0,2026-09-07T16:52:52+00:00
M0_Star,0,PARSE_0021.nii.gz,GT_star,none,0.8942182638426498,0.8894077482112043,0.9737739496291986,0.6217937779220016,80.0,-0.1243811369800236,c1e84f2,42.0,2026-09-07T16:52:52+00:00
M0_Star,0,PARSE_0027.nii.gz,GT_minus_drift_neg,lcc,0.8896450567235635,1.1710413701594833,0.9511219395579382,0.5504332367759147,98.0,-0.18333203490183858,c1e84f2,42.0,2026-09-07T16:52:52+00:00
M0_Star,0,PARSE_0027.nii.gz,GT_minus_drift_neg,none,0.8943218543931444,1.1710413701594833,0.9571829531563589,0.5535187776970716,11.0,-0.1791770541186247,c1e84f2,42.0,2026-09-07T16:52:52+00:00
M0_Star,0,PARSE_0027.nii.gz,GT_minus_drift_pos,lcc,0.8961015834830162,1.3201044584615265,0.9459064671928378,0.48205913535163153,19.0,-0.2668821720455592,c1e84f2,42.0,2026-09-07T16:52:52+00:00
M0_Star,0,PARSE_0027.nii.gz,GT_minus_drift_pos,none,0.9017817465300694,1.21875,0.953659966695593,0.4858315547529141,68.0,-0.26315227125703483,c1e84f2,42.0,2026-09-07T16:52:52+00:00
M0_Star,0,PARSE_0027.nii.gz,GT_minus_omission,lcc,0.828452296170144,1.3626039237889342,0.925812784628836,0.5310335949191909,32.0,-0.16048264923173436,c1e84f2,42.0,2026-09-07T16:52:52+00:00
M0_Star,0,PARSE_0027.nii.gz,GT_minus_omission,none,0.8254449673596372,1.3201044584615265,0.9292880509320284,0.5330625923890131,55.0,-0.1562114170924922,c1e84f2,42.0,2026-09-07T16:52:52+00:00
M0_Star,0,PARSE_0027.nii.gz,GT_star,lcc,0.9102704322461822,1.0,0.9493455202823178,0.5462710854248739,0.0,-0.2214077335390989,c1e84f2,42.0,2026-09-07T16:52:52+00:00
M0_Star,0,PARSE_0027.nii.gz,GT_star,none,0.9162936752668951,1.0,0.9566217969071125,0.550280959026501,87.0,-0.21744647138194406,c1e84f2,42.0,2026-09-07T16:52:52+00:00
M0_Star,0,PARSE_0036.nii.gz,GT_minus_drift_neg,lcc,0.8904380539761181,0.71875,0.9797409735762792,0.7704229140052444,116.0,0.006574091849576588,c1e84f2,42.0,2026-09-07T16:52:52+00:00
M0_Star,0,PARSE_0036.nii.gz,GT_minus_drift_neg,none,0.899510397163665,0.71875,0.9872529289454126,0.775596435997428,58.0,0.0133401591262985,c1e84f2,42.0,2026-09-07T16:52:52+00:00
M0_Star,0,PARSE_0036.nii.gz,GT_minus_drift_pos,lcc,0.912661621444863,0.71875,0.9792066188154074,0.7557863756976134,28.0,-0.09452136804617463,c1e84f2,42.0,2026-09-07T16:52:52+00:00
M0_Star,0,PARSE_0036.nii.gz,GT_minus_drift_pos,none,0.9216139624588825,0.71875,0.9881346964816458,0.7605698457899569,30.0,-0.08843485202014,c1e84f2,42.0,2026-09-07T16:52:52+00:00
M0_Star,0,PARSE_0036.nii.gz,GT_minus_omission,lcc,0.8279102349546199,0.71875,0.939793046791701,0.7801471744944154,21.0,0.030849553269108942,c1e84f2,42.0,2026-09-07T16:52:52+00:00
M0_Star,0,PARSE_0036.nii.gz,GT_minus_omission,none,0.8373575331272491,0.71875,0.9465626654860189,0.7853130886961655,37.0,0.037778797212574,c1e84f2,42.0,2026-09-07T16:52:52+00:00
M0_Star,0,PARSE_0036.nii.gz,GT_star,lcc,0.9215726982058248,0.71875,0.982813301331364,0.8354565409153384,0.0,-0.037139813994866294,c1e84f2,42.0,2026-09-07T16:52:52+00:00
M0_Star,0,PARSE_0036.nii.gz,GT_star,none,0.9312849443162275,0.71875,0.9898480468702222,0.840557256607943,58.0,-0.030667586218154068,c1e84f2,42.0,2026-09-07T16:52:52+00:00
M0_Star,0,PARSE_0040.nii.gz,GT_minus_drift_neg,lcc,0.801919013915378,1.3046875,0.9437540804826186,0.6010263667565132,307.0,0.1425532724666241,c1e84f2,42.0,2026-09-07T16:52:52+00:00
M0_Star,0,PARSE_0040.nii.gz,GT_minus_drift_neg,none,0.8000956177039886,1.3046875,0.944295943935906,0.6006742529212171,199.0,0.145936322539994,c1e84f2,42.0,2026-09-07T16:52:52+00:00
M0_Star,0,PARSE_0040.nii.gz,GT_minus_drift_pos,lcc,0.8307087593512742,1.1939649777795254,0.9433607993637825,0.6301721549229312,71.0,-0.019836677537901186,c1e84f2,42.0,2026-09-07T16:52:52+00:00
M0_Star,0,PARSE_0040.nii.gz,GT_minus_drift_pos,none,0.8298547069803199,1.1939649777795254,0.9452180581290872,0.6301717016465849,37.0,-0.016934456976394063,c1e84f2,42.0,2026-09-07T16:52:52+00:00
M0_Star,0,PARSE_0040.nii.gz,GT_minus_omission,lcc,0.7571364551067437,2.352058839853462,0.8962550417233117,0.614080021631528,4.0,0.15962350638648537,c1e84f2,42.0,2026-09-07T16:52:52+00:00
M0_Star,0,PARSE_0040.nii.gz,GT_minus_omission,none,0.7563487948509388,2.2924928967481284,0.8970750117943073,0.6139255198855765,104.0,0.16305710067298448,c1e84f2,42.0,2026-09-07T16:52:52+00:00
M0_Star,0,PARSE_0040.nii.gz,GT_star,lcc,0.8437383687536688,1.0,0.9522497120283803,0.6761078957224731,0.0,0.07765851790692943,c1e84f2,42.0,2026-09-07T16:52:52+00:00
M0_Star,0,PARSE_0040.nii.gz,GT_star,none,0.8437602956234358,1.0,0.9535998928875954,0.6761188665816344,108.0,0.08084941746140009,c1e84f2,42.0,2026-09-07T16:52:52+00:00
M0_Star,0,PARSE_0043.nii.gz,GT_minus_drift_neg,lcc,0.8474793506909802,1.296875,0.9447897548839675,0.6981035115624618,87.0,0.03026619262121048,c1e84f2,42.0,2026-09-07T16:52:52+00:00
M0_Star,0,PARSE_0043.nii.gz,GT_minus_drift_neg,none,0.8473262499519123,1.191835219905105,0.9460168119071489,0.6990295202802255,13.0,0.03520786671218391,c1e84f2,42.0,2026-09-07T16:52:52+00:00
M0_Star,0,PARSE_0043.nii.gz,GT_minus_drift_pos,lcc,0.8682175476927182,1.191835219905105,0.9460460285935203,0.6955229763944268,17.0,-0.08456607221463898,c1e84f2,42.0,2026-09-07T16:52:52+00:00
M0_Star,0,PARSE_0043.nii.gz,GT_minus_drift_pos,none,0.8687404252242407,1.191835219905105,0.9482414468396606,0.6967123111927824,57.0,-0.08017519133809042,c1e84f2,42.0,2026-09-07T16:52:52+00:00
M0_Star,0,PARSE_0043.nii.gz,GT_minus_omission,lcc,0.7662072202854342,3.8642270865675714,0.8879814942616875,0.6986342219836583,12.0,0.05587152322966844,c1e84f2,42.0,2026-09-07T16:52:52+00:00
M0_Star,0,PARSE_0043.nii.gz,GT_minus_omission,none,0.7681836124145659,3.809433000481338,0.8895138626913246,0.6999037813505369,62.0,0.060936013346019446,c1e84f2,42.0,2026-09-07T16:52:52+00:00
M0_Star,0,PARSE_0043.nii.gz,GT_star,lcc,0.87815249420519,1.0,0.9476217440543602,0.7705166446014706,0.0,-0.016891516104940333,c1e84f2,42.0,2026-09-07T16:52:52+00:00
M0_Star,0,PARSE_0043.nii.gz,GT_star,none,0.8783150574968325,1.0,0.9487805362068623,0.7713758409239745,74.0,-0.012176034069059764,c1e84f2,42.0,2026-09-07T16:52:52+00:00
M0_Star,0,PARSE_0046.nii.gz,GT_minus_drift_neg,lcc,0.8305251242451639,3.087812177806506,0.925763348856555,0.6896024124126354,74.0,0.07781307051786324,c1e84f2,42.0,2026-09-07T16:52:52+00:00
M0_Star,0,PARSE_0046.nii.gz,GT_minus_drift_neg,none,0.8177612066000375,3.087812177806506,0.925293953173517,0.6877842037879123,10.0,0.08723078978225698,c1e84f2,42.0,2026-09-07T16:52:52+00:00
M0_Star,0,PARSE_0046.nii.gz,GT_minus_drift_pos,lcc,0.8614949828060088,2.8752899023759464,0.9288383540749471,0.6730266578847021,17.0,-0.026451798869798964,c1e84f2,42.0,2026-09-07T16:52:52+00:00
M0_Star,0,PARSE_0046.nii.gz,GT_minus_drift_pos,none,0.85027891095862,2.7228355841225635,0.93016686826479,0.6722701781394326,67.0,-0.017945125589065337,c1e84f2,42.0,2026-09-07T16:52:52+00:00
M0_Star,0,PARSE_0046.nii.gz,GT_minus_omission,lcc,0.7374072835577927,7.96308887595318,0.864519451336548,0.6602843187740899,5.0,0.11949525549414548,c1e84f2,42.0,2026-09-07T16:52:52+00:00
M0_Star,0,PARSE_0046.nii.gz,GT_minus_omission,none,0.7272091359300322,7.838941582060242,0.8649901494958859,0.6592498165102175,79.0,0.12927718551750186,c1e84f2,42.0,2026-09-07T16:52:52+00:00
M0_Star,0,PARSE_0046.nii.gz,GT_star,lcc,0.8688328405531708,2.8752899023759464,0.9304127076231232,0.7344454921302677,0.0,0.03684586278289427,c1e84f2,42.0,2026-09-07T16:52:52+00:00
M0_Star,0,PARSE_0046.nii.gz,GT_star,none,0.8575435935856213,2.771484375,0.9308820675727151,0.7332236109214526,84.0,0.0459056186192618,c1e84f2,42.0,2026-09-07T16:52:52+00:00
M0_Star,0,PARSE_0055.nii.gz,GT_minus_drift_neg,lcc,0.8108475067908054,1.2890625,0.9349021406934147,0.6378497264257234,155.0,0.03806277924160843,c1e84f2,42.0,2026-09-07T16:52:52+00:00
M0_Star,0,PARSE_0055.nii.gz,GT_minus_drift_neg,none,0.8111219118219051,1.1897144750849098,0.9370291395361352,0.6378074046171232,67.0,0.04090133781392803,c1e84f2,42.0,2026-09-07T16:52:52+00:00
M0_Star,0,PARSE_0055.nii.gz,GT_minus_drift_pos,lcc,0.8102481338382141,1.4412156886229113,0.9239948055766545,0.6235941979271311,38.0,-0.08675166297117516,c1e84f2,42.0,2026-09-07T16:52:52+00:00
M0_Star,0,PARSE_0055.nii.gz,GT_minus_drift_pos,none,0.812514059639515,1.353085756503676,0.9274098464809124,0.6238140910118332,50.0,-0.08425440659365271,c1e84f2,42.0,2026-09-07T16:52:52+00:00
M0_Star,0,PARSE_0055.nii.gz,GT_minus_omission,lcc,0.7610802556024159,1.823009670246568,0.9041210920678667,0.6624178221801166,20.0,0.08633970407521005,c1e84f2,42.0,2026-09-07T16:52:52+00:00
M0_Star,0,PARSE_0055.nii.gz,GT_minus_omission,none,0.7639322231275991,1.754167227242834,0.906505548281857,0.6624240733188813,68.0,0.08931027477779,c1e84f2,42.0,2026-09-07T16:52:52+00:00
M0_Star,0,PARSE_0055.nii.gz,GT_star,lcc,0.8197078019978132,1.1897144750849098,0.9360329737097065,0.7046192751695486,0.0,-0.0042369647703094995,c1e84f2,42.0,2026-09-07T16:52:52+00:00
M0_Star,0,PARSE_0055.nii.gz,GT_star,none,0.8223176224731846,1.1897144750849098,0.9387491117245805,0.7046406455183435,88.0,-0.001514073866047199,c1e84f2,42.0,2026-09-07T16:52:52+00:00
M0_Star,0,PARSE_0058.nii.gz,GT_minus_drift_neg,lcc,0.7762152034572722,1.0,0.9312244260869857,0.6461795636951976,234.0,-0.024897546111200698,c1e84f2,42.0,2026-09-07T16:52:52+00:00
M0_Star,0,PARSE_0058.nii.gz,GT_minus_drift_neg,none,0.7861316774513585,1.0,0.9397542859624913,0.6499694277475768,138.0,-0.021016253607433397,c1e84f2,42.0,2026-09-07T16:52:52+00:00
M0_Star,0,PARSE_0058.nii.gz,GT_minus_drift_pos,lcc,0.7825071333842383,1.229228045121841,0.9162189352912216,0.6371128283066122,45.0,-0.12166981382512485,c1e84f2,42.0,2026-09-07T16:52:52+00:00
M0_Star,0,PARSE_0058.nii.gz,GT_minus_drift_pos,none,0.7935749705985502,1.0109417262276421,0.926370055938051,0.6412443399644944,51.0,-0.11817371312941082,c1e84f2,42.0,2026-09-07T16:52:52+00:00
M0_Star,0,PARSE_0058.nii.gz,GT_minus_omission,lcc,0.7586618044158532,1.0109417262276421,0.9144723946422738,0.680665073333448,8.0,-0.01842144298504622,c1e84f2,42.0,2026-09-07T16:52:52+00:00
M0_Star,0,PARSE_0058.nii.gz,GT_minus_omission,none,0.7603194639853744,1.0109417262276421,0.9175665269102421,0.6803046119620091,88.0,-0.014514373035619827,c1e84f2,42.0,2026-09-07T16:52:52+00:00
M0_Star,0,PARSE_0058.nii.gz,GT_star,lcc,0.7919371457866687,1.0,0.9296806081677131,0.7033495926521717,0.0,-0.06798033483922403,c1e84f2,42.0,2026-09-07T16:52:52+00:00
M0_Star,0,PARSE_0058.nii.gz,GT_star,none,0.8032853816918535,0.71484375,0.9388407444239238,0.707590179390151,96.0,-0.06427052883337762,c1e84f2,42.0,2026-09-07T16:52:52+00:00
M0_Star,0,PARSE_0059.nii.gz,GT_minus_drift_neg,lcc,0.6944269376418728,1.3276653616405,0.9205344530809785,0.6171759820305204,418.0,0.026374720079621796,c1e84f2,42.0,2026-09-07T16:52:52+00:00
M0_Star,0,PARSE_0059.nii.gz,GT_minus_drift_neg,none,0.7034746341221172,1.3057864009860112,0.9288501200517146,0.6195976728436865,252.0,0.029617649498216804,c1e84f2,42.0,2026-09-07T16:52:52+00:00
M0_Star,0,PARSE_0059.nii.gz,GT_minus_drift_pos,lcc,0.7003495070980339,2.3259742582410494,0.8983822607694002,0.6190029305642607,109.0,-0.13860011206899553,c1e84f2,42.0,2026-09-07T16:52:52+00:00
M0_Star,0,PARSE_0059.nii.gz,GT_minus_drift_pos,none,0.7123908485404872,2.0,0.9092540218349907,0.6217937671272221,57.0,-0.13587843646349232,c1e84f2,42.0,2026-09-07T16:52:52+00:00
M0_Star,0,PARSE_0059.nii.gz,GT_minus_omission,lcc,0.6445240193496552,3.700190028903921,0.8678440084848942,0.6262002485220469,13.0,0.10195413199406948,c1e84f2,42.0,2026-09-07T16:52:52+00:00
M0_Star,0,PARSE_0059.nii.gz,GT_minus_omission,none,0.6547207661814557,3.1884189851711775,0.8754060760232699,0.6285535561625555,153.0,0.10543586181717801,c1e84f2,42.0,2026-09-07T16:52:52+00:00
M0_Star,0,PARSE_0059.nii.gz,GT_star,lcc,0.704561283548163,1.3057864009860112,0.9210978020873282,0.6927427552285599,0.0,-0.03082941422938212,c1e84f2,42.0,2026-09-07T16:52:52+00:00
M0_Star,0,PARSE_0059.nii.gz,GT_star,none,0.7178670181925204,1.1629871291205247,0.9306788439048839,0.6957880863544393,166.0,-0.027767226762422027,c1e84f2,42.0,2026-09-07T16:52:52+00:00
M0_Star,0,PARSE_0061.nii.gz,GT_minus_drift_neg,lcc,0.8313012273980297,1.0,0.9487417802548478,0.5604938349928786,123.0,-0.14951068625767755,c1e84f2,42.0,2026-09-07T16:52:52+00:00
M0_Star,0,PARSE_0061.nii.gz,GT_minus_drift_neg,none,0.8220947605861537,1.1792476415070754,0.9438954585482451,0.5571518429991194,25.0,-0.14174591130876887,c1e84f2,42.0,2026-09-07T16:52:52+00:00
M0_Star,0,PARSE_0061.nii.gz,GT_minus_drift_pos,lcc,0.845953113045379,1.1792476415070754,0.9455212106528945,0.505007947716435,33.0,-0.23344539870563247,c1e84f2,42.0,2026-09-07T16:52:52+00:00
M0_Star,0,PARSE_0061.nii.gz,GT_minus_drift_pos,none,0.8390450915801947,1.25,0.9421704403898292,0.5025925111746171,65.0,-0.22644692868499147,c1e84f2,42.0,2026-09-07T16:52:52+00:00
M0_Star,0,PARSE_0061.nii.gz,GT_minus_omission,lcc,0.7943685185720788,1.25,0.9200346326003855,0.5455222661482667,20.0,-0.1411293254361091,c1e84f2,42.0,2026-09-07T16:52:52+00:00
M0_Star,0,PARSE_0061.nii.gz,GT_minus_omission,none,0.7872724137984106,1.334634781503914,0.915513483579083,0.5423290789972246,78.0,-0.13328803055979688,c1e84f2,42.0,2026-09-07T16:52:52+00:00
M0_Star,0,PARSE_0061.nii.gz,GT_star,lcc,0.8548864064940942,1.0,0.9497499004578936,0.5718071869400757,0.0,-0.18045704648916355,c1e84f2,42.0,2026-09-07T16:52:52+00:00
M0_Star,0,PARSE_0061.nii.gz,GT_star,none,0.8486332304096198,1.0,0.9456699106991379,0.5687493252309638,98.0,-0.1729748048052856,c1e84f2,42.0,2026-09-07T16:52:52+00:00
M0_Star,0,PARSE_0067.nii.gz,GT_minus_drift_neg,lcc,0.8400302008214445,1.0,0.9567180721104523,0.6549847349316678,67.0,0.14871319567185412,c1e84f2,42.0,2026-09-07T16:52:52+00:00
M0_Star,0,PARSE_0067.nii.gz,GT_minus_drift_neg,none,0.8375302852542251,1.0,0.9586438732423236,0.6561308572131349,7.0,0.15418373065482605,c1e84f2,42.0,2026-09-07T16:52:52+00:00
M0_Star,0,PARSE_0067.nii.gz,GT_minus_drift_pos,lcc,0.8669997906332059,1.0,0.9602363001962678,0.6856755662170161,13.0,0.046355561489346664,c1e84f2,42.0,2026-09-07T16:52:52+00:00
M0_Star,0,PARSE_0067.nii.gz,GT_minus_drift_pos,none,0.864949443581824,0.73046875,0.9628814275360353,0.6871489975233614,47.0,0.05133863709544416,c1e84f2,42.0,2026-09-07T16:52:52+00:00
M0_Star,0,PARSE_0067.nii.gz,GT_minus_omission,lcc,0.7253131112144638,2.4087883577722353,0.8828541418790232,0.6293250351930059,11.0,0.19982619502179316,c1e84f2,42.0,2026-09-07T16:52:52+00:00
M0_Star,0,PARSE_0067.nii.gz,GT_minus_omission,none,0.7228054609024911,2.2953598318809405,0.8855237830995196,0.63121889468847,49.0,0.205540146248334,c1e84f2,42.0,2026-09-07T16:52:52+00:00
M0_Star,0,PARSE_0067.nii.gz,GT_star,lcc,0.8693623928302641,0.73046875,0.9604598899130378,0.71868384196984,0.0,0.11251346454128708,c1e84f2,42.0,2026-09-07T16:52:52+00:00
M0_Star,0,PARSE_0067.nii.gz,GT_star,none,0.8669659615374109,0.73046875,0.9628670855564063,0.7202310780536616,60.0,0.11781160497332142,c1e84f2,42.0,2026-09-07T16:52:52+00:00
M0_Star,0,PARSE_0069.nii.gz,GT_minus_drift_neg,lcc,0.8681191232098648,1.0,0.9594689127076907,0.6953431268985009,78.0,-0.024690233672857997,c1e84f2,42.0,2026-09-07T16:52:52+00:00
M0_Star,0,PARSE_0069.nii.gz,GT_minus_drift_neg,none,0.8664890181342535,1.0,0.965057802795934,0.6994766346444604,17.0,-0.01520910724985021,c1e84f2,42.0,2026-09-07T16:52:52+00:00
M0_Star,0,PARSE_0069.nii.gz,GT_minus_drift_pos,lcc,0.8924125203760558,1.0,0.9604081471644028,0.6629761607342441,19.0,-0.12253329193403713,c1e84f2,42.0,2026-09-07T16:52:52+00:00
M0_Star,0,PARSE_0069.nii.gz,GT_minus_drift_pos,none,0.8942062112665018,1.0,0.9677112350126678,0.6690770975746487,76.0,-0.11400331194369696,c1e84f2,42.0,2026-09-07T16:52:52+00:00
M0_Star,0,PARSE_0069.nii.gz,GT_minus_omission,lcc,0.7599542557695996,2.8171971410331427,0.8999536337665834,0.6738260119555084,15.0,0.027475218776668534,c1e84f2,42.0,2026-09-07T16:52:52+00:00
M0_Star,0,PARSE_0069.nii.gz,GT_minus_omission,none,0.7606741332685382,2.4087883577722353,0.9056064383933641,0.6790727528575308,80.0,0.0374634530608535,c1e84f2,42.0,2026-09-07T16:52:52+00:00
M0_Star,0,PARSE_0069.nii.gz,GT_star,lcc,0.9021780203372304,0.73046875,0.9624265496979227,0.7450228512050907,0.0,-0.05931901712859157,c1e84f2,42.0,2026-09-07T16:52:52+00:00
M0_Star,0,PARSE_0069.nii.gz,GT_star,none,0.9043964773117913,0.73046875,0.9694967464411351,0.75099794032408,95.0,-0.05017452208686808,c1e84f2,42.0,2026-09-07T16:52:52+00:00
M0_Star,0,PARSE_0079.nii.gz,GT_minus_drift_neg,lcc,0.8711549185967663,0.6328125,0.970066427304384,0.704539436407174,113.0,-0.06973509396772724,c1e84f2,42.0,2026-09-07T16:52:52+00:00
M0_Star,0,PARSE_0079.nii.gz,GT_minus_drift_neg,none,0.8696605882707208,0.6328125,0.9743127814878086,0.7063208572759745,68.0,-0.060519208338271346,c1e84f2,42.0,2026-09-07T16:52:52+00:00
M0_Star,0,PARSE_0079.nii.gz,GT_minus_drift_pos,lcc,0.8879543774500733,0.8949320199392242,0.9693999264358153,0.6558877620724082,23.0,-0.18463868265961053,c1e84f2,42.0,2026-09-07T16:52:52+00:00
M0_Star,0,PARSE_0079.nii.gz,GT_minus_drift_pos,none,0.8892236938033143,0.8949320199392242,0.9756618364037397,0.6587599138582834,158.0,-0.1765611161529462,c1e84f2,42.0,2026-09-07T16:52:52+00:00
M0_Star,0,PARSE_0079.nii.gz,GT_minus_omission,lcc,0.7831026613308989,1.265625,0.9242203823105061,0.6945586905895101,33.0,-0.02952592587772525,c1e84f2,42.0,2026-09-07T16:52:52+00:00
M0_Star,0,PARSE_0079.nii.gz,GT_minus_omission,none,0.7824381661528756,1.1834068024801319,0.9280818259507193,0.6966659545174002,148.0,-0.019911698773738683,c1e84f2,42.0,2026-09-07T16:52:52+00:00
M0_Star,0,PARSE_0079.nii.gz,GT_star,lcc,0.8978645318666034,0.6328125,0.971917272342743,0.7476950212458912,0.0,-0.11604695339333394,c1e84f2,42.0,2026-09-07T16:52:52+00:00
M0_Star,0,PARSE_0079.nii.gz,GT_star,none,0.8997285938613211,0.6328125,0.977241252594947,0.750558753438219,181.0,-0.10728986696933686,c1e84f2,42.0,2026-09-07T16:52:52+00:00
M0_Star,1,PARSE_0010.nii.gz,GT_minus_drift_neg,lcc,0.8615860010121791,1.0,0.9576722204876388,0.6209020464931453,122.0,0.18547084550750412,c1e84f2,42.0,2026-09-07T16:52:52+00:00
M0_Star,1,PARSE_0010.nii.gz,GT_minus_drift_neg,none,0.8533528257457017,1.1609976956971373,0.9534711081088688,0.6173196543668552,69.0,0.19423987804656734,c1e84f2,42.0,2026-09-07T16:52:52+00:00
M0_Star,1,PARSE_0010.nii.gz,GT_minus_drift_pos,lcc,0.8850654725524172,0.8341650309310052,0.961446004401111,0.6551883590283448,31.0,0.05018536560270347,c1e84f2,42.0,2026-09-07T16:52:52+00:00
M0_Star,1,PARSE_0010.nii.gz,GT_minus_drift_pos,none,0.8780510706871726,0.8341650309310052,0.958103785465349,0.6520580396801895,22.0,0.05795367949917526,c1e84f2,42.0,2026-09-07T16:52:52+00:00
M0_Star,1,PARSE_0010.nii.gz,GT_minus_omission,lcc,0.8110112879412306,1.3189307211033916,0.9128739860334582,0.648733411983674,18.0,0.1938773645252673,c1e84f2,42.0,2026-09-07T16:52:52+00:00
M0_Star,1,PARSE_0010.nii.gz,GT_minus_omission,none,0.8039517477550356,1.546500112400982,0.9088013308053843,0.6452662700401711,35.0,0.20270858082792653,c1e84f2,42.0,2026-09-07T16:52:52+00:00
M0_Star,1,PARSE_0010.nii.gz,GT_star,lcc,0.8952617426571804,0.58984375,0.9642459102938792,0.7109480941158609,0.0,0.12057075808310919,c1e84f2,42.0,2026-09-07T16:52:52+00:00
M0_Star,1,PARSE_0010.nii.gz,GT_star,none,0.888284181172699,0.58984375,0.9601980855381814,0.7072831001002748,53.0,0.12885971894384365,c1e84f2,42.0,2026-09-07T16:52:52+00:00
M0_Star,1,PARSE_0019.nii.gz,GT_minus_drift_neg,lcc,0.8757637851483312,1.0,0.9719957823325491,0.5782879652241382,216.0,0.22883221254090777,c1e84f2,42.0,2026-09-07T16:52:52+00:00
M0_Star,1,PARSE_0019.nii.gz,GT_minus_drift_neg,none,0.8785108102883373,1.0,0.9753875263448569,0.5816449097154631,157.0,0.23364034300390782,c1e84f2,42.0,2026-09-07T16:52:52+00:00
M0_Star,1,PARSE_0019.nii.gz,GT_minus_drift_pos,lcc,0.8992847504507927,0.7595873626027366,0.9715051517206268,0.6290646995837985,44.0,0.07525899504846416,c1e84f2,42.0,2026-09-07T16:52:52+00:00
M0_Star,1,PARSE_0019.nii.gz,GT_minus_drift_pos,none,0.9028973988120322,0.7595873626027366,0.9759364978279164,0.6324015739077035,15.0,0.07946622975222989,c1e84f2,42.0,2026-09-07T16:52:52+00:00
M0_Star,1,PARSE_0019.nii.gz,GT_minus_omission,lcc,0.829648968945485,1.07421875,0.9305501825401908,0.5936540062768206,18.0,0.24995154181309467,c1e84f2,42.0,2026-09-07T16:52:52+00:00
M0_Star,1,PARSE_0019.nii.gz,GT_minus_omission,none,0.8343167730792032,1.07421875,0.9342986739322323,0.5974243978101259,41.0,0.25484230722771417,c1e84f2,42.0,2026-09-07T16:52:52+00:00
M0_Star,1,PARSE_0019.nii.gz,GT_star,lcc,0.909312383768846,0.537109375,0.9747466316342108,0.6583392003019372,0.0,0.16819860904357964,c1e84f2,42.0,2026-09-07T16:52:52+00:00
M0_Star,1,PARSE_0019.nii.gz,GT_star,none,0.9130107229724579,0.537109375,0.9782092184909589,0.6616898639009908,59.0,0.17276949452465154,c1e84f2,42.0,2026-09-07T16:52:52+00:00
M0_Star,1,PARSE_0022.nii.gz,GT_minus_drift_neg,lcc,0.9136158995817201,0.792732992970856,0.9691293467843191,0.6153796854380358,45.0,-0.12994881759158333,c1e84f2,42.0,2026-09-07T16:52:52+00:00
M0_Star,1,PARSE_0022.nii.gz,GT_minus_drift_neg,none,0.9219063765597402,0.792732992970856,0.9756845602175287,0.6199451540151784,23.0,-0.12582579024690774,c1e84f2,42.0,2026-09-07T16:52:52+00:00
M0_Star,1,PARSE_0022.nii.gz,GT_minus_drift_pos,lcc,0.9176601725157871,1.0,0.964822724400183,0.563648150973,12.0,-0.21246613861131308,c1e84f2,42.0,2026-09-07T16:52:52+00:00
M0_Star,1,PARSE_0022.nii.gz,GT_minus_drift_pos,none,0.9264437143505789,1.0,0.9725330592965968,0.568286393696432,56.0,-0.20873414707907317,c1e84f2,42.0,2026-09-07T16:52:52+00:00
M0_Star,1,PARSE_0022.nii.gz,GT_minus_omission,lcc,0.8730930421657825,0.792732992970856,0.9524965168746468,0.6300754651974577,23.0,-0.12081152396596062,c1e84f2,42.0,2026-09-07T16:52:52+00:00
M0_Star,1,PARSE_0022.nii.gz,GT_minus_omission,none,0.8676408196945342,0.792732992970856,0.9521973924757048,0.6294561243144424,45.0,-0.11664519651177825,c1e84f2,42.0,2026-09-07T16:52:52+00:00
M0_Star,1,PARSE_0022.nii.gz,GT_star,lcc,0.9321045259159136,0.560546875,0.9685810521508292,0.6454029058316445,0.0,-0.1647429481346679,c1e84f2,42.0,2026-09-07T16:52:52+00:00
M0_Star,1,PARSE_0022.nii.gz,GT_star,none,0.9412587664218605,0.560546875,0.9755500319579575,0.6498799801150487,68.0,-0.16078480436760692,c1e84f2,42.0,2026-09-07T16:52:52+00:00
M0_Star,1,PARSE_0023.nii.gz,GT_minus_drift_neg,lcc,0.9073460813539885,0.8673106612991247,0.9781152712727138,0.5562422439622229,50.0,-0.16280646733487317,c1e84f2,42.0,2026-09-07T16:52:52+00:00
M0_Star,1,PARSE_0023.nii.gz,GT_minus_drift_neg,none,0.9034846097409883,0.8673106612991247,0.9781750053748579,0.5559015940293006,25.0,-0.1605735203746477,c1e84f2,42.0,2026-09-07T16:52:52+00:00
M0_Star,1,PARSE_0023.nii.gz,GT_minus_drift_pos,lcc,0.9116526651615343,1.0,0.9774469288575419,0.4904997171847765,14.0,-0.24535365690600347,c1e84f2,42.0,2026-09-07T16:52:52+00:00
M0_Star,1,PARSE_0023.nii.gz,GT_minus_drift_pos,none,0.9092113936401462,1.0,0.9779306135727014,0.4905011817744754,61.0,-0.2433408782686761,c1e84f2,42.0,2026-09-07T16:52:52+00:00
M0_Star,1,PARSE_0023.nii.gz,GT_minus_omission,lcc,0.8742221129930019,0.8673106612991247,0.9670800351247371,0.544863007208152,25.0,-0.16107095743297226,c1e84f2,42.0,2026-09-07T16:52:52+00:00
M0_Star,1,PARSE_0023.nii.gz,GT_minus_omission,none,0.8685715363634762,0.8673106612991247,0.9668272275059935,0.5442854937639598,50.0,-0.15883338155313778,c1e84f2,42.0,2026-09-07T16:52:52+00:00
M0_Star,1,PARSE_0023.nii.gz,GT_star,lcc,0.921338904039777,0.8673106612991247,0.9786180291427004,0.5508700281413158,0.0,-0.19880554942951803,c1e84f2,42.0,2026-09-07T16:52:52+00:00
M0_Star,1,PARSE_0023.nii.gz,GT_star,none,0.9190510731749281,0.8673106612991247,0.9791115095792818,0.5507425146818138,75.0,-0.19666861854896564,c1e84f2,42.0,2026-09-07T16:52:52+00:00
M0_Star,1,PARSE_0026.nii.gz,GT_minus_drift_neg,lcc,0.8386330981040044,1.0,0.955604035298186,0.6609828674866479,185.0,0.06713649056134376,c1e84f2,42.0,2026-09-07T16:52:52+00:00
M0_Star,1,PARSE_0026.nii.gz,GT_minus_drift_neg,none,0.8304224065265672,1.0330388131397217,0.9500755671712828,0.6570502918312305,98.0,0.09027310122374398,c1e84f2,42.0,2026-09-07T16:52:52+00:00
M0_Star,1,PARSE_0026.nii.gz,GT_minus_drift_pos,lcc,0.857370058967102,1.0,0.9504840232960806,0.682039981111286,37.0,-0.04426611143550816,c1e84f2,42.0,2026-09-07T16:52:52+00:00
M0_Star,1,PARSE_0026.nii.gz,GT_minus_drift_pos,none,0.8526838344008042,1.0,0.9484944624126379,0.6798145014243916,50.0,-0.023544823135314547,c1e84f2,42.0,2026-09-07T16:52:52+00:00
M0_Star,1,PARSE_0026.nii.gz,GT_minus_omission,lcc,0.7726934309743106,2.129221593617386,0.8978240089456409,0.654988637593334,8.0,0.11408701726732105,c1e84f2,42.0,2026-09-07T16:52:52+00:00
M0_Star,1,PARSE_0026.nii.gz,GT_minus_omission,none,0.7650022669969234,2.517110634689231,0.89193343109925,0.6515349689306963,79.0,0.13824156337321775,c1e84f2,42.0,2026-09-07T16:52:52+00:00
M0_Star,1,PARSE_0026.nii.gz,GT_star,lcc,0.8648774308178754,0.73046875,0.9572381423952798,0.7262067731586853,0.0,0.023953673102329927,c1e84f2,42.0,2026-09-07T16:52:52+00:00
M0_Star,1,PARSE_0026.nii.gz,GT_star,none,0.8601772818804269,0.73046875,0.9527929321716473,0.722750590342806,87.0,0.046154036111602716,c1e84f2,42.0,2026-09-07T16:52:52+00:00
M0_Star,1,PARSE_0029.nii.gz,GT_minus_drift_neg,lcc,0.9158874354146725,0.68359375,0.9840586641160529,0.7311877476073235,98.0,-0.0016057160913388062,c1e84f2,42.0,2026-09-07T16:52:52+00:00
M0_Star,1,PARSE_0029.nii.gz,GT_minus_drift_neg,none,0.9162516495233041,0.68359375,0.9852651071722394,0.7316963851300545,54.0,-0.00035145191557415633,c1e84f2,42.0,2026-09-07T16:52:52+00:00
M0_Star,1,PARSE_0029.nii.gz,GT_minus_drift_pos,lcc,0.9300853274468048,0.68359375,0.9841800636070546,0.7059892097123499,14.0,-0.1258426966292135,c1e84f2,42.0,2026-09-07T16:52:52+00:00
M0_Star,1,PARSE_0029.nii.gz,GT_minus_drift_pos,none,0.9309416566607138,0.68359375,0.9857252234946636,0.7065564792335924,30.0,-0.12474450906216476,c1e84f2,42.0,2026-09-07T16:52:52+00:00
M0_Star,1,PARSE_0029.nii.gz,GT_minus_omission,lcc,0.8198736960299138,0.966747552403483,0.936934944203174,0.7441882200469803,32.0,0.03892042785628968,c1e84f2,42.0,2026-09-07T16:52:52+00:00
M0_Star,1,PARSE_0029.nii.gz,GT_minus_omission,none,0.818608432749206,0.966747552403483,0.9375705959778574,0.7444915689343469,12.0,0.04022560427319456,c1e84f2,42.0,2026-09-07T16:52:52+00:00
M0_Star,1,PARSE_0029.nii.gz,GT_star,lcc,0.940395344324866,0.68359375,0.9856988307984241,0.803943235003153,0.0,-0.046236774422078825,c1e84f2,42.0,2026-09-07T16:52:52+00:00
M0_Star,1,PARSE_0029.nii.gz,GT_star,none,0.9411668501806227,0.68359375,0.986965855800931,0.804458942879185,44.0,-0.04503857941507138,c1e84f2,42.0,2026-09-07T16:52:52+00:00
M0_Star,1,PARSE_0031.nii.gz,GT_minus_drift_neg,lcc,0.8673244006423809,1.0,0.9541851601927445,0.6595036923691039,40.0,-0.10927575332553133,c1e84f2,42.0,2026-09-07T16:52:52+00:00
M0_Star,1,PARSE_0031.nii.gz,GT_minus_drift_neg,none,0.8822423581861683,0.734375,0.9693426754460015,0.670728046973193,6.0,-0.09652304421236946,c1e84f2,42.0,2026-09-07T16:52:52+00:00
M0_Star,1,PARSE_0031.nii.gz,GT_minus_drift_pos,lcc,0.8871911860319645,1.0385630848677416,0.9516173587595794,0.6304669399394047,7.0,-0.1930771596445509,c1e84f2,42.0,2026-09-07T16:52:52+00:00
M0_Star,1,PARSE_0031.nii.gz,GT_minus_drift_pos,none,0.9029286601876215,1.0,0.9687634772965313,0.6413652886451852,39.0,-0.18152425502986355,c1e84f2,42.0,2026-09-07T16:52:52+00:00
M0_Star,1,PARSE_0031.nii.gz,GT_minus_omission,lcc,0.7617210303540699,1.7768586219786875,0.9009450789073059,0.6401012907537017,9.0,-0.07990661105164076,c1e84f2,42.0,2026-09-07T16:52:52+00:00
M0_Star,1,PARSE_0031.nii.gz,GT_minus_omission,none,0.7835590469103749,1.2406879706940823,0.9186374334200421,0.6531599157686114,37.0,-0.06673341700195637,c1e84f2,42.0,2026-09-07T16:52:52+00:00
M0_Star,1,PARSE_0031.nii.gz,GT_star,lcc,0.8924169099810637,0.734375,0.9549927782241397,0.6919900985040939,0.0,-0.14909686751923398,c1e84f2,42.0,2026-09-07T16:52:52+00:00
M0_Star,1,PARSE_0031.nii.gz,GT_star,none,0.9079772842384467,0.734375,0.9707356211173005,0.7034362606881691,46.0,-0.1369142866896237,c1e84f2,42.0,2026-09-07T16:52:52+00:00
M0_Star,1,PARSE_0038.nii.gz,GT_minus_drift_neg,lcc,0.860837273604923,0.65625,0.9673633830629303,0.6857580346907868,80.0,0.10704236237234906,c1e84f2,42.0,2026-09-07T16:52:52+00:00
M0_Star,1,PARSE_0038.nii.gz,GT_minus_drift_neg,none,0.8759668839035466,0.65625,0.9804655678891459,0.695759859786553,30.0,0.12162100448600625,c1e84f2,42.0,2026-09-07T16:52:52+00:00
M0_Star,1,PARSE_0038.nii.gz,GT_minus_drift_pos,lcc,0.8886219447203868,0.65625,0.9676248014211594,0.7098988128311278,24.0,0.009113382518700686,c1e84f2,42.0,2026-09-07T16:52:52+00:00
M0_Star,1,PARSE_0038.nii.gz,GT_minus_drift_pos,none,0.9063651951686628,0.65625,0.9847109762016657,0.7219855314755892,26.0,0.02240239778665847,c1e84f2,42.0,2026-09-07T16:52:52+00:00
M0_Star,1,PARSE_0038.nii.gz,GT_minus_omission,lcc,0.7725692248722252,0.65625,0.9167133185213695,0.6976959815258655,13.0,0.13273617391429374,c1e84f2,42.0,2026-09-07T16:52:52+00:00
M0_Star,1,PARSE_0038.nii.gz,GT_minus_omission,none,0.7835786336183957,0.65625,0.925131943131221,0.7046192989392975,37.0,0.14765317786100945,c1e84f2,42.0,2026-09-07T16:52:52+00:00
M0_Star,1,PARSE_0038.nii.gz,GT_star,lcc,0.8995928256505613,0.65625,0.9710923899399542,0.7649157753075343,0.0,0.07277103183924127,c1e84f2,42.0,2026-09-07T16:52:52+00:00
M0_Star,1,PARSE_0038.nii.gz,GT_star,none,0.9162318050764381,0.65625,0.9853327557658909,0.7761049013614668,50.0,0.08689835476260992,c1e84f2,42.0,2026-09-07T16:52:52+00:00
M0_Star,1,PARSE_0041.nii.gz,GT_minus_drift_neg,lcc,0.898997130118028,0.7265625,0.9724071871089345,0.7239173760563598,93.0,-0.017056141936013798,c1e84f2,42.0,2026-09-07T16:52:52+00:00
M0_Star,1,PARSE_0041.nii.gz,GT_minus_drift_neg,none,0.8999854119700565,0.7265625,0.9747073610832652,0.724834595394889,48.0,-0.015183375087272579,c1e84f2,42.0,2026-09-07T16:52:52+00:00
M0_Star,1,PARSE_0041.nii.gz,GT_minus_drift_pos,lcc,0.9120563128919125,1.0,0.9697511953503021,0.7058436166862313,17.0,-0.12395269417022632,c1e84f2,42.0,2026-09-07T16:52:52+00:00
M0_Star,1,PARSE_0041.nii.gz,GT_minus_drift_pos,none,0.9136645103345442,1.0,0.9731913160301853,0.7067087811571003,28.0,-0.1222835933982672,c1e84f2,42.0,2026-09-07T16:52:52+00:00
M0_Star,1,PARSE_0041.nii.gz,GT_minus_omission,lcc,0.8341167456144075,1.027514541411702,0.935539727373204,0.7357239346678128,17.0,0.03549919526504335,c1e84f2,42.0,2026-09-07T16:52:52+00:00
M0_Star,1,PARSE_0041.nii.gz,GT_minus_omission,none,0.8339377890270141,1.027514541411702,0.936995905959648,0.7361019179067277,28.0,0.03747209386843881,c1e84f2,42.0,2026-09-07T16:52:52+00:00
M0_Star,1,PARSE_0041.nii.gz,GT_star,lcc,0.9190814085557693,0.7265625,0.9729013732081216,0.7830074915964487,0.0,-0.057435186534394556,c1e84f2,42.0,2026-09-07T16:52:52+00:00
M0_Star,1,PARSE_0041.nii.gz,GT_star,none,0.921134579361752,0.7265625,0.9757241742532541,0.7838763072756,45.0,-0.05563935239700537,c1e84f2,42.0,2026-09-07T16:52:52+00:00
M0_Star,1,PARSE_0053.nii.gz,GT_minus_drift_neg,lcc,0.8627327261645339,1.2224503121292907,0.9554127344180272,0.6060610303658275,103.0,-0.21923114166747362,c1e84f2,42.0,2026-09-07T16:52:52+00:00
M0_Star,1,PARSE_0053.nii.gz,GT_minus_drift_neg,none,0.8673639057479651,1.0,0.9608408038823546,0.6073917644481117,1.0,-0.217996513992447,c1e84f2,42.0,2026-09-07T16:52:52+00:00
M0_Star,1,PARSE_0053.nii.gz,GT_minus_drift_pos,lcc,0.8624943420549925,1.4102374024432907,0.9468344849998289,0.529457291417234,21.0,-0.31944309631023876,c1e84f2,42.0,2026-09-07T16:52:52+00:00
M0_Star,1,PARSE_0053.nii.gz,GT_minus_drift_pos,none,0.8675946099442006,1.40625,0.9533356968037622,0.5307300987959115,83.0,-0.318366933526902,c1e84f2,42.0,2026-09-07T16:52:52+00:00
M0_Star,1,PARSE_0053.nii.gz,GT_minus_omission,lcc,0.830196289456118,1.2224503121292907,0.9434409059904312,0.622181478668492,29.0,-0.20180171261693808,c1e84f2,42.0,2026-09-07T16:52:52+00:00
M0_Star,1,PARSE_0053.nii.gz,GT_minus_omission,none,0.8345930830289774,1.0,0.9482069691933053,0.6232944223261567,75.0,-0.2005395238330941,c1e84f2,42.0,2026-09-07T16:52:52+00:00
M0_Star,1,PARSE_0053.nii.gz,GT_star,lcc,0.8730402096327996,1.0,0.9554491858188773,0.6205338855506897,0.0,-0.25804937749026896,c1e84f2,42.0,2026-09-07T16:52:52+00:00
M0_Star,1,PARSE_0053.nii.gz,GT_star,none,0.8792159851450042,0.9943689110435825,0.9614820340668905,0.621961502379257,104.0,-0.2568761329861143,c1e84f2,42.0,2026-09-07T16:52:52+00:00
M0_Star,1,PARSE_0064.nii.gz,GT_minus_drift_neg,lcc,0.7708067322559157,3.0,0.8847048524703581,0.576775774005556,317.0,-0.011878871073109015,c1e84f2,42.0,2026-09-07T16:52:52+00:00
M0_Star,1,PARSE_0064.nii.gz,GT_minus_drift_neg,none,0.771547044571642,2.678628161601569,0.8879115532820262,0.5771035533102298,231.0,-0.010423471623845397,c1e84f2,42.0,2026-09-07T16:52:52+00:00
M0_Star,1,PARSE_0064.nii.gz,GT_minus_drift_pos,lcc,0.7608815465487249,4.0865872451839325,0.8661418826044901,0.5758030850684722,91.0,-0.15129249574731787,c1e84f2,42.0,2026-09-07T16:52:52+00:00
M0_Star,1,PARSE_0064.nii.gz,GT_minus_drift_pos,none,0.7622968574019654,3.846448493821931,0.8700419527078566,0.5761823035850496,5.0,-0.15004243803868786,c1e84f2,42.0,2026-09-07T16:52:52+00:00
M0_Star,1,PARSE_0064.nii.gz,GT_minus_omission,lcc,0.7405899607662649,4.06328117489425,0.8646186610652838,0.5965180987389596,11.0,0.01878258497137425,c1e84f2,42.0,2026-09-07T16:52:52+00:00
M0_Star,1,PARSE_0064.nii.gz,GT_minus_omission,none,0.7406904042268909,3.846448493821931,0.8672651782787631,0.5966493061878574,75.0,0.020283145550113183,c1e84f2,42.0,2026-09-07T16:52:52+00:00
M0_Star,1,PARSE_0064.nii.gz,GT_star,lcc,0.7724078988557571,3.204687119088227,0.8829137205215187,0.6262448740480375,0.0,-0.06404452137950481,c1e84f2,42.0,2026-09-07T16:52:52+00:00
M0_Star,1,PARSE_0064.nii.gz,GT_star,none,0.7738988304547622,3.0422240142903676,0.8864251792785315,0.6266243927662644,86.0,-0.06266595649687864,c1e84f2,42.0,2026-09-07T16:52:52+00:00
M0_Star,1,PARSE_0065.nii.gz,GT_minus_drift_neg,lcc,0.7475958038525465,7.841840656011035,0.897608684757341,0.46437699742094163,105.0,0.5970024539346994,c1e84f2,42.0,2026-09-07T16:52:52+00:00
M0_Star,1,PARSE_0065.nii.gz,GT_minus_drift_neg,none,0.7440199510349652,7.625675609237155,0.8991450769277827,0.4658718991833114,24.0,0.607418470300667,c1e84f2,42.0,2026-09-07T16:52:52+00:00
M0_Star,1,PARSE_0065.nii.gz,GT_minus_drift_pos,lcc,0.7773681677034893,7.127005311623814,0.9086918603599202,0.5296031323844987,29.0,0.4205924065340715,c1e84f2,42.0,2026-09-07T16:52:52+00:00
M0_Star,1,PARSE_0065.nii.gz,GT_minus_drift_pos,none,0.7743905000576401,6.819807140945942,0.9114318134484318,0.5316532967545945,52.0,0.42985783610142847,c1e84f2,42.0,2026-09-07T16:52:52+00:00
M0_Star,1,PARSE_0065.nii.gz,GT_minus_omission,lcc,0.6844818873536335,11.681774511751552,0.840824890594089,0.46010031373019206,14.0,0.6396477682291282,c1e84f2,42.0,2026-09-07T16:52:52+00:00
M0_Star,1,PARSE_0065.nii.gz,GT_minus_omission,none,0.680884214687132,11.605090247793157,0.8418501993168543,0.4616225897718357,67.0,0.6503419271180007,c1e84f2,42.0,2026-09-07T16:52:52+00:00
M0_Star,1,PARSE_0065.nii.gz,GT_star,lcc,0.7807131298338656,7.422386906688314,0.9078589249262872,0.5239132078324639,0.0,0.5231759263500206,c1e84f2,42.0,2026-09-07T16:52:52+00:00
M0_Star,1,PARSE_0065.nii.gz,GT_star,none,0.7781787936716883,7.222619542987443,0.9098531236993179,0.5256724174781673,81.0,0.5331104291668575,c1e84f2,42.0,2026-09-07T16:52:52+00:00
M0_Star,1,PARSE_0066.nii.gz,GT_minus_drift_neg,lcc,0.8441171374736861,0.75,0.9640883018897036,0.6452302244577565,64.0,0.13277132464715774,c1e84f2,42.0,2026-09-07T16:52:52+00:00
M0_Star,1,PARSE_0066.nii.gz,GT_minus_drift_neg,none,0.8368675947596499,0.75,0.9641577198757191,0.6454302150306088,31.0,0.1353823412653587,c1e84f2,42.0,2026-09-07T16:52:52+00:00
M0_Star,1,PARSE_0066.nii.gz,GT_minus_drift_pos,lcc,0.8653464600488219,0.75,0.9690964841599429,0.6664892278860843,15.0,0.049964550357936684,c1e84f2,42.0,2026-09-07T16:52:52+00:00
M0_Star,1,PARSE_0066.nii.gz,GT_minus_drift_pos,none,0.8588494348752646,0.75,0.969634508982776,0.6668993245650388,80.0,0.05238469891736494,c1e84f2,42.0,2026-09-07T16:52:52+00:00
M0_Star,1,PARSE_0066.nii.gz,GT_minus_omission,lcc,0.7625194215369906,1.0,0.9170846138168333,0.6403523144614376,17.0,0.14708016315005099,c1e84f2,42.0,2026-09-07T16:52:52+00:00
M0_Star,1,PARSE_0066.nii.gz,GT_minus_omission,none,0.7554648581938251,1.0,0.9169494901210963,0.640646908859146,78.0,0.14972416137213376,c1e84f2,42.0,2026-09-07T16:52:52+00:00
M0_Star,1,PARSE_0066.nii.gz,GT_star,lcc,0.8712538387922214,0.75,0.9687758924011123,0.704538145773036,0.0,0.09282398253867925,c1e84f2,42.0,2026-09-07T16:52:52+00:00
M0_Star,1,PARSE_0066.nii.gz,GT_star,none,0.8647520958334434,0.75,0.9688259078770688,0.7048022811967231,95.0,0.09534292128394262,c1e84f2,42.0,2026-09-07T16:52:52+00:00
M0_Star,1,PARSE_0072.nii.gz,GT_minus_drift_neg,lcc,0.8644402080875515,1.0,0.951764549809051,0.6418879822063153,155.0,-0.044669020096444474,c1e84f2,42.0,2026-09-07T16:52:52+00:00
M0_Star,1,PARSE_0072.nii.gz,GT_minus_drift_neg,none,0.8624820200676017,1.0,0.9526869158878505,0.6424615833932422,47.0,-0.03999805162676347,c1e84f2,42.0,2026-09-07T16:52:52+00:00
M0_Star,1,PARSE_0072.nii.gz,GT_minus_drift_pos,lcc,0.8923340522348172,1.1751256997258845,0.9468690355276934,0.6328822418974561,28.0,-0.14602845769730524,c1e84f2,42.0,2026-09-07T16:52:52+00:00
M0_Star,1,PARSE_0072.nii.gz,GT_minus_drift_pos,none,0.8913878970730172,1.1751256997258845,0.9494087991476313,0.6339128401029079,80.0,-0.14185307321589397,c1e84f2,42.0,2026-09-07T16:52:52+00:00
M0_Star,1,PARSE_0072.nii.gz,GT_minus_omission,lcc,0.7801324580442123,1.7042893095895573,0.8958865436871488,0.6264942978651377,23.0,8.587998808415166e-05,c1e84f2,42.0,2026-09-07T16:52:52+00:00
M0_Star,1,PARSE_0072.nii.gz,GT_minus_omission,none,0.7794599062981618,1.7042893095895573,0.8969650146999585,0.6275469406650754,85.0,0.004975671809625537,c1e84f2,42.0,2026-09-07T16:52:52+00:00
M0_Star,1,PARSE_0072.nii.gz,GT_star,lcc,0.9036534897662074,0.8728349330271447,0.9538405349993498,0.700805985263723,0.0,-0.0811480563672005,c1e84f2,42.0,2026-09-07T16:52:52+00:00
M0_Star,1,PARSE_0072.nii.gz,GT_star,none,0.9029692186408202,0.8728349330271447,0.9552382210916379,0.7018561037788312,108.0,-0.07665544747321572,c1e84f2,42.0,2026-09-07T16:52:52+00:00
M0_Star,1,PARSE_0073.nii.gz,GT_minus_drift_neg,lcc,0.8765501916167932,0.65234375,0.9736408331098596,0.6351086082059534,73.0,0.022393644416242933,c1e84f2,42.0,2026-09-07T16:52:52+00:00
M0_Star,1,PARSE_0073.nii.gz,GT_minus_drift_neg,none,0.8795128550105219,0.65234375,0.9772844494876017,0.6382977209750684,31.0,0.026656119554175833,c1e84f2,42.0,2026-09-07T16:52:52+00:00
M0_Star,1,PARSE_0073.nii.gz,GT_minus_drift_pos,lcc,0.8979931274628503,0.65234375,0.9747493526775151,0.6288797095668517,16.0,-0.05852806003469183,c1e84f2,42.0,2026-09-07T16:52:52+00:00
M0_Star,1,PARSE_0073.nii.gz,GT_minus_drift_pos,none,0.9010249513831516,0.65234375,0.9788992492128845,0.6321883157073276,26.0,-0.054602956666649195,c1e84f2,42.0,2026-09-07T16:52:52+00:00
M0_Star,1,PARSE_0073.nii.gz,GT_minus_omission,lcc,0.7819807568300674,0.9225533785793237,0.9294138250977206,0.6328646964790753,18.0,0.036446344404252984,c1e84f2,42.0,2026-09-07T16:52:52+00:00
M0_Star,1,PARSE_0073.nii.gz,GT_minus_omission,none,0.7869928333487868,0.9225533785793237,0.9334781206800064,0.6365182843440651,24.0,0.04076740684331678,c1e84f2,42.0,2026-09-07T16:52:52+00:00
M0_Star,1,PARSE_0073.nii.gz,GT_star,lcc,0.9075764622447856,0.65234375,0.9777624032899843,0.6821730472742087,0.0,-0.015928791509756932,c1e84f2,42.0,2026-09-07T16:52:52+00:00
M0_Star,1,PARSE_0073.nii.gz,GT_star,none,0.9104880273392975,0.65234375,0.9814673109781025,0.6854229778788736,42.0,-0.01182608695652174,c1e84f2,42.0,2026-09-07T16:52:52+00:00
M0_Star,1,PARSE_0078.nii.gz,GT_minus_drift_neg,lcc,0.8571447464814611,1.0054174544996222,0.9611181827452965,0.5981393837983615,171.0,0.17309479752027354,c1e84f2,42.0,2026-09-07T16:52:52+00:00
M0_Star,1,PARSE_0078.nii.gz,GT_minus_drift_neg,none,0.8591551349012506,1.0054174544996222,0.9637929863997405,0.5990902987832935,122.0,0.1747618763377135,c1e84f2,42.0,2026-09-07T16:52:52+00:00
M0_Star,1,PARSE_0078.nii.gz,GT_minus_drift_pos,lcc,0.8767508191356431,1.0,0.9577756978011231,0.6301025397446285,37.0,0.038769816250174616,c1e84f2,42.0,2026-09-07T16:52:52+00:00
M0_Star,1,PARSE_0078.nii.gz,GT_minus_drift_pos,none,0.8787879541024463,1.0,0.9614116957718184,0.6310080601564598,12.0,0.04024600654658305,c1e84f2,42.0,2026-09-07T16:52:52+00:00
M0_Star,1,PARSE_0078.nii.gz,GT_minus_omission,lcc,0.7337674371084819,4.863900876691593,0.8657190025053508,0.5326525194538003,23.0,0.28516644946727765,c1e84f2,42.0,2026-09-07T16:52:52+00:00
M0_Star,1,PARSE_0078.nii.gz,GT_minus_omission,none,0.7324857274642095,4.764555463999894,0.8662056113469303,0.5327673672222797,26.0,0.2869927927170476,c1e84f2,42.0,2026-09-07T16:52:52+00:00
M0_Star,1,PARSE_0078.nii.gz,GT_star,lcc,0.8848619046482443,1.0,0.9654060848027799,0.650245831947063,0.0,0.12385527207966734,c1e84f2,42.0,2026-09-07T16:52:52+00:00
M0_Star,1,PARSE_0078.nii.gz,GT_star,none,0.8869934543220134,1.0,0.9673607701706527,0.6511530042340191,49.0,0.125452376867714,c1e84f2,42.0,2026-09-07T16:52:52+00:00
M0_Star,1,PARSE_0082.nii.gz,GT_minus_drift_neg,lcc,0.8620305205308881,0.74609375,0.9577895463262683,0.6838772156580156,52.0,-0.03823674910614045,c1e84f2,42.0,2026-09-07T16:52:52+00:00
M0_Star,1,PARSE_0082.nii.gz,GT_minus_drift_neg,none,0.8541414261113278,0.74609375,0.9575548103027399,0.6835641335675556,33.0,-0.036112814406024034,c1e84f2,42.0,2026-09-07T16:52:52+00:00
M0_Star,1,PARSE_0082.nii.gz,GT_minus_drift_pos,lcc,0.8768401158529741,0.74609375,0.9573495399557608,0.6614766087138215,18.0,-0.10651934613902801,c1e84f2,42.0,2026-09-07T16:52:52+00:00
M0_Star,1,PARSE_0082.nii.gz,GT_minus_drift_pos,none,0.8700592959908128,0.74609375,0.9577145444288337,0.6612743847444655,67.0,-0.10454620507457758,c1e84f2,42.0,2026-09-07T16:52:52+00:00
M0_Star,1,PARSE_0082.nii.gz,GT_minus_omission,lcc,0.8065822608739899,0.74609375,0.9332163541577109,0.699194172404899,13.0,-0.03043325051364136,c1e84f2,42.0,2026-09-07T16:52:52+00:00
M0_Star,1,PARSE_0082.nii.gz,GT_minus_omission,none,0.798900004565622,0.74609375,0.9327755326321204,0.6988304891213275,72.0,-0.028292082755984518,c1e84f2,42.0,2026-09-07T16:52:52+00:00
M0_Star,1,PARSE_0082.nii.gz,GT_star,lcc,0.881124438332032,0.74609375,0.9600512173508163,0.7310638489613842,0.0,-0.0626356938285292,c1e84f2,42.0,2026-09-07T16:52:52+00:00
M0_Star,1,PARSE_0082.nii.gz,GT_star,none,0.8742526495307873,0.74609375,0.959709099624391,0.7307186752199166,85.0,-0.06056564116777531,c1e84f2,42.0,2026-09-07T16:52:52+00:00
M0_Star,2,PARSE_0009.nii.gz,GT_minus_drift_neg,lcc,0.8762684640180942,1.1531379678301996,0.93873431533006,0.593203959161406,68.0,0.08625719493968734,c1e84f2,42.0,2026-09-07T16:52:52+00:00
M0_Star,2,PARSE_0009.nii.gz,GT_minus_drift_neg,none,0.8456346344301358,1.2881981003336114,0.9230240445418396,0.5832368032267008,20.0,0.11155191813757512,c1e84f2,42.0,2026-09-07T16:52:52+00:00
M0_Star,2,PARSE_0009.nii.gz,GT_minus_drift_pos,lcc,0.8967314504328807,1.1484375,0.9415251825856018,0.6210610029257473,7.0,-0.014312935641444204,c1e84f2,42.0,2026-09-07T16:52:52+00:00
M0_Star,2,PARSE_0009.nii.gz,GT_minus_drift_pos,none,0.8674569837702412,1.2839921589549574,0.9281092303802337,0.6113368542134822,41.0,0.008639898704635877,c1e84f2,42.0,2026-09-07T16:52:52+00:00
M0_Star,2,PARSE_0009.nii.gz,GT_minus_omission,lcc,0.8068832282888317,1.991869613118304,0.8976269682856509,0.6061896409201798,14.0,0.09470353660512103,c1e84f2,42.0,2026-09-07T16:52:52+00:00
M0_Star,2,PARSE_0009.nii.gz,GT_minus_omission,none,0.7785540651156493,2.3766858993686593,0.882773541491609,0.59590541782172,34.0,0.12019494238928506,c1e84f2,42.0,2026-09-07T16:52:52+00:00
M0_Star,2,PARSE_0009.nii.gz,GT_star,lcc,0.9116266328477735,1.1484375,0.9437548635163796,0.6726758113489678,0.0,0.03898304530302882,c1e84f2,42.0,2026-09-07T16:52:52+00:00
M0_Star,2,PARSE_0009.nii.gz,GT_star,none,0.8813961722899231,1.2839921589549574,0.9286115481756739,0.6612954221671706,48.0,0.06317693663987543,c1e84f2,42.0,2026-09-07T16:52:52+00:00
M0_Star,2,PARSE_0013.nii.gz,GT_minus_drift_neg,lcc,0.8390955182617672,1.2047472828875772,0.9489710928737215,0.5981468936592372,23.0,-0.16771726179036783,c1e84f2,42.0,2026-09-07T16:52:52+00:00
M0_Star,2,PARSE_0013.nii.gz,GT_minus_drift_neg,none,0.8253321482596571,1.34375,0.9456283360088752,0.5964682847266355,28.0,-0.16100370270720427,c1e84f2,42.0,2026-09-07T16:52:52+00:00
M0_Star,2,PARSE_0013.nii.gz,GT_minus_drift_pos,lcc,0.8503735791984866,1.3794317783964527,0.9467145851632297,0.5308804848773284,3.0,-0.24430484666055927,c1e84f2,42.0,2026-09-07T16:52:52+00:00
M0_Star,2,PARSE_0013.nii.gz,GT_minus_drift_pos,none,0.8367039121428568,1.3794317783964527,0.9436980833168311,0.5298202827255325,48.0,-0.2382090767642397,c1e84f2,42.0,2026-09-07T16:52:52+00:00
M0_Star,2,PARSE_0013.nii.gz,GT_minus_omission,lcc,0.7577270410074034,2.25005425281814,0.9091710173859813,0.564944964537901,18.0,-0.14342508653370695,c1e84f2,42.0,2026-09-07T16:52:52+00:00
M0_Star,2,PARSE_0013.nii.gz,GT_minus_omission,none,0.7415664334733648,2.620764812631038,0.9037977327315132,0.5615183195448445,33.0,-0.13651557606724904,c1e84f2,42.0,2026-09-07T16:52:52+00:00
M0_Star,2,PARSE_0013.nii.gz,GT_star,lcc,0.8570709990824389,1.2047472828875772,0.9497104518998964,0.6068401394513402,0.0,-0.19490997648327338,c1e84f2,42.0,2026-09-07T16:52:52+00:00
M0_Star,2,PARSE_0013.nii.gz,GT_star,none,0.8432455154942078,1.2047472828875772,0.9465100658957649,0.6051954181567339,51.0,-0.18841576581182282,c1e84f2,42.0,2026-09-07T16:52:52+00:00
M0_Star,2,PARSE_0017.nii.gz,GT_minus_drift_neg,lcc,0.8292183083797728,0.9454742343726501,0.9347266059653544,0.6250763096026705,140.0,0.012691082101058753,c1e84f2,42.0,2026-09-07T16:52:52+00:00
M0_Star,2,PARSE_0017.nii.gz,GT_minus_drift_neg,none,0.8222088332731166,0.9454742343726501,0.9334836986439277,0.6230821461542251,67.0,0.021997386158387054,c1e84f2,42.0,2026-09-07T16:52:52+00:00
M0_Star,2,PARSE_0017.nii.gz,GT_minus_drift_pos,lcc,0.8367632976382536,1.0078125,0.9269542672816617,0.6238541698069598,32.0,-0.0883137871829913,c1e84f2,42.0,2026-09-07T16:52:52+00:00
M0_Star,2,PARSE_0017.nii.gz,GT_minus_drift_pos,none,0.8311097949307705,1.0078125,0.9274080884547875,0.6228412677564309,41.0,-0.07993568526098531,c1e84f2,42.0,2026-09-07T16:52:52+00:00
M0_Star,2,PARSE_0017.nii.gz,GT_minus_omission,lcc,0.7782734279676661,1.1267686292870034,0.9089488968406667,0.6500593386438422,22.0,0.02965954603649774,c1e84f2,42.0,2026-09-07T16:52:52+00:00
M0_Star,2,PARSE_0017.nii.gz,GT_minus_omission,none,0.7720011164719536,1.1267686292870034,0.9081103431717993,0.6488852529716583,51.0,0.03912178479845618,c1e84f2,42.0,2026-09-07T16:52:52+00:00
M0_Star,2,PARSE_0017.nii.gz,GT_star,lcc,0.8396467721918108,0.800000011920929,0.9326827371530853,0.6896939394387657,0.0,-0.028872980361163085,c1e84f2,42.0,2026-09-07T16:52:52+00:00
M0_Star,2,PARSE_0017.nii.gz,GT_star,none,0.8354535806880617,0.800000011920929,0.9326844245152007,0.6885363160272391,73.0,-0.01994863661726887,c1e84f2,42.0,2026-09-07T16:52:52+00:00
M0_Star,2,PARSE_0020.nii.gz,GT_minus_drift_neg,lcc,0.9074048446217209,0.8838834764831844,0.980232617783591,0.671026647174989,131.0,0.15470497814981665,c1e84f2,42.0,2026-09-07T16:52:52+00:00
M0_Star,2,PARSE_0020.nii.gz,GT_minus_drift_neg,none,0.9029644122604645,0.8838834764831844,0.9794393061365468,0.6703317086899234,50.0,0.1573887699642516,c1e84f2,42.0,2026-09-07T16:52:52+00:00
M0_Star,2,PARSE_0020.nii.gz,GT_minus_drift_pos,lcc,0.9352750205489156,0.625,0.9816475111699192,0.6999934730883566,29.0,0.014392415524473344,c1e84f2,42.0,2026-09-07T16:52:52+00:00
M0_Star,2,PARSE_0020.nii.gz,GT_minus_drift_pos,none,0.9308712256872673,0.625,0.9813274446306043,0.6993150238883199,52.0,0.016750089660226723,c1e84f2,42.0,2026-09-07T16:52:52+00:00
M0_Star,2,PARSE_0020.nii.gz,GT_minus_omission,lcc,0.8490174300287081,1.0,0.9361403136641434,0.6905516299664595,14.0,0.17080668209648797,c1e84f2,42.0,2026-09-07T16:52:52+00:00
M0_Star,2,PARSE_0020.nii.gz,GT_minus_omission,none,0.8448204921413865,1.0,0.9353643216080402,0.6897513885215552,67.0,0.17352789786082204,c1e84f2,42.0,2026-09-07T16:52:52+00:00
M0_Star,2,PARSE_0020.nii.gz,GT_star,lcc,0.9427566656732729,0.625,0.9838678346742863,0.7557961751510138,0.0,0.09723187359586569,c1e84f2,42.0,2026-09-07T16:52:52+00:00
M0_Star,2,PARSE_0020.nii.gz,GT_star,none,0.9386042496852569,0.625,0.9831620469349737,0.7549541777627746,81.0,0.09978208510150247,c1e84f2,42.0,2026-09-07T16:52:52+00:00
M0_Star,2,PARSE_0025.nii.gz,GT_minus_drift_neg,lcc,0.8643448011385645,0.9225533785793237,0.9668203768926328,0.6543843723902545,104.0,-0.039464154002564936,c1e84f2,42.0,2026-09-07T16:52:52+00:00
M0_Star,2,PARSE_0025.nii.gz,GT_minus_drift_neg,none,0.8654872422115365,0.65234375,0.969104154446641,0.6553771733541889,21.0,-0.03688592673316012,c1e84f2,42.0,2026-09-07T16:52:52+00:00
M0_Star,2,PARSE_0025.nii.gz,GT_minus_drift_pos,lcc,0.8754600047116705,0.9225533785793237,0.9647018343981704,0.6143243626157884,20.0,-0.138853806743715,c1e84f2,42.0,2026-09-07T16:52:52+00:00
M0_Star,2,PARSE_0025.nii.gz,GT_minus_drift_pos,none,0.877852703940647,0.9225533785793237,0.9689188552664338,0.6155331704920901,63.0,-0.13654235672584297,c1e84f2,42.0,2026-09-07T16:52:52+00:00
M0_Star,2,PARSE_0025.nii.gz,GT_minus_omission,lcc,0.7495241196201312,1.0,0.9148911229979956,0.6438219676397154,29.0,0.006626021497139634,c1e84f2,42.0,2026-09-07T16:52:52+00:00
M0_Star,2,PARSE_0025.nii.gz,GT_minus_omission,none,0.7511633591371943,1.0,0.9159119151406078,0.6441117694492164,54.0,0.00932796194999321,c1e84f2,42.0,2026-09-07T16:52:52+00:00
M0_Star,2,PARSE_0025.nii.gz,GT_star,lcc,0.8869194696480279,0.65234375,0.9688121033399577,0.6925372709076792,0.0,-0.079271962929346,c1e84f2,42.0,2026-09-07T16:52:52+00:00
M0_Star,2,PARSE_0025.nii.gz,GT_star,none,0.8909353593760092,0.65234375,0.9712315046988542,0.6936545933697498,83.0,-0.0768005859965923,c1e84f2,42.0,2026-09-07T16:52:52+00:00
M0_Star,2,PARSE_0033.nii.gz,GT_minus_drift_neg,lcc,0.8990058388090519,0.80078125,0.9809050105815595,0.6438109922204226,84.0,-0.14109489343517975,c1e84f2,42.0,2026-09-07T16:52:52+00:00
M0_Star,2,PARSE_0033.nii.gz,GT_minus_drift_neg,none,0.8987995275708177,0.80078125,0.9847821270310192,0.6456056129985229,8.0,-0.137779766038139,c1e84f2,42.0,2026-09-07T16:52:52+00:00
M0_Star,2,PARSE_0033.nii.gz,GT_minus_drift_pos,lcc,0.91475551738077,1.0,0.9792270548171085,0.5852943933182211,21.0,-0.21973936013732573,c1e84f2,42.0,2026-09-07T16:52:52+00:00
M0_Star,2,PARSE_0033.nii.gz,GT_minus_drift_pos,none,0.9162721384224084,1.0,0.9839755343218316,0.5879096928644079,71.0,-0.21672777782832464,c1e84f2,42.0,2026-09-07T16:52:52+00:00
M0_Star,2,PARSE_0033.nii.gz,GT_minus_omission,lcc,0.8460800747876088,0.80078125,0.9557683120258366,0.6301744730455388,16.0,-0.13296981420757661,c1e84f2,42.0,2026-09-07T16:52:52+00:00
M0_Star,2,PARSE_0033.nii.gz,GT_minus_omission,none,0.8483850585854589,0.80078125,0.960801261060936,0.6328530742167867,76.0,-0.1296233263348038,c1e84f2,42.0,2026-09-07T16:52:52+00:00
M0_Star,2,PARSE_0033.nii.gz,GT_star,lcc,0.9234577870813245,0.80078125,0.9817165853587921,0.6484315059569479,0.0,-0.17896225000079782,c1e84f2,42.0,2026-09-07T16:52:52+00:00
M0_Star,2,PARSE_0033.nii.gz,GT_star,none,0.9248268838649435,0.80078125,0.9865672341484347,0.6509896973390502,92.0,-0.17579327974061038,c1e84f2,42.0,2026-09-07T16:52:52+00:00
M0_Star,2,PARSE_0045.nii.gz,GT_minus_drift_neg,lcc,0.8784490327764588,2.640208916923053,0.9421573844767972,0.6817199378049179,142.0,0.19892807492500184,c1e84f2,42.0,2026-09-07T16:52:52+00:00
M0_Star,2,PARSE_0045.nii.gz,GT_minus_drift_neg,none,0.8920683102582577,1.9270129491651062,0.9549003741992399,0.6904545600602925,66.0,0.2182843101387771,c1e84f2,42.0,2026-09-07T16:52:52+00:00
M0_Star,2,PARSE_0045.nii.gz,GT_minus_drift_pos,lcc,0.9105926442258911,2.1710317607649134,0.9469194391300387,0.6885923864580659,44.0,0.06608075211043098,c1e84f2,42.0,2026-09-07T16:52:52+00:00
M0_Star,2,PARSE_0045.nii.gz,GT_minus_drift_pos,none,0.9259454480034209,1.3201044584615265,0.9623105273592926,0.6995407299975828,32.0,0.08329221810768755,c1e84f2,42.0,2026-09-07T16:52:52+00:00
M0_Star,2,PARSE_0045.nii.gz,GT_minus_omission,lcc,0.852638454120589,4.550846633113997,0.9140615764218746,0.7174983858696147,10.0,0.19869418908044575,c1e84f2,42.0,2026-09-07T16:52:52+00:00
M0_Star,2,PARSE_0045.nii.gz,GT_minus_omission,none,0.8633902014958031,3.565582547950615,0.9253369617321039,0.7265749443979647,66.0,0.21804664829671536,c1e84f2,42.0,2026-09-07T16:52:52+00:00
M0_Star,2,PARSE_0045.nii.gz,GT_star,lcc,0.9234299588795419,2.177768532523601,0.9476184930709212,0.7579247700011645,0.0,0.14659163799638464,c1e84f2,42.0,2026-09-07T16:52:52+00:00
M0_Star,2,PARSE_0045.nii.gz,GT_star,none,0.9397840044265672,1.3626039237889342,0.9620804120761196,0.769168693661468,76.0,0.16510292145314595,c1e84f2,42.0,2026-09-07T16:52:52+00:00
M0_Star,2,PARSE_0047.nii.gz,GT_minus_drift_neg,lcc,0.8637107426378757,2.664298754645189,0.9421195229608009,0.6519934448976662,75.0,-0.01644678443034042,c1e84f2,42.0,2026-09-07T16:52:52+00:00
M0_Star,2,PARSE_0047.nii.gz,GT_minus_drift_neg,none,0.8547497375548396,2.99292174411665,0.9390242089647196,0.6496493371744216,7.0,-0.01094048200257423,c1e84f2,42.0,2026-09-07T16:52:52+00:00
M0_Star,2,PARSE_0047.nii.gz,GT_minus_drift_pos,lcc,0.8867698679455713,2.5369741209833276,0.9439788501897808,0.6658369318165855,16.0,-0.10566314716817418,c1e84f2,42.0,2026-09-07T16:52:52+00:00
M0_Star,2,PARSE_0047.nii.gz,GT_minus_drift_pos,none,0.8780098384458302,2.783203125,0.941411663462828,0.6637813491886092,66.0,-0.10065631163956838,c1e84f2,42.0,2026-09-07T16:52:52+00:00
M0_Star,2,PARSE_0047.nii.gz,GT_minus_omission,lcc,0.7219327810167802,8.85788893304142,0.859080203691916,0.6153469127943985,21.0,0.02601743176609487,c1e84f2,42.0,2026-09-07T16:52:52+00:00
M0_Star,2,PARSE_0047.nii.gz,GT_minus_omission,none,0.7144671871510152,9.139099863692119,0.8561835991738543,0.6130557585073712,61.0,0.03176146491654513,c1e84f2,42.0,2026-09-07T16:52:52+00:00
M0_Star,2,PARSE_0047.nii.gz,GT_star,lcc,0.8937647593254578,2.503483443485625,0.9442474250936329,0.7171465355805243,0.0,-0.05472242883764826,c1e84f2,42.0,2026-09-07T16:52:52+00:00
M0_Star,2,PARSE_0047.nii.gz,GT_star,none,0.8848370412206246,2.783203125,0.9411975201249829,0.714485623765372,82.0,-0.049430407925501144,c1e84f2,42.0,2026-09-07T16:52:52+00:00
M0_Star,2,PARSE_0049.nii.gz,GT_minus_drift_neg,lcc,0.7830026440768951,1.4259043183187292,0.9313846260616102,0.6593304589973368,209.0,-0.07330822703400496,c1e84f2,42.0,2026-09-07T16:52:52+00:00
M0_Star,2,PARSE_0049.nii.gz,GT_minus_drift_neg,none,0.787428458525908,1.4259043183187292,0.9363159755456105,0.6622000327668124,124.0,-0.06682578673885889,c1e84f2,42.0,2026-09-07T16:52:52+00:00
M0_Star,2,PARSE_0049.nii.gz,GT_minus_drift_pos,lcc,0.7873546108153033,1.892883465113476,0.9181609231592701,0.641590969915461,53.0,-0.1881867181938371,c1e84f2,42.0,2026-09-07T16:52:52+00:00
M0_Star,2,PARSE_0049.nii.gz,GT_minus_drift_pos,none,0.7943259052815752,1.6071738588279738,0.9249217159855957,0.6453264443400658,32.0,-0.18250788162310586,c1e84f2,42.0,2026-09-07T16:52:52+00:00
M0_Star,2,PARSE_0049.nii.gz,GT_minus_omission,lcc,0.7338371843414262,2.875,0.8843609084014876,0.6671782971786151,8.0,-0.04261055621120098,c1e84f2,42.0,2026-09-07T16:52:52+00:00
M0_Star,2,PARSE_0049.nii.gz,GT_minus_omission,none,0.7434446364752056,2.4831463156648663,0.8912037977139712,0.671684558700763,77.0,-0.03591337804515318,c1e84f2,42.0,2026-09-07T16:52:52+00:00
M0_Star,2,PARSE_0049.nii.gz,GT_star,lcc,0.7932860914685868,1.4375,0.9283830040476603,0.7117888632363555,0.0,-0.1174069373007063,c1e84f2,42.0,2026-09-07T16:52:52+00:00
M0_Star,2,PARSE_0049.nii.gz,GT_star,none,0.8020532592219874,1.4259043183187292,0.9349999790200694,0.7159023677949673,85.0,-0.11123297849286412,c1e84f2,42.0,2026-09-07T16:52:52+00:00
M0_Star,2,PARSE_0050.nii.gz,GT_minus_drift_neg,lcc,0.8541883309486772,0.7734375,0.962766926025995,0.6610906871791843,100.0,-0.13517332563956355,c1e84f2,42.0,2026-09-07T16:52:52+00:00
M0_Star,2,PARSE_0050.nii.gz,GT_minus_drift_neg,none,0.8555603595003182,0.7734375,0.9652865341837801,0.6614115940960317,19.0,-0.13413057750980842,c1e84f2,42.0,2026-09-07T16:52:52+00:00
M0_Star,2,PARSE_0050.nii.gz,GT_minus_drift_pos,lcc,0.8614730792278525,1.0938058021479407,0.9569000872950228,0.6101807533949973,30.0,-0.21842285179307244,c1e84f2,42.0,2026-09-07T16:52:52+00:00
M0_Star,2,PARSE_0050.nii.gz,GT_minus_drift_pos,none,0.8632450644212601,1.0938058021479407,0.9599963379185644,0.6105971481540821,51.0,-0.2174804801783731,c1e84f2,42.0,2026-09-07T16:52:52+00:00
M0_Star,2,PARSE_0050.nii.gz,GT_minus_omission,lcc,0.8096101522289896,0.7734375,0.9455073805482693,0.676474823844057,34.0,-0.11269762465824307,c1e84f2,42.0,2026-09-07T16:52:52+00:00
M0_Star,2,PARSE_0050.nii.gz,GT_minus_omission,none,0.810830391553096,0.7734375,0.9477497887336606,0.6767406676786902,47.0,-0.11162777688429561,c1e84f2,42.0,2026-09-07T16:52:52+00:00
M0_Star,2,PARSE_0050.nii.gz,GT_star,lcc,0.8643791250048001,0.7734375,0.9627919380530335,0.6821181710941385,0.0,-0.17044672041839182,c1e84f2,42.0,2026-09-07T16:52:52+00:00
M0_Star,2,PARSE_0050.nii.gz,GT_star,none,0.866899920234611,0.7734375,0.965539998944049,0.6825715286810692,81.0,-0.16944650250599258,c1e84f2,42.0,2026-09-07T16:52:52+00:00
M0_Star,2,PARSE_0051.nii.gz,GT_minus_drift_neg,lcc,0.8766606862567081,0.6328125,0.9757371211077608,0.7096362736544575,168.0,-0.05635578916239116,c1e84f2,42.0,2026-09-07T16:52:52+00:00
M0_Star,2,PARSE_0051.nii.gz,GT_minus_drift_neg,none,0.8786693366338123,0.6328125,0.9774149458642092,0.7100177987668361,113.0,-0.0558982471117658,c1e84f2,42.0,2026-09-07T16:52:52+00:00
M0_Star,2,PARSE_0051.nii.gz,GT_minus_drift_pos,lcc,0.8794980502890177,0.8949320199392242,0.9682234809594651,0.6766217106565068,27.0,-0.18226566447548154,c1e84f2,42.0,2026-09-07T16:52:52+00:00
M0_Star,2,PARSE_0051.nii.gz,GT_minus_drift_pos,none,0.8817569405726868,0.8949320199392242,0.9704162254622465,0.6770662912065535,28.0,-0.1818691719834537,c1e84f2,42.0,2026-09-07T16:52:52+00:00
M0_Star,2,PARSE_0051.nii.gz,GT_minus_omission,lcc,0.8049279747447534,0.8949320199392242,0.93927744575459,0.7290044688526356,37.0,-0.016555646336038333,c1e84f2,42.0,2026-09-07T16:52:52+00:00
M0_Star,2,PARSE_0051.nii.gz,GT_minus_omission,none,0.8076212712228771,0.8949320199392242,0.9411367403612253,0.7294200589843498,18.0,-0.01607880650479311,c1e84f2,42.0,2026-09-07T16:52:52+00:00
M0_Star,2,PARSE_0051.nii.gz,GT_star,lcc,0.8874178596884321,0.6328125,0.9748762819167973,0.7691229282620232,0.0,-0.11008061545585619,c1e84f2,42.0,2026-09-07T16:52:52+00:00
M0_Star,2,PARSE_0051.nii.gz,GT_star,none,0.8902951076330414,0.6328125,0.9769440860161995,0.769586424519946,55.0,-0.10964912280701754,c1e84f2,42.0,2026-09-07T16:52:52+00:00
M0_Star,2,PARSE_0054.nii.gz,GT_minus_drift_neg,lcc,0.8449986444452171,1.0,0.9505416734716098,0.5872557025423267,199.0,0.11316101394359099,c1e84f2,42.0,2026-09-07T16:52:52+00:00
M0_Star,2,PARSE_0054.nii.gz,GT_minus_drift_neg,none,0.840950091158648,1.0,0.9502855744125326,0.5869506092254134,100.0,0.11386099341085995,c1e84f2,42.0,2026-09-07T16:52:52+00:00
M0_Star,2,PARSE_0054.nii.gz,GT_minus_drift_pos,lcc,0.8695154801422098,0.9860825034515526,0.9542272158297023,0.6105964484513713,44.0,0.004142155057196679,c1e84f2,42.0,2026-09-07T16:52:52+00:00
M0_Star,2,PARSE_0054.nii.gz,GT_minus_drift_pos,none,0.8661261365287592,0.9860825034515526,0.9543543814529896,0.6103729104157737,55.0,0.004773581132988855,c1e84f2,42.0,2026-09-07T16:52:52+00:00
M0_Star,2,PARSE_0054.nii.gz,GT_minus_omission,lcc,0.7724243184910311,1.404406886772235,0.8947631688143378,0.5830941242674519,10.0,0.13675906091920884,c1e84f2,42.0,2026-09-07T16:52:52+00:00
M0_Star,2,PARSE_0054.nii.gz,GT_minus_omission,none,0.7686483527945367,1.5591333358738768,0.8944552667298966,0.5827791250418851,89.0,0.13747387934341546,c1e84f2,42.0,2026-09-07T16:52:52+00:00
M0_Star,2,PARSE_0054.nii.gz,GT_star,lcc,0.8817678395693442,0.9860825034515526,0.9569372751864601,0.6501707715026557,0.0,0.07473153281415786,c1e84f2,42.0,2026-09-07T16:52:52+00:00
M0_Star,2,PARSE_0054.nii.gz,GT_star,none,0.8786773011778287,0.9860825034515526,0.9567769633675492,0.6499118142255261,99.0,0.07540734700129982,c1e84f2,42.0,2026-09-07T16:52:52+00:00
M0_Star,2,PARSE_0063.nii.gz,GT_minus_drift_neg,lcc,0.8377937725964687,1.720724185810385,0.9413341232561748,0.5171385045067919,76.0,-0.33747005472696234,c1e84f2,42.0,2026-09-07T16:52:52+00:00
M0_Star,2,PARSE_0063.nii.gz,GT_minus_drift_neg,none,0.8404519371707416,1.5390625,0.9453407353656045,0.5182009679941949,32.0,-0.33636708513941677,c1e84f2,42.0,2026-09-07T16:52:52+00:00
M0_Star,2,PARSE_0063.nii.gz,GT_minus_drift_pos,lcc,0.8355044895538971,2.142936850382335,0.9286227350288454,0.43904119606727876,18.0,-0.4124406951786699,c1e84f2,42.0,2026-09-07T16:52:52+00:00
M0_Star,2,PARSE_0063.nii.gz,GT_minus_drift_pos,none,0.8386993333229893,1.9901989155943214,0.9335268467380329,0.44000922110854607,26.0,-0.4114625355517412,c1e84f2,42.0,2026-09-07T16:52:52+00:00
M0_Star,2,PARSE_0063.nii.gz,GT_minus_omission,lcc,0.8018090441583107,2.0,0.928485366851363,0.5032910639247332,31.0,-0.31097505287883714,c1e84f2,42.0,2026-09-07T16:52:52+00:00
M0_Star,2,PARSE_0063.nii.gz,GT_minus_omission,none,0.8035147580113453,1.9901989155943214,0.9323351558553472,0.5042938222446736,13.0,-0.3098279748227326,c1e84f2,42.0,2026-09-07T16:52:52+00:00
M0_Star,2,PARSE_0063.nii.gz,GT_star,lcc,0.8427999193958388,1.8354055080298333,0.9383644563334876,0.49942898297237515,0.0,-0.36831476253152345,c1e84f2,42.0,2026-09-07T16:52:52+00:00
M0_Star,2,PARSE_0063.nii.gz,GT_star,none,0.8457103765974304,1.720724185810385,0.9428877796772172,0.5004950342412958,44.0,-0.3672631427356181,c1e84f2,42.0,2026-09-07T16:52:52+00:00
M0_Star,2,PARSE_0068.nii.gz,GT_minus_drift_neg,lcc,0.8865468911307607,0.640625,0.9823191071203188,0.6858224698436739,155.0,0.1396712138710698,c1e84f2,42.0,2026-09-07T16:52:52+00:00
M0_Star,2,PARSE_0068.nii.gz,GT_minus_drift_neg,none,0.8833397512687654,0.640625,0.9811032859625952,0.6847800661438972,106.0,0.14186286729252665,c1e84f2,42.0,2026-09-07T16:52:52+00:00
M0_Star,2,PARSE_0068.nii.gz,GT_minus_drift_pos,lcc,0.9036544734521731,0.640625,0.9820393065436348,0.7076246148299242,25.0,0.008431617892567697,c1e84f2,42.0,2026-09-07T16:52:52+00:00
M0_Star,2,PARSE_0068.nii.gz,GT_minus_drift_pos,none,0.9010396324758296,0.640625,0.9810473915173082,0.7066577368159751,24.0,0.010370890007858269,c1e84f2,42.0,2026-09-07T16:52:52+00:00
M0_Star,2,PARSE_0068.nii.gz,GT_minus_omission,lcc,0.7978131555864155,1.0,0.9252797943133696,0.6943360556563823,13.0,0.17784491995461993,c1e84f2,42.0,2026-09-07T16:52:52+00:00
M0_Star,2,PARSE_0068.nii.gz,GT_minus_omission,none,0.7944775763937014,1.1876027916037415,0.9238645709930806,0.6931568661480302,36.0,0.18010998361275685,c1e84f2,42.0,2026-09-07T16:52:52+00:00
M0_Star,2,PARSE_0068.nii.gz,GT_star,lcc,0.9107855606213312,0.640625,0.9851683351702719,0.771091634476226,0.0,0.08813831955281239,c1e84f2,42.0,2026-09-07T16:52:52+00:00
M0_Star,2,PARSE_0068.nii.gz,GT_star,none,0.9084350046861682,0.640625,0.9840420858796532,0.7699719919454879,49.0,0.09023087224874811,c1e84f2,42.0,2026-09-07T16:52:52+00:00
M0_Star,2,PARSE_0071.nii.gz,GT_minus_drift_neg,lcc,0.8901558164392693,0.9142669709872938,0.9698649638283747,0.6786508702407107,93.0,0.0018860888398043632,c1e84f2,42.0,2026-09-07T16:52:52+00:00
M0_Star,2,PARSE_0071.nii.gz,GT_minus_drift_neg,none,0.8855555264393375,0.9142669709872938,0.9727422439077503,0.680106703686313,1.0,0.007917270262905007,c1e84f2,42.0,2026-09-07T16:52:52+00:00
M0_Star,2,PARSE_0071.nii.gz,GT_minus_drift_pos,lcc,0.9124470879732965,0.9142669709872938,0.9720196109441721,0.6683536296061996,17.0,-0.11565400964073543,c1e84f2,42.0,2026-09-07T16:52:52+00:00
M0_Star,2,PARSE_0071.nii.gz,GT_minus_drift_pos,none,0.9093698252446177,0.9142669709872938,0.9760312116540288,0.6703269043199195,77.0,-0.11033039933407396,c1e84f2,42.0,2026-09-07T16:52:52+00:00
M0_Star,2,PARSE_0071.nii.gz,GT_minus_omission,lcc,0.8133359215582273,1.3549480042563558,0.9178878030343934,0.6735129492647985,29.0,0.03666409426849901,c1e84f2,42.0,2026-09-07T16:52:52+00:00
M0_Star,2,PARSE_0071.nii.gz,GT_minus_omission,none,0.808438108847229,1.3549480042563558,0.91939748474928,0.6741372833145495,65.0,0.04290463328485352,c1e84f2,42.0,2026-09-07T16:52:52+00:00
M0_Star,2,PARSE_0071.nii.gz,GT_star,lcc,0.9231560278446439,0.646484375,0.9732821750934172,0.7378874852652916,0.0,-0.046522182751336835,c1e84f2,42.0,2026-09-07T16:52:52+00:00
M0_Star,2,PARSE_0071.nii.gz,GT_star,none,0.9211494965174573,0.646484375,0.9769411874093039,0.7398876945504296,94.0,-0.04078241077248049,c1e84f2,42.0,2026-09-07T16:52:52+00:00
M0_Star,2,PARSE_0076.nii.gz,GT_minus_drift_neg,lcc,0.8575351362437403,1.6972240447294553,0.9344215680763902,0.6469034244016307,110.0,-0.07345087818311245,c1e84f2,42.0,2026-09-07T16:52:52+00:00
M0_Star,2,PARSE_0076.nii.gz,GT_minus_drift_neg,none,0.8624979627513935,1.5825471766763384,0.9402878573143182,0.6504641427909073,52.0,-0.06872601764590772,c1e84f2,42.0,2026-09-07T16:52:52+00:00
M0_Star,2,PARSE_0076.nii.gz,GT_minus_drift_pos,lcc,0.8785713903817177,1.6972240447294553,0.9344495189492693,0.6314615190232298,17.0,-0.16129098507953132,c1e84f2,42.0,2026-09-07T16:52:52+00:00
M0_Star,2,PARSE_0076.nii.gz,GT_minus_drift_pos,none,0.8845461238579893,1.5825471766763384,0.941957934755948,0.6355347068923228,41.0,-0.15701405789511516,c1e84f2,42.0,2026-09-07T16:52:52+00:00
M0_Star,2,PARSE_0076.nii.gz,GT_minus_omission,lcc,0.8300364589187393,2.6491172615845073,0.9095719566155839,0.6676019857543708,11.0,-0.07499341715955389,c1e84f2,42.0,2026-09-07T16:52:52+00:00
M0_Star,2,PARSE_0076.nii.gz,GT_minus_omission,none,0.8294907848917915,2.528623371960831,0.911675732961291,0.669052298322456,47.0,-0.0702764226721519,c1e84f2,42.0,2026-09-07T16:52:52+00:00
M0_Star,2,PARSE_0076.nii.gz,GT_star,lcc,0.8874844069242307,1.5825471766763384,0.9378491101225379,0.7059899139682817,0.0,-0.11104580765410936,c1e84f2,42.0,2026-09-07T16:52:52+00:00
M0_Star,2,PARSE_0076.nii.gz,GT_star,none,0.8936617315680698,1.371338564326043,0.9437851664047764,0.7104842881885868,58.0,-0.10651265934723753,c1e84f2,42.0,2026-09-07T16:52:52+00:00
M0_Star,2,PARSE_0081.nii.gz,GT_minus_drift_neg,lcc,0.7590340963654935,1.1897144750849098,0.9448120624306924,0.6638044323805425,222.0,-0.03422503447827441,c1e84f2,42.0,2026-09-07T16:52:52+00:00
M0_Star,2,PARSE_0081.nii.gz,GT_minus_drift_neg,none,0.7569696688155991,1.1897144750849098,0.9435582376516107,0.6623530110856547,185.0,-0.03140517362335009,c1e84f2,42.0,2026-09-07T16:52:52+00:00
M0_Star,2,PARSE_0081.nii.gz,GT_minus_drift_pos,lcc,0.7551638067002222,1.4412156886229113,0.9253237946195693,0.6432968179447053,40.0,-0.16531995693683674,c1e84f2,42.0,2026-09-07T16:52:52+00:00
M0_Star,2,PARSE_0081.nii.gz,GT_minus_drift_pos,none,0.753112054408903,1.4412156886229113,0.924726578529501,0.6420631947046335,3.0,-0.16288286582985317,c1e84f2,42.0,2026-09-07T16:52:52+00:00
M0_Star,2,PARSE_0081.nii.gz,GT_minus_omission,lcc,0.6867422917818824,2.0381867731554006,0.9005209394787745,0.6694340459156128,16.0,0.03465317495233905,c1e84f2,42.0,2026-09-07T16:52:52+00:00
M0_Star,2,PARSE_0081.nii.gz,GT_minus_omission,none,0.6840536572299171,2.0792701262251856,0.8989148182213571,0.6677575524231211,21.0,0.03767414576917437,c1e84f2,42.0,2026-09-07T16:52:52+00:00
M0_Star,2,PARSE_0081.nii.gz,GT_star,lcc,0.7609205949242527,1.0,0.9422703668474768,0.7295110414149464,0.0,-0.0786959956646361,c1e84f2,42.0,2026-09-07T16:52:52+00:00
M0_Star,2,PARSE_0081.nii.gz,GT_star,none,0.7591675764367813,1.0,0.941268096317117,0.7279551041469692,37.0,-0.07600598071285396,c1e84f2,42.0,2026-09-07T16:52:52+00:00
M0_Star,3,PARSE_0001.nii.gz,GT_minus_drift_neg,lcc,0.8730882215927234,0.64453125,0.9726888583807299,0.6926168274288159,97.0,0.1519849324770802,c1e84f2,42.0,2026-09-07T16:52:52+00:00
M0_Star,3,PARSE_0001.nii.gz,GT_minus_drift_neg,none,0.8628789008623188,0.64453125,0.9702858767300961,0.690695236572322,26.0,0.15588634466167317,c1e84f2,42.0,2026-09-07T16:52:52+00:00
M0_Star,3,PARSE_0001.nii.gz,GT_minus_drift_pos,lcc,0.9050809819343927,0.64453125,0.9763173238709247,0.7191563796291669,21.0,0.021350340637212598,c1e84f2,42.0,2026-09-07T16:52:52+00:00
M0_Star,3,PARSE_0001.nii.gz,GT_minus_drift_pos,none,0.8950817512181399,0.64453125,0.9742689670059612,0.717287415107185,50.0,0.024809334371733074,c1e84f2,42.0,2026-09-07T16:52:52+00:00
M0_Star,3,PARSE_0001.nii.gz,GT_minus_omission,lcc,0.7488474291612869,2.7345145053698516,0.8928255160042688,0.682957289151611,17.0,0.20675791061850798,c1e84f2,42.0,2026-09-07T16:52:52+00:00
M0_Star,3,PARSE_0001.nii.gz,GT_minus_omission,none,0.7399849927436243,2.8824313772458225,0.8904766572908733,0.6809540686670035,54.0,0.21084482172611893,c1e84f2,42.0,2026-09-07T16:52:52+00:00
M0_Star,3,PARSE_0001.nii.gz,GT_star,lcc,0.9139392246245925,0.64453125,0.9780362660254169,0.780817034126973,0.0,0.09945469101675201,c1e84f2,42.0,2026-09-07T16:52:52+00:00
M0_Star,3,PARSE_0001.nii.gz,GT_star,none,0.9038799545573554,0.64453125,0.9756381318620074,0.7786532352449423,71.0,0.10317819972507968,c1e84f2,42.0,2026-09-07T16:52:52+00:00
M0_Star,3,PARSE_0004.nii.gz,GT_minus_drift_neg,lcc,0.8810997108139307,0.9998931827716023,0.9667644425537809,0.6959829444557115,80.0,-0.08073881952684468,c1e84f2,42.0,2026-09-07T16:52:52+00:00
M0_Star,3,PARSE_0004.nii.gz,GT_minus_drift_neg,none,0.8703597582982135,0.9998931827716023,0.9646454447394215,0.6941471415413561,26.0,-0.07619207627608077,c1e84f2,42.0,2026-09-07T16:52:52+00:00
M0_Star,3,PARSE_0004.nii.gz,GT_minus_drift_pos,lcc,0.8932487699402175,1.0,0.9665066510315512,0.6375554252629264,18.0,-0.1893060706662407,c1e84f2,42.0,2026-09-07T16:52:52+00:00
M0_Star,3,PARSE_0004.nii.gz,GT_minus_drift_pos,none,0.8838832947731251,1.0,0.9652154869558076,0.6363047386142769,36.0,-0.18529631018692153,c1e84f2,42.0,2026-09-07T16:52:52+00:00
M0_Star,3,PARSE_0004.nii.gz,GT_minus_omission,lcc,0.8434633837914234,1.2247012649934523,0.9347435019471161,0.6947473859582776,7.0,-0.06526509105080801,c1e84f2,42.0,2026-09-07T16:52:52+00:00
M0_Star,3,PARSE_0004.nii.gz,GT_minus_omission,none,0.8338106771879027,1.2247012649934523,0.932970387707337,0.6930090566805739,47.0,-0.060641813435266104,c1e84f2,42.0,2026-09-07T16:52:52+00:00
M0_Star,3,PARSE_0004.nii.gz,GT_star,lcc,0.9120535109745527,0.70703125,0.9669305444597768,0.7266080809548019,0.0,-0.12134852887303092,c1e84f2,42.0,2026-09-07T16:52:52+00:00
M0_Star,3,PARSE_0004.nii.gz,GT_star,none,0.9028707617957422,0.70703125,0.9654244675773019,0.7249338238484867,54.0,-0.11700264466625517,c1e84f2,42.0,2026-09-07T16:52:52+00:00
M0_Star,3,PARSE_0006.nii.gz,GT_minus_drift_neg,lcc,0.7822061706319845,1.19610370056279,0.9419400206093468,0.6123364188385351,80.0,0.24641324585071536,c1e84f2,42.0,2026-09-07T16:52:52+00:00
M0_Star,3,PARSE_0006.nii.gz,GT_minus_drift_neg,none,0.7708492595661399,1.19610370056279,0.940794106968667,0.611874423141696,2.0,0.2591672557472695,c1e84f2,42.0,2026-09-07T16:52:52+00:00
M0_Star,3,PARSE_0006.nii.gz,GT_minus_drift_pos,lcc,0.8083339494790239,1.0,0.9487152852797952,0.6404876265186392,21.0,0.11176878058311057,c1e84f2,42.0,2026-09-07T16:52:52+00:00
M0_Star,3,PARSE_0006.nii.gz,GT_minus_drift_pos,none,0.7978184198977799,1.0,0.9483332922105159,0.6405372284865981,57.0,0.1231450316599025,c1e84f2,42.0,2026-09-07T16:52:52+00:00
M0_Star,3,PARSE_0006.nii.gz,GT_minus_omission,lcc,0.7008386032167291,3.5883111016883693,0.8770810275123994,0.613960424008632,13.0,0.2837344517478645,c1e84f2,42.0,2026-09-07T16:52:52+00:00
M0_Star,3,PARSE_0006.nii.gz,GT_minus_omission,none,0.6918875420663454,3.8265621809922283,0.8761610899252416,0.6139069846225685,65.0,0.2968703534695803,c1e84f2,42.0,2026-09-07T16:52:52+00:00
M0_Star,3,PARSE_0006.nii.gz,GT_star,lcc,0.8114787403248509,0.9280776503073436,0.9497060430554037,0.6790427275707573,0.0,0.19834303327334687,c1e84f2,42.0,2026-09-07T16:52:52+00:00
M0_Star,3,PARSE_0006.nii.gz,GT_star,none,0.801287018027243,0.9280776503073436,0.9487532050866292,0.6786870927432083,78.0,0.21060516138913352,c1e84f2,42.0,2026-09-07T16:52:52+00:00
M0_Star,3,PARSE_0016.nii.gz,GT_minus_drift_neg,lcc,0.8185076481785913,0.9722718241315028,0.9464802434643783,0.6765698795982172,132.0,0.05799748925006986,c1e84f2,42.0,2026-09-07T16:52:52+00:00
M0_Star,3,PARSE_0016.nii.gz,GT_minus_drift_neg,none,0.8288868841077898,0.9722718241315028,0.9606787457182214,0.6870837582943589,5.0,0.08166193294379173,c1e84f2,42.0,2026-09-07T16:52:52+00:00
M0_Star,3,PARSE_0016.nii.gz,GT_minus_drift_pos,lcc,0.8381104295946697,1.0,0.9411231193695411,0.6729646510068137,29.0,-0.06612157445993903,c1e84f2,42.0,2026-09-07T16:52:52+00:00
M0_Star,3,PARSE_0016.nii.gz,GT_minus_drift_pos,none,0.8506559396656393,0.9722718241315028,0.9599193984737951,0.6859115248987816,98.0,-0.04523332695224492,c1e84f2,42.0,2026-09-07T16:52:52+00:00
M0_Star,3,PARSE_0016.nii.gz,GT_minus_omission,lcc,0.7463012276911739,2.292140102611531,0.8902621706296425,0.6728324414612268,11.0,0.11202924789254731,c1e84f2,42.0,2026-09-07T16:52:52+00:00
M0_Star,3,PARSE_0016.nii.gz,GT_minus_omission,none,0.7519952750124159,1.8339250938901512,0.9001750935845021,0.6816488122962273,116.0,0.13690223085319506,c1e84f2,42.0,2026-09-07T16:52:52+00:00
M0_Star,3,PARSE_0016.nii.gz,GT_star,lcc,0.8477547492966325,0.6875,0.9462305356649943,0.7388653449591635,0.0,0.016725316831127605,c1e84f2,42.0,2026-09-07T16:52:52+00:00
M0_Star,3,PARSE_0016.nii.gz,GT_star,none,0.8605983148067581,0.6875,0.9623532774163329,0.75170390717725,127.0,0.039466617502064115,c1e84f2,42.0,2026-09-07T16:52:52+00:00
M0_Star,3,PARSE_0018.nii.gz,GT_minus_drift_neg,lcc,0.733020794755114,1.3261992012096306,0.9311604823466386,0.5515955242436801,87.0,0.39588353607207344,c1e84f2,42.0,2026-09-07T16:52:52+00:00
M0_Star,3,PARSE_0018.nii.gz,GT_minus_drift_neg,none,0.7310968983432307,1.3261992012096306,0.9322005930385475,0.551775865431253,0.0,0.41000134944961736,c1e84f2,42.0,2026-09-07T16:52:52+00:00
M0_Star,3,PARSE_0018.nii.gz,GT_minus_drift_pos,lcc,0.7692111228986759,1.0,0.9449228825353999,0.6219177952052745,24.0,0.2547785049590166,c1e84f2,42.0,2026-09-07T16:52:52+00:00
M0_Star,3,PARSE_0018.nii.gz,GT_minus_drift_pos,none,0.7684822369439094,1.0,0.9471699177968812,0.623257651285717,63.0,0.2674691974884328,c1e84f2,42.0,2026-09-07T16:52:52+00:00
M0_Star,3,PARSE_0018.nii.gz,GT_minus_omission,lcc,0.5913471334544633,16.35344972760072,0.802815091632357,0.5069627741876763,9.0,0.4807902055952446,c1e84f2,42.0,2026-09-07T16:52:52+00:00
M0_Star,3,PARSE_0018.nii.gz,GT_minus_omission,none,0.5938533815887432,16.028486642013434,0.8066278454208576,0.5095076760190577,78.0,0.49576675573976114,c1e84f2,42.0,2026-09-07T16:52:52+00:00
M0_Star,3,PARSE_0018.nii.gz,GT_star,lcc,0.7701784959599859,1.0,0.9435985470468229,0.602527740458775,0.0,0.34446156797940225,c1e84f2,42.0,2026-09-07T16:52:52+00:00
M0_Star,3,PARSE_0018.nii.gz,GT_star,none,0.7685470635004293,1.0,0.9456745990713522,0.6038967753371641,87.0,0.358059305197096,c1e84f2,42.0,2026-09-07T16:52:52+00:00
M0_Star,3,PARSE_0028.nii.gz,GT_minus_drift_neg,lcc,0.8249211663703054,0.966747552403483,0.9609804614613215,0.6081853078737762,131.0,0.18953157565854586,c1e84f2,42.0,2026-09-07T16:52:52+00:00
M0_Star,3,PARSE_0028.nii.gz,GT_minus_drift_neg,none,0.8085415285798168,0.966747552403483,0.9577095143498554,0.6057867790752136,33.0,0.20702811167043791,c1e84f2,42.0,2026-09-07T16:52:52+00:00
M0_Star,3,PARSE_0028.nii.gz,GT_minus_drift_pos,lcc,0.8631793274358573,0.68359375,0.966107641298481,0.6517310509676922,34.0,0.0801769256524574,c1e84f2,42.0,2026-09-07T16:52:52+00:00
M0_Star,3,PARSE_0028.nii.gz,GT_minus_drift_pos,none,0.849511269186389,0.68359375,0.9655220790645119,0.6510195879181296,64.0,0.09606499021974729,c1e84f2,42.0,2026-09-07T16:52:52+00:00
M0_Star,3,PARSE_0028.nii.gz,GT_minus_omission,lcc,0.7574622846495034,1.2113217636280884,0.9102969530076228,0.6254953118283231,17.0,0.20364923084173445,c1e84f2,42.0,2026-09-07T16:52:52+00:00
M0_Star,3,PARSE_0028.nii.gz,GT_minus_omission,none,0.7289954651623701,1.3671875,0.8994680473199698,0.6170567513695797,81.0,0.22135342007391146,c1e84f2,42.0,2026-09-07T16:52:52+00:00
M0_Star,3,PARSE_0028.nii.gz,GT_star,lcc,0.8708805873112694,0.68359375,0.9683243725796917,0.6780120397141673,0.0,0.13781031544792716,c1e84f2,42.0,2026-09-07T16:52:52+00:00
M0_Star,3,PARSE_0028.nii.gz,GT_star,none,0.8581132591890022,0.68359375,0.9667353012081523,0.6768893929992768,98.0,0.15454609578895395,c1e84f2,42.0,2026-09-07T16:52:52+00:00
M0_Star,3,PARSE_0032.nii.gz,GT_minus_drift_neg,lcc,0.8870044297495989,1.1918351198834867,0.9524700038035523,0.4946519749657104,64.0,-0.28257999012433355,c1e84f2,42.0,2026-09-07T16:52:52+00:00
M0_Star,3,PARSE_0032.nii.gz,GT_minus_drift_neg,none,0.8944621045108199,1.1918351198834867,0.9642935766177105,0.5009592045035438,52.0,-0.27491525235656705,c1e84f2,42.0,2026-09-07T16:52:52+00:00
M0_Star,3,PARSE_0032.nii.gz,GT_minus_drift_pos,lcc,0.8914067836062138,1.44995032916002,0.9442514297931477,0.41620610401411084,9.0,-0.3649425146230423,c1e84f2,42.0,2026-09-07T16:52:52+00:00
M0_Star,3,PARSE_0032.nii.gz,GT_minus_drift_pos,none,0.900550386894368,1.296875,0.9593451930857908,0.42259455300407267,107.0,-0.35815771767583254,c1e84f2,42.0,2026-09-07T16:52:52+00:00
M0_Star,3,PARSE_0032.nii.gz,GT_minus_omission,lcc,0.8114822028377014,1.6376460323300743,0.9228030774366834,0.45362752090320035,31.0,-0.2648498527522258,c1e84f2,42.0,2026-09-07T16:52:52+00:00
M0_Star,3,PARSE_0032.nii.gz,GT_minus_omission,none,0.820719898706336,1.296875,0.9361266630546023,0.4598097646138101,85.0,-0.2569956905863759,c1e84f2,42.0,2026-09-07T16:52:52+00:00
M0_Star,3,PARSE_0032.nii.gz,GT_star,lcc,0.9036274982805481,1.1918351198834867,0.9498876549840973,0.4719334310083492,0.0,-0.3207659659407272,c1e84f2,42.0,2026-09-07T16:52:52+00:00
M0_Star,3,PARSE_0032.nii.gz,GT_star,none,0.9131770842531016,1.1918351198834867,0.963678326440169,0.4782907185077276,116.0,-0.31350919768455776,c1e84f2,42.0,2026-09-07T16:52:52+00:00
M0_Star,3,PARSE_0034.nii.gz,GT_minus_drift_neg,lcc,0.8812903460026704,0.671875,0.9754298329119453,0.7260022041838549,118.0,0.07426118484060747,c1e84f2,42.0,2026-09-07T16:52:52+00:00
M0_Star,3,PARSE_0034.nii.gz,GT_minus_drift_neg,none,0.8801138182245857,0.671875,0.9764421635178976,0.7258662522831983,66.0,0.07552332740456971,c1e84f2,42.0,2026-09-07T16:52:52+00:00
M0_Star,3,PARSE_0034.nii.gz,GT_minus_drift_pos,lcc,0.910059783893195,0.671875,0.9783157600903404,0.7315100300711812,23.0,-0.0385503146964465,c1e84f2,42.0,2026-09-07T16:52:52+00:00
M0_Star,3,PARSE_0034.nii.gz,GT_minus_drift_pos,none,0.9093459644261136,0.671875,0.9796686532264963,0.7316179848615904,29.0,-0.03742071363847868,c1e84f2,42.0,2026-09-07T16:52:52+00:00
M0_Star,3,PARSE_0034.nii.gz,GT_minus_omission,lcc,0.811486985854757,0.9501747372194232,0.9283627547380117,0.7460411556524239,17.0,0.10063254542587304,c1e84f2,42.0,2026-09-07T16:52:52+00:00
M0_Star,3,PARSE_0034.nii.gz,GT_minus_omission,none,0.8082791620711505,0.9501747372194232,0.9278254395916052,0.7453204764605785,35.0,0.10192567153195142,c1e84f2,42.0,2026-09-07T16:52:52+00:00
M0_Star,3,PARSE_0034.nii.gz,GT_star,lcc,0.9190861138218062,0.671875,0.9792087382986978,0.8073508881881095,0.0,0.022313290974428416,c1e84f2,42.0,2026-09-07T16:52:52+00:00
M0_Star,3,PARSE_0034.nii.gz,GT_star,none,0.9183299694268684,0.671875,0.9806417211480503,0.8076757480012453,52.0,0.023514400291651475,c1e84f2,42.0,2026-09-07T16:52:52+00:00
M0_Star,3,PARSE_0048.nii.gz,GT_minus_drift_neg,lcc,0.816135520644666,17.72523167382094,0.9081880660190399,0.6373813743746214,99.0,-0.06127621752115668,c1e84f2,42.0,2026-09-07T16:52:52+00:00
M0_Star,3,PARSE_0048.nii.gz,GT_minus_drift_neg,none,0.8130175147572583,17.201680086437136,0.9111871268987529,0.6407589101010698,30.0,-0.04858032758484327,c1e84f2,42.0,2026-09-07T16:52:52+00:00
M0_Star,3,PARSE_0048.nii.gz,GT_minus_drift_pos,lcc,0.8466079792392176,17.525218993817166,0.9145291373171704,0.6553815376221487,27.0,-0.15699133481698943,c1e84f2,42.0,2026-09-07T16:52:52+00:00
M0_Star,3,PARSE_0048.nii.gz,GT_minus_drift_pos,none,0.8434715215907594,16.783381207778874,0.9189696667911531,0.6589000926732783,42.0,-0.14558995623439963,c1e84f2,42.0,2026-09-07T16:52:52+00:00
M0_Star,3,PARSE_0048.nii.gz,GT_minus_omission,lcc,0.7693101088008754,18.619500289095434,0.868405100975999,0.652223620403904,18.0,-0.054969345622888605,c1e84f2,42.0,2026-09-07T16:52:52+00:00
M0_Star,3,PARSE_0048.nii.gz,GT_minus_omission,none,0.7682409905108618,18.326260028729948,0.8720190056152954,0.6562014534597344,51.0,-0.04218815759041809,c1e84f2,42.0,2026-09-07T16:52:52+00:00
M0_Star,3,PARSE_0048.nii.gz,GT_star,lcc,0.8569473062990799,17.512335217372495,0.9155140516254074,0.709702522538396,0.0,-0.09886657387154504,c1e84f2,42.0,2026-09-07T16:52:52+00:00
M0_Star,3,PARSE_0048.nii.gz,GT_star,none,0.8536135263247251,16.933200334969985,0.9184192390003264,0.7128151184301208,69.0,-0.08667907952059871,c1e84f2,42.0,2026-09-07T16:52:52+00:00
M0_Star,3,PARSE_0052.nii.gz,GT_minus_drift_neg,lcc,0.8532165967679589,1.0385630848677416,0.9516395091530879,0.6900744317038825,128.0,-0.12249814963301055,c1e84f2,42.0,2026-09-07T16:52:52+00:00
M0_Star,3,PARSE_0052.nii.gz,GT_minus_drift_neg,none,0.8595164367245514,1.0,0.9583590450469222,0.6925573604955882,45.0,-0.1185931042990193,c1e84f2,42.0,2026-09-07T16:52:52+00:00
M0_Star,3,PARSE_0052.nii.gz,GT_minus_drift_pos,lcc,0.8619732598459768,1.2406879706940823,0.9453119199299089,0.651557000935537,27.0,-0.2130329713639711,c1e84f2,42.0,2026-09-07T16:52:52+00:00
M0_Star,3,PARSE_0052.nii.gz,GT_minus_drift_pos,none,0.8677731130684967,1.2406879706940823,0.9540750658342456,0.654200076929905,56.0,-0.209530822711071,c1e84f2,42.0,2026-09-07T16:52:52+00:00
M0_Star,3,PARSE_0052.nii.gz,GT_minus_omission,lcc,0.7522698847245956,2.6478267179188673,0.9018931894240709,0.682599477861686,23.0,-0.058862685431723086,c1e84f2,42.0,2026-09-07T16:52:52+00:00
M0_Star,3,PARSE_0052.nii.gz,GT_minus_omission,none,0.7544092179477977,2.4194544355339698,0.9069575759690193,0.6843927711684052,60.0,-0.054674450526733594,c1e84f2,42.0,2026-09-07T16:52:52+00:00
M0_Star,3,PARSE_0052.nii.gz,GT_star,lcc,0.8708168337593919,1.0,0.9517384718356995,0.7303969344339937,0.0,-0.15905262224586603,c1e84f2,42.0,2026-09-07T16:52:52+00:00
M0_Star,3,PARSE_0052.nii.gz,GT_star,none,0.8775511878571716,0.734375,0.958763328719858,0.7331448956120002,83.0,-0.1553102510676656,c1e84f2,42.0,2026-09-07T16:52:52+00:00
M0_Star,3,PARSE_0056.nii.gz,GT_minus_drift_neg,lcc,0.8707196324050657,1.169013433296026,0.9538630162742153,0.6540068070959596,191.0,-0.10209351061775371,c1e84f2,42.0,2026-09-07T16:52:52+00:00
M0_Star,3,PARSE_0056.nii.gz,GT_minus_drift_neg,none,0.8883744116542109,1.0,0.9703436713457998,0.6636978665180155,39.0,-0.08876380117251853,c1e84f2,42.0,2026-09-07T16:52:52+00:00
M0_Star,3,PARSE_0056.nii.gz,GT_minus_drift_pos,lcc,0.8769536822182797,1.316504771906705,0.9470011239597549,0.6013359397293567,45.0,-0.2298693331697442,c1e84f2,42.0,2026-09-07T16:52:52+00:00
M0_Star,3,PARSE_0056.nii.gz,GT_minus_drift_pos,none,0.8976503854831347,1.169013433296026,0.9672456375529581,0.6120715813894533,107.0,-0.2184364967384414,c1e84f2,42.0,2026-09-07T16:52:52+00:00
M0_Star,3,PARSE_0056.nii.gz,GT_minus_omission,lcc,0.8152447705261295,2.089639300747036,0.9236024275069736,0.6678731128772847,36.0,-0.07218681559621501,c1e84f2,42.0,2026-09-07T16:52:52+00:00
M0_Star,3,PARSE_0056.nii.gz,GT_minus_omission,none,0.8281144469050409,1.3538692832518258,0.9365037981060288,0.6755944621448804,116.0,-0.05841313168390738,c1e84f2,42.0,2026-09-07T16:52:52+00:00
M0_Star,3,PARSE_0056.nii.gz,GT_star,lcc,0.8891306821205662,1.0,0.9529838074181012,0.6961755392528951,0.0,-0.15357455893920666,c1e84f2,42.0,2026-09-07T16:52:52+00:00
M0_Star,3,PARSE_0056.nii.gz,GT_star,none,0.9101552224126109,0.8562621178430849,0.9711007598498295,0.7076050416731419,152.0,-0.14100910214630857,c1e84f2,42.0,2026-09-07T16:52:52+00:00
M0_Star,3,PARSE_0057.nii.gz,GT_minus_drift_neg,lcc,0.8452001362676925,0.6875,0.9685911208126364,0.7108574964335436,114.0,0.08869800762733007,c1e84f2,42.0,2026-09-07T16:52:52+00:00
M0_Star,3,PARSE_0057.nii.gz,GT_minus_drift_neg,none,0.8488930404960897,0.6875,0.9754116728346858,0.7166196991817472,11.0,0.10196385928645257,c1e84f2,42.0,2026-09-07T16:52:52+00:00
M0_Star,3,PARSE_0057.nii.gz,GT_minus_drift_pos,lcc,0.8730568470352327,0.6875,0.9720921921318234,0.7118948016682143,22.0,-0.03075072902486776,c1e84f2,42.0,2026-09-07T16:52:52+00:00
M0_Star,3,PARSE_0057.nii.gz,GT_minus_drift_pos,none,0.8782708006701122,0.6875,0.9813856801276916,0.7184351479745374,81.0,-0.018940367511034534,c1e84f2,42.0,2026-09-07T16:52:52+00:00
M0_Star,3,PARSE_0057.nii.gz,GT_minus_omission,lcc,0.7471092270955731,1.8339250938901512,0.900302785480854,0.7085835316723803,19.0,0.13119283042624894,c1e84f2,42.0,2026-09-07T16:52:52+00:00
M0_Star,3,PARSE_0057.nii.gz,GT_minus_omission,none,0.7539255537750037,1.3947446002763373,0.9068701577187355,0.714572550259153,84.0,0.1449764840943599,c1e84f2,42.0,2026-09-07T16:52:52+00:00
M0_Star,3,PARSE_0057.nii.gz,GT_star,lcc,0.883000106737822,0.6875,0.9751190536288219,0.7868409981994716,0.0,0.03783636857841805,c1e84f2,42.0,2026-09-07T16:52:52+00:00
M0_Star,3,PARSE_0057.nii.gz,GT_star,none,0.8879799623859215,0.6875,0.9821186327969145,0.7928314935496742,103.0,0.05048246806197336,c1e84f2,42.0,2026-09-07T16:52:52+00:00
M0_Star,3,PARSE_0062.nii.gz,GT_minus_drift_neg,lcc,0.8488134871352871,1.3600932010803524,0.9377988561427634,0.6810013438759883,108.0,-0.05248087666168814,c1e84f2,42.0,2026-09-07T16:52:52+00:00
M0_Star,3,PARSE_0062.nii.gz,GT_minus_drift_neg,none,0.8458149779735682,1.3600932010803524,0.9402520604075805,0.6828602027037514,32.0,-0.04530188881645721,c1e84f2,42.0,2026-09-07T16:52:52+00:00
M0_Star,3,PARSE_0062.nii.gz,GT_minus_drift_pos,lcc,0.880089422486706,1.6430785225454076,0.9348630483486304,0.6770542747705427,14.0,-0.15771521624317822,c1e84f2,42.0,2026-09-07T16:52:52+00:00
M0_Star,3,PARSE_0062.nii.gz,GT_minus_drift_pos,none,0.8815902772246413,1.3600932010803524,0.9403188738868141,0.6805802930192474,62.0,-0.15133354850067485,c1e84f2,42.0,2026-09-07T16:52:52+00:00
M0_Star,3,PARSE_0062.nii.gz,GT_minus_omission,lcc,0.7327729151795509,5.200778374736324,0.8584694553165098,0.646546594366268,3.0,0.0035658413375400937,c1e84f2,42.0,2026-09-07T16:52:52+00:00
M0_Star,3,PARSE_0062.nii.gz,GT_minus_omission,none,0.7366435750129111,4.862991017946157,0.8626473745080583,0.6508357809080849,73.0,0.011169473601412353,c1e84f2,42.0,2026-09-07T16:52:52+00:00
M0_Star,3,PARSE_0062.nii.gz,GT_star,lcc,0.887330265927573,1.3600932010803524,0.9416561150859636,0.7407057100578176,0.0,-0.09457424243618959,c1e84f2,42.0,2026-09-07T16:52:52+00:00
M0_Star,3,PARSE_0062.nii.gz,GT_star,none,0.8890479349924445,1.303728127812697,0.9456702936986634,0.7442790895038341,76.0,-0.08771417982826188,c1e84f2,42.0,2026-09-07T16:52:52+00:00
M0_Star,3,PARSE_0070.nii.gz,GT_minus_drift_neg,lcc,0.8653596671747339,1.0,0.961179700419028,0.6435960419777268,213.0,0.1189792008757526,c1e84f2,42.0,2026-09-07T16:52:52+00:00
M0_Star,3,PARSE_0070.nii.gz,GT_minus_drift_neg,none,0.8685811917532321,1.0,0.9652385124895798,0.646725596780594,140.0,0.12397099069512862,c1e84f2,42.0,2026-09-07T16:52:52+00:00
M0_Star,3,PARSE_0070.nii.gz,GT_minus_drift_pos,lcc,0.8951738501483008,0.961223280675463,0.9625684400476276,0.67976343964087,60.0,-0.008540314308784982,c1e84f2,42.0,2026-09-07T16:52:52+00:00
M0_Star,3,PARSE_0070.nii.gz,GT_minus_drift_pos,none,0.899136389809456,0.961223280675463,0.9674249750857884,0.6830372264959572,13.0,-0.0041173917366033215,c1e84f2,42.0,2026-09-07T16:52:52+00:00
M0_Star,3,PARSE_0070.nii.gz,GT_minus_omission,lcc,0.7841382223362078,2.935941242014646,0.898446280618325,0.6332013622577785,33.0,0.16630820487660167,c1e84f2,42.0,2026-09-07T16:52:52+00:00
M0_Star,3,PARSE_0070.nii.gz,GT_minus_omission,none,0.7897982158007661,2.6468238077989343,0.9032087650230843,0.6375941708887259,40.0,0.17151113038120558,c1e84f2,42.0,2026-09-07T16:52:52+00:00
M0_Star,3,PARSE_0070.nii.gz,GT_star,lcc,0.9126515934990324,0.6796875,0.9676326497587,0.7246517527855862,0.0,0.07069815673633133,c1e84f2,42.0,2026-09-07T16:52:52+00:00
M0_Star,3,PARSE_0070.nii.gz,GT_star,none,0.9166932397353312,0.6796875,0.971877240934931,0.7283597135760385,73.0,0.07547456379933853,c1e84f2,42.0,2026-09-07T16:52:52+00:00
M0_Star,3,PARSE_0075.nii.gz,GT_minus_drift_neg,lcc,0.8409283586662449,0.6484375,0.9633212092143304,0.6815220432471322,163.0,-0.09297931639812372,c1e84f2,42.0,2026-09-07T16:52:52+00:00
M0_Star,3,PARSE_0075.nii.gz,GT_minus_drift_neg,none,0.8553372414486223,0.6484375,0.9753063614322707,0.6890666490739061,62.0,-0.08431317788809539,c1e84f2,42.0,2026-09-07T16:52:52+00:00
M0_Star,3,PARSE_0075.nii.gz,GT_minus_drift_pos,lcc,0.8609344179482795,0.9170291068513038,0.9584783575338475,0.630116990447569,56.0,-0.18659258710269339,c1e84f2,42.0,2026-09-07T16:52:52+00:00
M0_Star,3,PARSE_0075.nii.gz,GT_minus_drift_pos,none,0.8782665489818694,0.9170291068513038,0.9730960239740808,0.6386685388818985,45.0,-0.1788208775566011,c1e84f2,42.0,2026-09-07T16:52:52+00:00
M0_Star,3,PARSE_0075.nii.gz,GT_minus_omission,lcc,0.8053477390001754,0.6484375,0.9336976799725875,0.6850155233819859,14.0,-0.0783097465836135,c1e84f2,42.0,2026-09-07T16:52:52+00:00
M0_Star,3,PARSE_0075.nii.gz,GT_minus_omission,none,0.8127113070031569,0.6484375,0.941904291989611,0.6908643599706694,87.0,-0.069503447516948,c1e84f2,42.0,2026-09-07T16:52:52+00:00
M0_Star,3,PARSE_0075.nii.gz,GT_star,lcc,0.8778267805701011,0.6484375,0.9652225207676326,0.7156706089786181,0.0,-0.13298156340575762,c1e84f2,42.0,2026-09-07T16:52:52+00:00
M0_Star,3,PARSE_0075.nii.gz,GT_star,none,0.8956361545747993,0.6484375,0.9783246644834007,0.7249149168432544,101.0,-0.12469762677882625,c1e84f2,42.0,2026-09-07T16:52:52+00:00
M0_Star,3,PARSE_0077.nii.gz,GT_minus_drift_neg,lcc,0.8964963159584918,0.9391261937633835,0.9697633810847409,0.6892452426769297,107.0,0.016268271952684335,c1e84f2,42.0,2026-09-07T16:52:52+00:00
M0_Star,3,PARSE_0077.nii.gz,GT_minus_drift_neg,none,0.8952672581707446,0.9391261937633835,0.9713658263146318,0.6901506389560997,47.0,0.020644409010768246,c1e84f2,42.0,2026-09-07T16:52:52+00:00
M0_Star,3,PARSE_0077.nii.gz,GT_minus_drift_pos,lcc,0.9173861770483891,0.9391261937633835,0.9709350611685299,0.6818181818181818,32.0,-0.09356380745929216,c1e84f2,42.0,2026-09-07T16:52:52+00:00
M0_Star,3,PARSE_0077.nii.gz,GT_minus_drift_pos,none,0.9167851688854366,0.9391261937633835,0.9731381494732005,0.682955328716316,28.0,-0.08966061661644102,c1e84f2,42.0,2026-09-07T16:52:52+00:00
M0_Star,3,PARSE_0077.nii.gz,GT_minus_omission,lcc,0.8264551988114791,1.328125,0.9227011494252874,0.699963159445918,17.0,0.02971445652792803,c1e84f2,42.0,2026-09-07T16:52:52+00:00
M0_Star,3,PARSE_0077.nii.gz,GT_minus_omission,none,0.8267612453602989,1.328125,0.924799953059563,0.7011214363773718,43.0,0.03414849399305358,c1e84f2,42.0,2026-09-07T16:52:52+00:00
M0_Star,3,PARSE_0077.nii.gz,GT_star,lcc,0.9270521362356036,0.6640625,0.9733010802249862,0.7643224248053204,0.0,-0.034130775110737255,c1e84f2,42.0,2026-09-07T16:52:52+00:00
M0_Star,3,PARSE_0077.nii.gz,GT_star,none,0.9261770111451967,0.6640625,0.9751446702346815,0.7651977073606697,60.0,-0.02997166060824546,c1e84f2,42.0,2026-09-07T16:52:52+00:00
M0_Star,3,PARSE_0083.nii.gz,GT_minus_drift_neg,lcc,0.9088723353672757,1.2269605245916635,0.9546290888767481,0.4778671589959998,51.0,-0.28965969989281887,c1e84f2,42.0,2026-09-07T16:52:52+00:00
M0_Star,3,PARSE_0083.nii.gz,GT_minus_drift_neg,none,0.9154375899400318,1.0054174544996222,0.9640091742545918,0.48204208408066845,64.0,-0.2854823151125402,c1e84f2,42.0,2026-09-07T16:52:52+00:00
M0_Star,3,PARSE_0083.nii.gz,GT_minus_drift_pos,lcc,0.9176815044731379,1.4180494553479086,0.9492646347505153,0.4072783131011395,10.0,-0.35443894907816653,c1e84f2,42.0,2026-09-07T16:52:52+00:00
M0_Star,3,PARSE_0083.nii.gz,GT_minus_drift_pos,none,0.9240280684667144,1.2269605245916635,0.9603254509532689,0.4112728832701517,105.0,-0.350642519523973,c1e84f2,42.0,2026-09-07T16:52:52+00:00
M0_Star,3,PARSE_0083.nii.gz,GT_minus_omission,lcc,0.8631604410290602,1.2269605245916635,0.9378092147199959,0.45106763005219236,33.0,-0.28265540269945555,c1e84f2,42.0,2026-09-07T16:52:52+00:00
M0_Star,3,PARSE_0083.nii.gz,GT_minus_omission,none,0.8691766880447334,1.2269605245916635,0.9473001297534684,0.45559243888225276,82.0,-0.2784368268949767,c1e84f2,42.0,2026-09-07T16:52:52+00:00
M0_Star,3,PARSE_0083.nii.gz,GT_star,lcc,0.9251712282068433,1.2269605245916635,0.9537661732565375,0.45841469134023843,0.0,-0.3182977694804026,c1e84f2,42.0,2026-09-07T16:52:52+00:00
M0_Star,3,PARSE_0083.nii.gz,GT_star,none,0.9324574293340845,1.0054174544996222,0.963660826242552,0.46291793405802184,115.0,-0.3142888000864024,c1e84f2,42.0,2026-09-07T16:52:52+00:00
M0_Star,4,PARSE_0002.nii.gz,GT_minus_drift_neg,lcc,0.9007636025760244,0.60546875,0.9876263933934752,0.7293030209821794,106.0,0.026065441212089594,c1e84f2,42.0,2026-09-07T16:52:52+00:00
M0_Star,4,PARSE_0002.nii.gz,GT_minus_drift_neg,none,0.8932335034158932,0.60546875,0.9842282878028227,0.72576162294011,10.0,0.03308578306249371,c1e84f2,42.0,2026-09-07T16:52:52+00:00
M0_Star,4,PARSE_0002.nii.gz,GT_minus_drift_pos,lcc,0.9188098807643688,0.60546875,0.9849995861210182,0.7176229670444362,31.0,-0.08646710083239058,c1e84f2,42.0,2026-09-07T16:52:52+00:00
M0_Star,4,PARSE_0002.nii.gz,GT_minus_drift_pos,none,0.9122732491403346,0.60546875,0.9835617221938201,0.7146038975664342,65.0,-0.08021670686514874,c1e84f2,42.0,2026-09-07T16:52:52+00:00
M0_Star,4,PARSE_0002.nii.gz,GT_minus_omission,lcc,0.7915734146270403,0.8562621178430849,0.9256562179338651,0.7273178643540432,11.0,0.06536306797078123,c1e84f2,42.0,2026-09-07T16:52:52+00:00
M0_Star,4,PARSE_0002.nii.gz,GT_minus_omission,none,0.7837640989469951,1.0,0.9218451026927593,0.7233742023963012,85.0,0.0726522842639594,c1e84f2,42.0,2026-09-07T16:52:52+00:00
M0_Star,4,PARSE_0002.nii.gz,GT_star,lcc,0.9286889450665169,0.60546875,0.9889365622632459,0.8052096380588349,0.0,-0.01825455115909269,c1e84f2,42.0,2026-09-07T16:52:52+00:00
M0_Star,4,PARSE_0002.nii.gz,GT_star,none,0.9227444890248767,0.60546875,0.985861235969923,0.8014335345775949,96.0,-0.011537446787270303,c1e84f2,42.0,2026-09-07T16:52:52+00:00
M0_Star,4,PARSE_0008.nii.gz,GT_minus_drift_neg,lcc,0.9061881399242486,0.62109375,0.9677049527937408,0.674587686479998,79.0,-0.041585070518852595,c1e84f2,42.0,2026-09-07T16:52:52+00:00
M0_Star,4,PARSE_0008.nii.gz,GT_minus_drift_neg,none,0.8948961329033353,0.62109375,0.9674216501782468,0.6732357867911292,0.0,-0.03836078637492688,c1e84f2,42.0,2026-09-07T16:52:52+00:00
M0_Star,4,PARSE_0008.nii.gz,GT_minus_drift_pos,lcc,0.92601876772516,0.8783592047551645,0.967471611374884,0.6497837136912081,10.0,-0.12475258256065114,c1e84f2,42.0,2026-09-07T16:52:52+00:00
M0_Star,4,PARSE_0008.nii.gz,GT_minus_drift_pos,none,0.9157712862313855,0.8783592047551645,0.9682430537938769,0.6488644404982843,69.0,-0.1218080892276963,c1e84f2,42.0,2026-09-07T16:52:52+00:00
M0_Star,4,PARSE_0008.nii.gz,GT_minus_omission,lcc,0.8076221642224476,1.0,0.9181755767808911,0.6655877959349962,16.0,-0.020349156282675633,c1e84f2,42.0,2026-09-07T16:52:52+00:00
M0_Star,4,PARSE_0008.nii.gz,GT_minus_omission,none,0.7976501931148093,1.0,0.918105569181882,0.6643128387540237,63.0,-0.01705343061645379,c1e84f2,42.0,2026-09-07T16:52:52+00:00
M0_Star,4,PARSE_0008.nii.gz,GT_star,lcc,0.9366584822203475,0.62109375,0.9697216870350317,0.7287538498319434,0.0,-0.07627088638622963,c1e84f2,42.0,2026-09-07T16:52:52+00:00
M0_Star,4,PARSE_0008.nii.gz,GT_star,none,0.9263197526508061,0.62109375,0.9696920884269651,0.7274038848754592,79.0,-0.07316329170808765,c1e84f2,42.0,2026-09-07T16:52:52+00:00
M0_Star,4,PARSE_0011.nii.gz,GT_minus_drift_neg,lcc,0.8654911280437071,0.650390625,0.9712065870373672,0.7216719665341355,103.0,-0.054096937036375733,c1e84f2,42.0,2026-09-07T16:52:52+00:00
M0_Star,4,PARSE_0011.nii.gz,GT_minus_drift_neg,none,0.8673192801415892,0.650390625,0.9777285510176351,0.7248494031712831,11.0,-0.04721054425633451,c1e84f2,42.0,2026-09-07T16:52:52+00:00
M0_Star,4,PARSE_0011.nii.gz,GT_minus_drift_pos,lcc,0.8815851212690295,0.9197912427153138,0.9658730339900016,0.6966390455102305,25.0,-0.16626010444237785,c1e84f2,42.0,2026-09-07T16:52:52+00:00
M0_Star,4,PARSE_0011.nii.gz,GT_minus_drift_pos,none,0.8854355860885005,0.9197912427153138,0.9745905605879596,0.7005761640479683,67.0,-0.1601902854281422,c1e84f2,42.0,2026-09-07T16:52:52+00:00
M0_Star,4,PARSE_0011.nii.gz,GT_minus_omission,lcc,0.7456002074590331,1.192898975222919,0.9136555419131599,0.7311173122000223,17.0,-0.006313465030821305,c1e84f2,42.0,2026-09-07T16:52:52+00:00
M0_Star,4,PARSE_0011.nii.gz,GT_minus_omission,none,0.7426749979545263,1.0,0.916703967807269,0.7318439468004485,75.0,0.0009208024622939918,c1e84f2,42.0,2026-09-07T16:52:52+00:00
M0_Star,4,PARSE_0011.nii.gz,GT_star,lcc,0.8901452469242942,0.650390625,0.9700971781276692,0.7897374740133116,0.0,-0.10429299333686856,c1e84f2,42.0,2026-09-07T16:52:52+00:00
M0_Star,4,PARSE_0011.nii.gz,GT_star,none,0.8950268878482974,0.650390625,0.9779565373994478,0.7940208908632489,92.0,-0.09777203944081955,c1e84f2,42.0,2026-09-07T16:52:52+00:00
M0_Star,4,PARSE_0012.nii.gz,GT_minus_drift_neg,lcc,0.6967947111201629,1.7974735755728963,0.9067480813228351,0.5556091178293506,60.0,0.2817062185822745,c1e84f2,42.0,2026-09-07T16:52:52+00:00
M0_Star,4,PARSE_0012.nii.gz,GT_minus_drift_neg,none,0.6917068801190919,1.7974735755728963,0.9066269069996539,0.5555449901678502,5.0,0.2881028778740344,c1e84f2,42.0,2026-09-07T16:52:52+00:00
M0_Star,4,PARSE_0012.nii.gz,GT_minus_drift_pos,lcc,0.7193935728928104,1.3756324007354308,0.9160458774404531,0.5834634063311447,11.0,0.16251891900032378,c1e84f2,42.0,2026-09-07T16:52:52+00:00
M0_Star,4,PARSE_0012.nii.gz,GT_minus_drift_pos,none,0.7142602459730623,1.3756324007354308,0.9163299263132874,0.5835944421634938,54.0,0.1683207457662854,c1e84f2,42.0,2026-09-07T16:52:52+00:00
M0_Star,4,PARSE_0012.nii.gz,GT_minus_omission,lcc,0.6650974783991438,3.4036889203629586,0.8731885467146868,0.5658812822327839,10.0,0.27954979632261834,c1e84f2,42.0,2026-09-07T16:52:52+00:00
M0_Star,4,PARSE_0012.nii.gz,GT_minus_omission,none,0.6606953630567722,3.4036889203629586,0.8733186673832104,0.5657396703640841,55.0,0.2859356934769366,c1e84f2,42.0,2026-09-07T16:52:52+00:00
M0_Star,4,PARSE_0012.nii.gz,GT_star,lcc,0.7206723022506223,1.4936235318455626,0.9132787348206721,0.6023684458250965,0.0,0.23160502100061028,c1e84f2,42.0,2026-09-07T16:52:52+00:00
M0_Star,4,PARSE_0012.nii.gz,GT_star,none,0.7154495913437133,1.4936235318455626,0.9131743476470368,0.6020216390251207,65.0,0.23775163836669896,c1e84f2,42.0,2026-09-07T16:52:52+00:00
M0_Star,4,PARSE_0015.nii.gz,GT_minus_drift_neg,lcc,0.8420180397257349,1.2337876866236195,0.9567979008090631,0.7253107309335638,57.0,-0.03639305473398518,c1e84f2,42.0,2026-09-07T16:52:52+00:00
M0_Star,4,PARSE_0015.nii.gz,GT_minus_drift_neg,none,0.8403863274277755,1.2337876866236195,0.9591846615667667,0.7265974076277165,21.0,-0.032729044156024914,c1e84f2,42.0,2026-09-07T16:52:52+00:00
M0_Star,4,PARSE_0015.nii.gz,GT_minus_drift_pos,lcc,0.8639647227482954,1.2337876866236195,0.9592549514169776,0.7198259244496429,10.0,-0.1231615842750349,c1e84f2,42.0,2026-09-07T16:52:52+00:00
M0_Star,4,PARSE_0015.nii.gz,GT_minus_drift_pos,none,0.86266638651406,1.021990269683682,0.9624217322926943,0.7216486117758915,68.0,-0.11982750159105085,c1e84f2,42.0,2026-09-07T16:52:52+00:00
M0_Star,4,PARSE_0015.nii.gz,GT_minus_omission,lcc,0.7743788338648935,3.9735395711673505,0.9139077140243859,0.7268006712231097,23.0,-0.017351439388831918,c1e84f2,42.0,2026-09-07T16:52:52+00:00
M0_Star,4,PARSE_0015.nii.gz,GT_minus_omission,none,0.7740722392676168,3.61328125,0.9170071785525943,0.7288903557706451,55.0,-0.01361502514007118,c1e84f2,42.0,2026-09-07T16:52:52+00:00
M0_Star,4,PARSE_0015.nii.gz,GT_star,lcc,0.8670244171043778,1.0,0.959578255047209,0.7823097655654061,0.0,-0.07857366260073333,c1e84f2,42.0,2026-09-07T16:52:52+00:00
M0_Star,4,PARSE_0015.nii.gz,GT_star,none,0.8655096182108397,1.0,0.9623492449579406,0.7840816188642276,78.0,-0.07507003919533116,c1e84f2,42.0,2026-09-07T16:52:52+00:00
M0_Star,4,PARSE_0024.nii.gz,GT_minus_drift_neg,lcc,0.8464596111214713,1.1444862539150003,0.9520972076177123,0.599078293154704,165.0,0.12086695974790218,c1e84f2,42.0,2026-09-07T16:52:52+00:00
M0_Star,4,PARSE_0024.nii.gz,GT_minus_drift_neg,none,0.8452968663452514,1.1444862539150003,0.9540278974900541,0.5995812011606267,58.0,0.12415374868237944,c1e84f2,42.0,2026-09-07T16:52:52+00:00
M0_Star,4,PARSE_0024.nii.gz,GT_minus_drift_pos,lcc,0.8611313890432145,1.1444862539150003,0.9481134319836323,0.6256887281724318,31.0,-0.02001175596929902,c1e84f2,42.0,2026-09-07T16:52:52+00:00
M0_Star,4,PARSE_0024.nii.gz,GT_minus_drift_pos,none,0.8611638619807394,1.1444862539150003,0.9513935017365395,0.6265965724696817,76.0,-0.017138074585094108,c1e84f2,42.0,2026-09-07T16:52:52+00:00
M0_Star,4,PARSE_0024.nii.gz,GT_minus_omission,lcc,0.7671954335182359,3.5304964324885604,0.8949514240637715,0.5953167815328406,25.0,0.1805601289153221,c1e84f2,42.0,2026-09-07T16:52:52+00:00
M0_Star,4,PARSE_0024.nii.gz,GT_minus_omission,none,0.767074746652304,3.4272758329334634,0.8969454697940289,0.5962403235506707,82.0,0.1840219598975438,c1e84f2,42.0,2026-09-07T16:52:52+00:00
M0_Star,4,PARSE_0024.nii.gz,GT_star,lcc,0.871032405389764,1.11328125,0.9541252978176531,0.6774130524691906,0.0,0.07123894741295426,c1e84f2,42.0,2026-09-07T16:52:52+00:00
M0_Star,4,PARSE_0024.nii.gz,GT_star,none,0.8716237276844047,1.11328125,0.9565955401525404,0.6782965052301387,107.0,0.07438020899437323,c1e84f2,42.0,2026-09-07T16:52:52+00:00
M0_Star,4,PARSE_0030.nii.gz,GT_minus_drift_neg,lcc,0.8576774267448952,0.806640625,0.9749155318931094,0.6831848742363742,183.0,0.14710892720966273,c1e84f2,42.0,2026-09-07T16:52:52+00:00
M0_Star,4,PARSE_0030.nii.gz,GT_minus_drift_neg,none,0.8614537404636017,0.806640625,0.9783375545451771,0.6843733789020781,63.0,0.16447012373619346,c1e84f2,42.0,2026-09-07T16:52:52+00:00
M0_Star,4,PARSE_0030.nii.gz,GT_minus_drift_pos,lcc,0.8905689347438659,0.806640625,0.9761692392343112,0.7204135414555037,42.0,0.04047559944998703,c1e84f2,42.0,2026-09-07T16:52:52+00:00
M0_Star,4,PARSE_0030.nii.gz,GT_minus_drift_pos,none,0.8972245513378228,0.806640625,0.9826294734380926,0.7242015460110804,78.0,0.05622292817756605,c1e84f2,42.0,2026-09-07T16:52:52+00:00
M0_Star,4,PARSE_0030.nii.gz,GT_minus_omission,lcc,0.7613767138691432,1.284783677472745,0.9018219116277107,0.6731757351103437,17.0,0.18010160827038177,c1e84f2,42.0,2026-09-07T16:52:52+00:00
M0_Star,4,PARSE_0030.nii.gz,GT_minus_omission,none,0.768513390634383,1.14076211183611,0.9054714465264353,0.6750882028314226,103.0,0.19796214048007693,c1e84f2,42.0,2026-09-07T16:52:52+00:00
M0_Star,4,PARSE_0030.nii.gz,GT_star,lcc,0.8931022149052933,0.806640625,0.9787587516316602,0.7488810386638796,0.0,0.10414933952128243,c1e84f2,42.0,2026-09-07T16:52:52+00:00
M0_Star,4,PARSE_0030.nii.gz,GT_star,none,0.9016053666382021,0.806640625,0.9839456132578162,0.7520206434926299,120.0,0.12086035381414251,c1e84f2,42.0,2026-09-07T16:52:52+00:00
M0_Star,4,PARSE_0035.nii.gz,GT_minus_drift_neg,lcc,0.870658493488073,0.6015625,0.9715689062653657,0.706314801870068,106.0,0.05588092652531919,c1e84f2,42.0,2026-09-07T16:52:52+00:00
M0_Star,4,PARSE_0035.nii.gz,GT_minus_drift_neg,none,0.8586748041069701,0.6015625,0.9681727606275303,0.703704875168691,22.0,0.06441027317104028,c1e84f2,42.0,2026-09-07T16:52:52+00:00
M0_Star,4,PARSE_0035.nii.gz,GT_minus_drift_pos,lcc,0.8985971613611358,0.6015625,0.9746754199825365,0.7065856346444235,18.0,-0.05364229962391095,c1e84f2,42.0,2026-09-07T16:52:52+00:00
M0_Star,4,PARSE_0035.nii.gz,GT_minus_drift_pos,none,0.8868443853664819,0.6015625,0.9719768963048898,0.7044553600078987,66.0,-0.04599767542947858,c1e84f2,42.0,2026-09-07T16:52:52+00:00
M0_Star,4,PARSE_0035.nii.gz,GT_minus_omission,lcc,0.8113843917608067,0.850737846115065,0.9325446911013768,0.7279816753422812,11.0,0.06982774736279877,c1e84f2,42.0,2026-09-07T16:52:52+00:00
M0_Star,4,PARSE_0035.nii.gz,GT_minus_omission,none,0.8001956491096511,0.850737846115065,0.9291926109287592,0.7252216394229196,73.0,0.07846975564160769,c1e84f2,42.0,2026-09-07T16:52:52+00:00
M0_Star,4,PARSE_0035.nii.gz,GT_star,lcc,0.9067858374025861,0.6015625,0.9766591258756733,0.778126326038117,0.0,0.009472379157237967,c1e84f2,42.0,2026-09-07T16:52:52+00:00
M0_Star,4,PARSE_0035.nii.gz,GT_star,none,0.8952497865706442,0.6015625,0.9733501686109863,0.7751974013767745,84.0,0.017626840171556152,c1e84f2,42.0,2026-09-07T16:52:52+00:00
M0_Star,4,PARSE_0037.nii.gz,GT_minus_drift_neg,lcc,0.7809159492201281,1.51953125,0.9231149368082378,0.5944301525995191,48.0,-0.08846598285233319,c1e84f2,42.0,2026-09-07T16:52:52+00:00
M0_Star,4,PARSE_0037.nii.gz,GT_minus_drift_neg,none,0.7745779934790689,1.51953125,0.9221499865214484,0.593777460360805,5.0,-0.08756152189109377,c1e84f2,42.0,2026-09-07T16:52:52+00:00
M0_Star,4,PARSE_0037.nii.gz,GT_minus_drift_pos,lcc,0.7999767080082021,1.6988875844676137,0.9237192083537326,0.5644134748871615,11.0,-0.15084801173740742,c1e84f2,42.0,2026-09-07T16:52:52+00:00
M0_Star,4,PARSE_0037.nii.gz,GT_minus_drift_pos,none,0.7936102348228629,1.6988875844676137,0.9227952875915734,0.563820842726551,42.0,-0.1500054487511728,c1e84f2,42.0,2026-09-07T16:52:52+00:00
M0_Star,4,PARSE_0037.nii.gz,GT_minus_omission,lcc,0.7076859569998385,3.2883346368394277,0.8789933398842669,0.5549659715398333,11.0,-0.07578483898216827,c1e84f2,42.0,2026-09-07T16:52:52+00:00
M0_Star,4,PARSE_0037.nii.gz,GT_minus_omission,none,0.7016213325554826,3.3749649611173047,0.8780422193705991,0.5543337198777114,42.0,-0.0748677952765017,c1e84f2,42.0,2026-09-07T16:52:52+00:00
M0_Star,4,PARSE_0037.nii.gz,GT_star,lcc,0.8035502008216423,1.51953125,0.9253497873875374,0.6092925172899368,0.0,-0.11614286504730814,c1e84f2,42.0,2026-09-07T16:52:52+00:00
M0_Star,4,PARSE_0037.nii.gz,GT_star,none,0.79715448605399,1.51953125,0.9243923987042458,0.6086302769934346,53.0,-0.11526586620926244,c1e84f2,42.0,2026-09-07T16:52:52+00:00
M0_Star,4,PARSE_0039.nii.gz,GT_minus_drift_neg,lcc,0.7958861781761164,1.1590180127617733,0.937741803760892,0.5325669437388831,186.0,0.3544713200846766,c1e84f2,42.0,2026-09-07T16:52:52+00:00
M0_Star,4,PARSE_0039.nii.gz,GT_minus_drift_neg,none,0.7859359193569029,1.1590180127617733,0.9370590733764059,0.5319193753906398,24.0,0.35697017223795574,c1e84f2,42.0,2026-09-07T16:52:52+00:00
M0_Star,4,PARSE_0039.nii.gz,GT_minus_drift_pos,lcc,0.8404219057195358,1.0,0.9499913468749399,0.5967964208110863,36.0,0.18698547215496367,c1e84f2,42.0,2026-09-07T16:52:52+00:00
M0_Star,4,PARSE_0039.nii.gz,GT_minus_drift_pos,none,0.830670956153494,1.0,0.9496579143490457,0.5961406213516461,126.0,0.1891753311494089,c1e84f2,42.0,2026-09-07T16:52:52+00:00
M0_Star,4,PARSE_0039.nii.gz,GT_minus_omission,lcc,0.686366441236526,5.2407843222651325,0.8513578800966254,0.5058194861283947,10.0,0.4238309613708975,c1e84f2,42.0,2026-09-07T16:52:52+00:00
M0_Star,4,PARSE_0039.nii.gz,GT_minus_omission,none,0.6776490092887275,5.359033334590297,0.8505742509175234,0.5052531634013183,152.0,0.42645777451265143,c1e84f2,42.0,2026-09-07T16:52:52+00:00
M0_Star,4,PARSE_0039.nii.gz,GT_star,lcc,0.8490145998605046,0.8286407592029854,0.9505345411515077,0.6002434678527223,0.0,0.3005395620301265,c1e84f2,42.0,2026-09-07T16:52:52+00:00
M0_Star,4,PARSE_0039.nii.gz,GT_star,none,0.8391672006126031,0.8286407592029854,0.9496842541033393,0.5995473347381566,162.0,0.30293891596019024,c1e84f2,42.0,2026-09-07T16:52:52+00:00
M0_Star,4,PARSE_0042.nii.gz,GT_minus_drift_neg,lcc,0.8499887854690322,1.1710413701594833,0.93493111779274,0.6614282360247506,99.0,9.868384983973011e-05,c1e84f2,42.0,2026-09-07T16:52:52+00:00
M0_Star,4,PARSE_0042.nii.gz,GT_minus_drift_neg,none,0.8597701966119193,1.0,0.9496575254233546,0.6670764338477506,28.0,0.0299560308624603,c1e84f2,42.0,2026-09-07T16:52:52+00:00
M0_Star,4,PARSE_0042.nii.gz,GT_minus_drift_pos,lcc,0.8641112893221022,1.21875,0.9273983479363134,0.6481703325021939,34.0,-0.11562304057504476,c1e84f2,42.0,2026-09-07T16:52:52+00:00
M0_Star,4,PARSE_0042.nii.gz,GT_minus_drift_pos,none,0.877390449909234,1.0,0.9494981019807925,0.6547979686614809,93.0,-0.08922049631224103,c1e84f2,42.0,2026-09-07T16:52:52+00:00
M0_Star,4,PARSE_0042.nii.gz,GT_minus_omission,lcc,0.7751756298024256,2.413999291243682,0.8908916677886101,0.6713445105291085,21.0,0.02914483656099203,c1e84f2,42.0,2026-09-07T16:52:52+00:00
M0_Star,4,PARSE_0042.nii.gz,GT_minus_omission,none,0.7900248115008452,1.690174385418558,0.9065585805821735,0.6800352086960867,106.0,0.05986933906024921,c1e84f2,42.0,2026-09-07T16:52:52+00:00
M0_Star,4,PARSE_0042.nii.gz,GT_star,lcc,0.8737831315199495,1.0,0.935840176727657,0.7301837095814909,0.0,-0.04171409159519365,c1e84f2,42.0,2026-09-07T16:52:52+00:00
M0_Star,4,PARSE_0042.nii.gz,GT_star,none,0.8870023032194729,0.8617863895711048,0.9514917865509263,0.7377229416076228,127.0,-0.01310503994200442,c1e84f2,42.0,2026-09-07T16:52:52+00:00
M0_Star,4,PARSE_0044.nii.gz,GT_minus_drift_neg,lcc,0.8792088455783228,1.1813225940821848,0.9503940932164282,0.6699916935856022,101.0,0.04091942918100759,c1e84f2,42.0,2026-09-07T16:52:52+00:00
M0_Star,4,PARSE_0044.nii.gz,GT_minus_drift_neg,none,0.8870675566719421,1.0,0.9604658122153451,0.6765079411421231,3.0,0.051634026394004655,c1e84f2,42.0,2026-09-07T16:52:52+00:00
M0_Star,4,PARSE_0044.nii.gz,GT_minus_drift_pos,lcc,0.887621704094283,1.1813225940821848,0.948374218555066,0.6563282940317944,22.0,-0.0669557347028984,c1e84f2,42.0,2026-09-07T16:52:52+00:00
M0_Star,4,PARSE_0044.nii.gz,GT_minus_drift_pos,none,0.8968785257790256,1.0,0.9607247690289069,0.6623966886252655,82.0,-0.057351539407570894,c1e84f2,42.0,2026-09-07T16:52:52+00:00
M0_Star,4,PARSE_0044.nii.gz,GT_minus_omission,lcc,0.8172587267561866,1.725576818471236,0.9205187359643139,0.6893869135669995,18.0,0.056744110014507854,c1e84f2,42.0,2026-09-07T16:52:52+00:00
M0_Star,4,PARSE_0044.nii.gz,GT_minus_omission,none,0.8258398969805603,1.4062771264744771,0.9287496733981362,0.6946452441088597,86.0,0.06762159695403121,c1e84f2,42.0,2026-09-07T16:52:52+00:00
M0_Star,4,PARSE_0044.nii.gz,GT_star,lcc,0.9008739816339968,1.0,0.9530300907716126,0.7297937074115183,0.0,-0.006588678230469275,c1e84f2,42.0,2026-09-07T16:52:52+00:00
M0_Star,4,PARSE_0044.nii.gz,GT_star,none,0.91165049613722,0.8894077482112043,0.9630308455166731,0.7360584231987838,104.0,0.003636899159287219,c1e84f2,42.0,2026-09-07T16:52:52+00:00
M0_Star,4,PARSE_0060.nii.gz,GT_minus_drift_neg,lcc,0.8402024835923538,1.0,0.9556277615088995,0.6223841733729687,151.0,0.13648645746074703,c1e84f2,42.0,2026-09-07T16:52:52+00:00
M0_Star,4,PARSE_0060.nii.gz,GT_minus_drift_neg,none,0.8402761661111723,1.0,0.9581933475063246,0.6233619363390356,63.0,0.14169297849947377,c1e84f2,42.0,2026-09-07T16:52:52+00:00
M0_Star,4,PARSE_0060.nii.gz,GT_minus_drift_pos,lcc,0.8537624357924534,1.0,0.9521317008559076,0.6328808385608918,38.0,-0.018086330401217383,c1e84f2,42.0,2026-09-07T16:52:52+00:00
M0_Star,4,PARSE_0060.nii.gz,GT_minus_drift_pos,none,0.8554006101717159,1.0,0.9567185517271397,0.6341249460111895,50.0,-0.013587944920758639,c1e84f2,42.0,2026-09-07T16:52:52+00:00
M0_Star,4,PARSE_0060.nii.gz,GT_minus_omission,lcc,0.7584848670311788,2.0134814789353355,0.9032031414675274,0.6192453920198606,21.0,0.2017998128412694,c1e84f2,42.0,2026-09-07T16:52:52+00:00
M0_Star,4,PARSE_0060.nii.gz,GT_minus_omission,none,0.7549951571049829,2.059923817235118,0.9030913336208269,0.6183832756403532,67.0,0.2073055502557533,c1e84f2,42.0,2026-09-07T16:52:52+00:00
M0_Star,4,PARSE_0060.nii.gz,GT_star,lcc,0.8602918183615083,0.9004562916672442,0.9571686930363315,0.6944330044586101,0.0,0.08298060470104714,c1e84f2,42.0,2026-09-07T16:52:52+00:00
M0_Star,4,PARSE_0060.nii.gz,GT_star,none,0.8630726003730748,0.9004562916672442,0.9607945914721551,0.6956918622479907,88.0,0.08794200240701473,c1e84f2,42.0,2026-09-07T16:52:52+00:00
M0_Star,4,PARSE_0074.nii.gz,GT_minus_drift_neg,lcc,0.8452719186758504,1.0,0.9520823832086421,0.6174563000664942,130.0,-0.04771299898900156,c1e84f2,42.0,2026-09-07T16:52:52+00:00
M0_Star,4,PARSE_0074.nii.gz,GT_minus_drift_neg,none,0.8482411230912306,1.0,0.9560976795380604,0.6179310632180914,48.0,-0.04538463895101253,c1e84f2,42.0,2026-09-07T16:52:52+00:00
M0_Star,4,PARSE_0074.nii.gz,GT_minus_drift_pos,lcc,0.8489767769865476,1.1751256997258845,0.9445287440216661,0.5854509600548053,26.0,-0.14777811896824003,c1e84f2,42.0,2026-09-07T16:52:52+00:00
M0_Star,4,PARSE_0074.nii.gz,GT_minus_drift_pos,none,0.8533759413325005,1.1751256997258845,0.9497058804744234,0.5861760629498816,56.0,-0.14569442007369715,c1e84f2,42.0,2026-09-07T16:52:52+00:00
M0_Star,4,PARSE_0074.nii.gz,GT_minus_omission,lcc,0.7530801798885168,1.234375,0.9115399091474844,0.6096285779233604,27.0,-0.0005466132486189977,c1e84f2,42.0,2026-09-07T16:52:52+00:00
M0_Star,4,PARSE_0074.nii.gz,GT_minus_omission,none,0.755674560338965,1.234375,0.9140527745469275,0.6097425930949399,55.0,0.001897069509912992,c1e84f2,42.0,2026-09-07T16:52:52+00:00
M0_Star,4,PARSE_0074.nii.gz,GT_star,lcc,0.8558464795033321,0.8728349330271447,0.9528179625768312,0.6606505685586875,0.0,-0.08202898893128419,c1e84f2,42.0,2026-09-07T16:52:52+00:00
M0_Star,4,PARSE_0074.nii.gz,GT_star,none,0.8615412155833744,0.8728349330271447,0.9572076580412486,0.66136271878785,82.0,-0.07978453214889017,c1e84f2,42.0,2026-09-07T16:52:52+00:00
M0_Star,4,PARSE_0080.nii.gz,GT_minus_drift_neg,lcc,0.8721729451906933,1.2606253122869284,0.9633788945780685,0.6271675057011317,180.0,0.13270844138830815,c1e84f2,42.0,2026-09-07T16:52:52+00:00
M0_Star,4,PARSE_0080.nii.gz,GT_minus_drift_neg,none,0.8688643910375097,1.2606253122869284,0.964114489819307,0.6274210184513123,115.0,0.13402916281233457,c1e84f2,42.0,2026-09-07T16:52:52+00:00
M0_Star,4,PARSE_0080.nii.gz,GT_minus_drift_pos,lcc,0.9028301324129375,1.085519394555911,0.9675157973535304,0.6666108897157578,51.0,0.0016738854948837737,c1e84f2,42.0,2026-09-07T16:52:52+00:00
M0_Star,4,PARSE_0080.nii.gz,GT_minus_drift_pos,none,0.9011964502999591,1.085519394555911,0.9687651203913047,0.6670478838050162,14.0,0.002841822549223582,c1e84f2,42.0,2026-09-07T16:52:52+00:00
M0_Star,4,PARSE_0080.nii.gz,GT_minus_omission,lcc,0.7979615415762917,4.678863299967755,0.8914110336998509,0.6164224612092566,9.0,0.1786523043025889,c1e84f2,42.0,2026-09-07T16:52:52+00:00
M0_Star,4,PARSE_0080.nii.gz,GT_minus_omission,none,0.7942893633055911,4.678863299967755,0.8911191603788731,0.616110130036924,56.0,0.18002659559670392,c1e84f2,42.0,2026-09-07T16:52:52+00:00
M0_Star,4,PARSE_0080.nii.gz,GT_star,lcc,0.9164893668896129,1.0,0.9689621636641504,0.7030056036678554,0.0,0.07136065706424988,c1e84f2,42.0,2026-09-07T16:52:52+00:00
M0_Star,4,PARSE_0080.nii.gz,GT_star,none,0.9148571731392492,1.0,0.9699783048150358,0.7034420868084948,65.0,0.07260984787182392,c1e84f2,42.0,2026-09-07T16:52:52+00:00
M0_Star,4,PARSE_0084.nii.gz,GT_minus_drift_neg,lcc,0.867169571650525,1.28125,0.9389891528685154,0.6215173569621825,50.0,-0.13116604548566213,c1e84f2,42.0,2026-09-07T16:52:52+00:00
M0_Star,4,PARSE_0084.nii.gz,GT_minus_drift_neg,none,0.8682256422022946,1.1876027916037415,0.9443963885203461,0.623740584202701,16.0,-0.12303034912907888,c1e84f2,42.0,2026-09-07T16:52:52+00:00
M0_Star,4,PARSE_0084.nii.gz,GT_minus_drift_pos,lcc,0.8787557611155065,1.28125,0.9387525743035984,0.5769162811849182,13.0,-0.22605089844702822,c1e84f2,42.0,2026-09-07T16:52:52+00:00
M0_Star,4,PARSE_0084.nii.gz,GT_minus_drift_pos,none,0.8803114780084437,1.28125,0.9456835121749304,0.5796652361255236,53.0,-0.2188036967775158,c1e84f2,42.0,2026-09-07T16:52:52+00:00
M0_Star,4,PARSE_0084.nii.gz,GT_minus_omission,lcc,0.8160985397477807,2.0,0.9091083911041028,0.6224820437871984,15.0,-0.11376353496513263,c1e84f2,42.0,2026-09-07T16:52:52+00:00
M0_Star,4,PARSE_0084.nii.gz,GT_minus_omission,none,0.8128313629210845,1.746997983148521,0.9126858770025774,0.6242034977769444,51.0,-0.1054648827978313,c1e84f2,42.0,2026-09-07T16:52:52+00:00
M0_Star,4,PARSE_0084.nii.gz,GT_star,lcc,0.8907462693588494,1.1876027916037415,0.9419326644694914,0.6594863951152303,0.0,-0.16562502739233717,c1e84f2,42.0,2026-09-07T16:52:52+00:00
M0_Star,4,PARSE_0084.nii.gz,GT_star,none,0.8922657082851202,1.1876027916037415,0.9478989167936127,0.6621106568481645,66.0,-0.15781200237254162,c1e84f2,42.0,2026-09-07T16:52:52+00:00
M0_Star,4,PARSE_0085.nii.gz,GT_minus_drift_neg,lcc,0.9065370024779497,0.775390625,0.9830260100942666,0.7505674686890805,103.0,0.056557573704785695,c1e84f2,42.0,2026-09-07T16:52:52+00:00
M0_Star,4,PARSE_0085.nii.gz,GT_minus_drift_neg,none,0.9020568480018022,0.775390625,0.9841741476657617,0.7508402591562432,18.0,0.05877683221135527,c1e84f2,42.0,2026-09-07T16:52:52+00:00
M0_Star,4,PARSE_0085.nii.gz,GT_minus_drift_pos,lcc,0.925631423865377,0.775390625,0.983479063501765,0.7497474149006499,34.0,-0.049804222697474886,c1e84f2,42.0,2026-09-07T16:52:52+00:00
M0_Star,4,PARSE_0085.nii.gz,GT_minus_drift_pos,none,0.9216647267849515,0.775390625,0.9848870104851033,0.7500101147479249,51.0,-0.04780837304936634,c1e84f2,42.0,2026-09-07T16:52:52+00:00
M0_Star,4,PARSE_0085.nii.gz,GT_minus_omission,lcc,0.8016807766401538,1.0965679380119506,0.9215219472221143,0.7449798842150253,19.0,0.10225340292552212,c1e84f2,42.0,2026-09-07T16:52:52+00:00
M0_Star,4,PARSE_0085.nii.gz,GT_minus_omission,none,0.7981586751658395,1.0,0.9227567491365335,0.7452597448368224,66.0,0.10456864376210072,c1e84f2,42.0,2026-09-07T16:52:52+00:00
M0_Star,4,PARSE_0085.nii.gz,GT_star,lcc,0.9368106190658035,0.775390625,0.9866838177868492,0.8223874621811237,0.0,0.01571440685152209,c1e84f2,42.0,2026-09-07T16:52:52+00:00
M0_Star,4,PARSE_0085.nii.gz,GT_star,none,0.9331791412361756,0.775390625,0.9878672172537667,0.822560099027085,85.0,0.017847875858560163,c1e84f2,42.0,2026-09-07T16:52:52+00:00
M1_Omission,0,PARSE_0003.nii.gz,GT_minus_drift_neg,lcc,0.8959182847334939,0.9280776503073436,0.9663857089954757,0.650123170554992,85.0,0.10737834618156011,c1e84f2,42.0,2026-09-07T16:52:52+00:00
M1_Omission,0,PARSE_0003.nii.gz,GT_minus_drift_neg,none,0.8927054217312558,0.9280776503073436,0.9669760362408183,0.6503989943815487,34.0,0.1094241652877001,c1e84f2,42.0,2026-09-07T16:52:52+00:00
M1_Omission,0,PARSE_0003.nii.gz,GT_minus_drift_pos,lcc,0.912549312859645,0.9280776503073436,0.9673151371466299,0.6590090630814477,17.0,-0.00047716472641466266,c1e84f2,42.0,2026-09-07T16:52:52+00:00
M1_Omission,0,PARSE_0003.nii.gz,GT_minus_drift_pos,none,0.9099693225337886,0.9280776503073436,0.9684511175746141,0.6594120707791017,34.0,0.0013693973997790663,c1e84f2,42.0,2026-09-07T16:52:52+00:00
M1_Omission,0,PARSE_0003.nii.gz,GT_minus_omission,lcc,0.855890213851414,0.9280776503073436,0.9406969861391999,0.6768279649451652,10.0,0.10787176236189096,c1e84f2,42.0,2026-09-07T16:52:52+00:00
M1_Omission,0,PARSE_0003.nii.gz,GT_minus_omission,none,0.8531572222897525,0.9280776503073436,0.9411419736631658,0.6770067379973015,41.0,0.10991849302662561,c1e84f2,42.0,2026-09-07T16:52:52+00:00
M1_Omission,0,PARSE_0003.nii.gz,GT_star,lcc,0.9221358188825322,0.65625,0.9695324639562558,0.7167207568694558,0.0,0.06176637029270545,c1e84f2,42.0,2026-09-07T16:52:52+00:00
M1_Omission,0,PARSE_0003.nii.gz,GT_star,none,0.9202885088342363,0.65625,0.9702869254621815,0.7170231973937277,51.0,0.06372792384311737,c1e84f2,42.0,2026-09-07T16:52:52+00:00
M1_Omission,0,PARSE_0005.nii.gz,GT_minus_drift_neg,lcc,0.8670170764010015,6.184151408050688,0.9330257206816209,0.6364932157704783,108.0,0.18383787657653416,c1e84f2,42.0,2026-09-07T16:52:52+00:00
M1_Omission,0,PARSE_0005.nii.gz,GT_minus_drift_neg,none,0.8801507941462923,4.874788719880746,0.9436113862841686,0.644845820158952,54.0,0.19549808278798722,c1e84f2,42.0,2026-09-07T16:52:52+00:00
M1_Omission,0,PARSE_0005.nii.gz,GT_minus_drift_pos,lcc,0.8825850023554349,5.644244694283311,0.9356582046037303,0.6411675388071126,20.0,0.02550786896686107,c1e84f2,42.0,2026-09-07T16:52:52+00:00
M1_Omission,0,PARSE_0005.nii.gz,GT_minus_drift_pos,none,0.8972223510744921,4.149728347895573,0.9477844559585492,0.649840414507772,34.0,0.03560860443091034,c1e84f2,42.0,2026-09-07T16:52:52+00:00
M1_Omission,0,PARSE_0005.nii.gz,GT_minus_omission,lcc,0.7933513303941626,9.042232185175571,0.8908906746546079,0.6499515155006385,12.0,0.2287352452518759,c1e84f2,42.0,2026-09-07T16:52:52+00:00
M1_Omission,0,PARSE_0005.nii.gz,GT_minus_omission,none,0.7974113732871532,8.710550369760835,0.8962598041777318,0.6540330741055692,42.0,0.24083766790821923,c1e84f2,42.0,2026-09-07T16:52:52+00:00
M1_Omission,0,PARSE_0005.nii.gz,GT_star,lcc,0.8933940138996732,5.920663835576738,0.9366465208887635,0.7058481489965288,0.0,0.10912022583696414,c1e84f2,42.0,2026-09-07T16:52:52+00:00
M1_Omission,0,PARSE_0005.nii.gz,GT_star,none,0.9092734815762658,4.518518279955174,0.9480486048997578,0.714614193154301,54.0,0.12004450086012125,c1e84f2,42.0,2026-09-07T16:52:52+00:00
M1_Omission,0,PARSE_0007.nii.gz,GT_minus_drift_neg,lcc,0.8263642280301111,0.961223280675463,0.9401192775241176,0.6426827137204999,73.0,-0.08051367911337966,c1e84f2,42.0,2026-09-07T16:52:52+00:00
M1_Omission,0,PARSE_0007.nii.gz,GT_minus_drift_neg,none,0.8286015401173592,0.961223280675463,0.947147091020746,0.6448437597344227,18.0,-0.07496699243569277,c1e84f2,42.0,2026-09-07T16:52:52+00:00
M1_Omission,0,PARSE_0007.nii.gz,GT_minus_drift_pos,lcc,0.8340192911846753,1.2091216223590784,0.9314065782590283,0.6002972755279131,14.0,-0.16830221783940755,c1e84f2,42.0,2026-09-07T16:52:52+00:00
M1_Omission,0,PARSE_0007.nii.gz,GT_minus_drift_pos,none,0.8395700105070386,1.0,0.9401844097444254,0.6029414798160028,41.0,-0.16328510458455933,c1e84f2,42.0,2026-09-07T16:52:52+00:00
M1_Omission,0,PARSE_0007.nii.gz,GT_minus_omission,lcc,0.7971385973150589,0.6796875,0.9305769283930595,0.6748339061765709,11.0,-0.07979708881969315,c1e84f2,42.0,2026-09-07T16:52:52+00:00
M1_Omission,0,PARSE_0007.nii.gz,GT_minus_omission,none,0.8028851290123081,0.6796875,0.9386285552205758,0.6766825108538019,44.0,-0.07424607940033512,c1e84f2,42.0,2026-09-07T16:52:52+00:00
M1_Omission,0,PARSE_0007.nii.gz,GT_star,lcc,0.8418206253119422,0.6796875,0.9411782781038335,0.6830957784440338,0.0,-0.11716025802241722,c1e84f2,42.0,2026-09-07T16:52:52+00:00
M1_Omission,0,PARSE_0007.nii.gz,GT_star,none,0.8501572494322174,0.6796875,0.9501805117114603,0.6853340774717896,55.0,-0.11183463726643057,c1e84f2,42.0,2026-09-07T16:52:52+00:00
M1_Omission,0,PARSE_0014.nii.gz,GT_minus_drift_neg,lcc,0.7826509541599634,1.0,0.947092872161977,0.5992392562666856,72.0,0.24309899906162027,c1e84f2,42.0,2026-09-07T16:52:52+00:00
M1_Omission,0,PARSE_0014.nii.gz,GT_minus_drift_neg,none,0.7742209104412192,1.0,0.944109236555555,0.5969882940709681,6.0,0.2496285580231467,c1e84f2,42.0,2026-09-07T16:52:52+00:00
M1_Omission,0,PARSE_0014.nii.gz,GT_minus_drift_pos,lcc,0.8129851110433284,0.8728349330271447,0.95378033789391,0.6496314409085059,17.0,0.12038692967077501,c1e84f2,42.0,2026-09-07T16:52:52+00:00
M1_Omission,0,PARSE_0014.nii.gz,GT_minus_drift_pos,none,0.8045789735397115,0.8728349330271447,0.9518420971363782,0.6475023271613926,61.0,0.12627192557418354,c1e84f2,42.0,2026-09-07T16:52:52+00:00
M1_Omission,0,PARSE_0014.nii.gz,GT_minus_omission,lcc,0.7171284328700042,1.588609971209107,0.8976704392676428,0.6028991175535946,8.0,0.2660112988726015,c1e84f2,42.0,2026-09-07T16:52:52+00:00
M1_Omission,0,PARSE_0014.nii.gz,GT_minus_omission,none,0.7097537613466817,1.7042893095895573,0.8947488573385338,0.6006052098562749,70.0,0.27266120803364774,c1e84f2,42.0,2026-09-07T16:52:52+00:00
M1_Omission,0,PARSE_0014.nii.gz,GT_star,lcc,0.8170017329090555,0.8728349330271447,0.9534219340093741,0.6587077803533188,0.0,0.19700499324664567,c1e84f2,42.0,2026-09-07T16:52:52+00:00
M1_Omission,0,PARSE_0014.nii.gz,GT_star,none,0.8083681460270545,0.8728349330271447,0.9503016984677319,0.65618377984091,78.0,0.20329243671377542,c1e84f2,42.0,2026-09-07T16:52:52+00:00
M1_Omission,0,PARSE_0021.nii.gz,GT_minus_drift_neg,lcc,0.8368434560587908,1.0,0.9576433654886543,0.5633368384157028,78.0,-0.16793675831522648,c1e84f2,42.0,2026-09-07T16:52:52+00:00
M1_Omission,0,PARSE_0021.nii.gz,GT_minus_drift_neg,none,0.8396543711050707,1.0,0.9639634188768518,0.565416135990295,1.0,-0.1614287355841551,c1e84f2,42.0,2026-09-07T16:52:52+00:00
M1_Omission,0,PARSE_0021.nii.gz,GT_minus_drift_pos,lcc,0.8347063950728391,1.1813225940821848,0.9475912821964336,0.5035550523634306,16.0,-0.2531271390662653,c1e84f2,42.0,2026-09-07T16:52:52+00:00
M1_Omission,0,PARSE_0021.nii.gz,GT_minus_drift_pos,none,0.8398483896375496,1.1813225940821848,0.9559363387471258,0.5060799757138279,61.0,-0.24728543700244732,c1e84f2,42.0,2026-09-07T16:52:52+00:00
M1_Omission,0,PARSE_0021.nii.gz,GT_minus_omission,lcc,0.8153702991545837,1.0,0.949159454579416,0.5685760537949069,10.0,-0.16958279359138428,c1e84f2,42.0,2026-09-07T16:52:52+00:00
M1_Omission,0,PARSE_0021.nii.gz,GT_minus_omission,none,0.8198732683067943,1.0,0.9548038482689587,0.5708636360827736,67.0,-0.16308764540452628,c1e84f2,42.0,2026-09-07T16:52:52+00:00
M1_Omission,0,PARSE_0021.nii.gz,GT_star,lcc,0.8424581982211068,1.0,0.9574066002304766,0.570244627684665,0.0,-0.20212811247091939,c1e84f2,42.0,2026-09-07T16:52:52+00:00
M1_Omission,0,PARSE_0021.nii.gz,GT_star,none,0.8481179403676353,0.8894077482112043,0.9641303316973706,0.5731144936813903,77.0,-0.1958875190636105,c1e84f2,42.0,2026-09-07T16:52:52+00:00
M1_Omission,0,PARSE_0027.nii.gz,GT_minus_drift_neg,lcc,0.8334010278780909,1.828125,0.9224933816227271,0.49094573867514674,98.0,-0.2234384197223088,c1e84f2,42.0,2026-09-07T16:52:52+00:00
M1_Omission,0,PARSE_0027.nii.gz,GT_minus_drift_neg,none,0.8493242904269276,1.3626039237889342,0.9364008730389269,0.49539362702902934,7.0,-0.21984609258682178,c1e84f2,42.0,2026-09-07T16:52:52+00:00
M1_Omission,0,PARSE_0027.nii.gz,GT_minus_drift_pos,lcc,0.830767548451772,2.413999291243682,0.9104780301757783,0.4127234282213681,19.0,-0.3028854279381225,c1e84f2,42.0,2026-09-07T16:52:52+00:00
M1_Omission,0,PARSE_0027.nii.gz,GT_minus_drift_pos,none,0.8480332267246452,1.7235727791422095,0.9274295920174765,0.417153765916829,86.0,-0.2996606178813775,c1e84f2,42.0,2026-09-07T16:52:52+00:00
M1_Omission,0,PARSE_0027.nii.gz,GT_minus_omission,lcc,0.8008812611960437,2.1710317607649134,0.9119615436880011,0.476327173076052,32.0,-0.2017111623757839,c1e84f2,42.0,2026-09-07T16:52:52+00:00
M1_Omission,0,PARSE_0027.nii.gz,GT_minus_omission,none,0.8051470301428045,1.828125,0.9213309964721662,0.4791091374277245,73.0,-0.19801832625539745,c1e84f2,42.0,2026-09-07T16:52:52+00:00
M1_Omission,0,PARSE_0027.nii.gz,GT_star,lcc,0.8439916980248771,2.083756467446472,0.9184368867691588,0.4704622542203277,0.0,-0.2596442291425105,c1e84f2,42.0,2026-09-07T16:52:52+00:00
M1_Omission,0,PARSE_0027.nii.gz,GT_star,none,0.86227526151506,1.3626039237889342,0.9342891525730774,0.4753665195843739,105.0,-0.25621938790247045,c1e84f2,42.0,2026-09-07T16:52:52+00:00
M1_Omission,0,PARSE_0036.nii.gz,GT_minus_drift_neg,lcc,0.8677581758146332,0.71875,0.9774425465015633,0.7487237462683931,116.0,-0.0482327595401122,c1e84f2,42.0,2026-09-07T16:52:52+00:00
M1_Omission,0,PARSE_0036.nii.gz,GT_minus_drift_neg,none,0.8713573051153948,0.71875,0.9799645264904169,0.7495323144258939,63.0,-0.04736247093705339,c1e84f2,42.0,2026-09-07T16:52:52+00:00
M1_Omission,0,PARSE_0036.nii.gz,GT_minus_drift_pos,lcc,0.8799297084488442,0.71875,0.9734784212467724,0.7180786097790893,28.0,-0.14382368291784356,c1e84f2,42.0,2026-09-07T16:52:52+00:00
M1_Omission,0,PARSE_0036.nii.gz,GT_minus_drift_pos,none,0.8837394584869873,0.71875,0.9766742835614307,0.718928392999009,25.0,-0.14304080191575586,c1e84f2,42.0,2026-09-07T16:52:52+00:00
M1_Omission,0,PARSE_0036.nii.gz,GT_minus_omission,lcc,0.8107634466524913,0.71875,0.9468479661328916,0.7671728326891221,21.0,-0.025279070275465845,c1e84f2,42.0,2026-09-07T16:52:52+00:00
M1_Omission,0,PARSE_0036.nii.gz,GT_minus_omission,none,0.8136929533308551,0.71875,0.9490447031132196,0.7677589599308582,32.0,-0.02438779299648295,c1e84f2,42.0,2026-09-07T16:52:52+00:00
M1_Omission,0,PARSE_0036.nii.gz,GT_star,lcc,0.8879968239046458,0.71875,0.9782051668525609,0.8024770575037359,0.0,-0.08956649132615375,c1e84f2,42.0,2026-09-07T16:52:52+00:00
M1_Omission,0,PARSE_0036.nii.gz,GT_star,none,0.8924793862747903,0.71875,0.981076952864488,0.8033474603618527,53.0,-0.0887339979677368,c1e84f2,42.0,2026-09-07T16:52:52+00:00
M1_Omission,0,PARSE_0040.nii.gz,GT_minus_drift_neg,lcc,0.7522352307801773,1.3605530994151331,0.9299441936903431,0.6003948890299516,307.0,0.05973620667052898,c1e84f2,42.0,2026-09-07T16:52:52+00:00
M1_Omission,0,PARSE_0040.nii.gz,GT_minus_drift_neg,none,0.756476513360477,1.3046875,0.9343987882553985,0.6018020817150846,185.0,0.06269214667213593,c1e84f2,42.0,2026-09-07T16:52:52+00:00
M1_Omission,0,PARSE_0040.nii.gz,GT_minus_drift_pos,lcc,0.773200407844522,1.6438398561466534,0.9201648165068562,0.6143580803147898,71.0,-0.09088303688359556,c1e84f2,42.0,2026-09-07T16:52:52+00:00
M1_Omission,0,PARSE_0040.nii.gz,GT_minus_drift_pos,none,0.7795747357701908,1.4586849696971285,0.9272673301903265,0.6161969617600838,51.0,-0.08834722166797872,c1e84f2,42.0,2026-09-07T16:52:52+00:00
M1_Omission,0,PARSE_0040.nii.gz,GT_minus_omission,lcc,0.7149863765113511,2.202522357736267,0.8940246215165054,0.6196522130436181,4.0,0.07556911825298723,c1e84f2,42.0,2026-09-07T16:52:52+00:00
M1_Omission,0,PARSE_0040.nii.gz,GT_minus_omission,none,0.7167076835768991,2.1977195711638378,0.8968015161046048,0.620016266872874,118.0,0.07856922126081582,c1e84f2,42.0,2026-09-07T16:52:52+00:00
M1_Omission,0,PARSE_0040.nii.gz,GT_star,lcc,0.7793423980267542,1.1939649777795254,0.9352694033671656,0.6734783001536006,0.0,-0.0004547031865120676,c1e84f2,42.0,2026-09-07T16:52:52+00:00
M1_Omission,0,PARSE_0040.nii.gz,GT_star,none,0.7879259153641449,1.1939649777795254,0.9408950785324587,0.6754655061710779,122.0,0.0023333452992066626,c1e84f2,42.0,2026-09-07T16:52:52+00:00
M1_Omission,0,PARSE_0043.nii.gz,GT_minus_drift_neg,lcc,0.8331139385026837,1.296875,0.9393985162809293,0.687450579716583,87.0,-0.05941665764648088,c1e84f2,42.0,2026-09-07T16:52:52+00:00
M1_Omission,0,PARSE_0043.nii.gz,GT_minus_drift_neg,none,0.8536832352325219,1.191835219905105,0.9519606557377049,0.6962797814207651,4.0,-0.04399630311154778,c1e84f2,42.0,2026-09-07T16:52:52+00:00
M1_Omission,0,PARSE_0043.nii.gz,GT_minus_drift_pos,lcc,0.8418266658731501,1.44995032916002,0.9331339536257569,0.6655672065508131,17.0,-0.1642529768840652,c1e84f2,42.0,2026-09-07T16:52:52+00:00
M1_Omission,0,PARSE_0043.nii.gz,GT_minus_drift_pos,none,0.8655692453476723,1.191835219905105,0.9495060550696051,0.6753787450080033,66.0,-0.15055135703003333,c1e84f2,42.0,2026-09-07T16:52:52+00:00
M1_Omission,0,PARSE_0043.nii.gz,GT_minus_omission,lcc,0.7590077829544345,3.3320198014164397,0.8964725283940035,0.6982735327823794,12.0,-0.03604022579007326,c1e84f2,42.0,2026-09-07T16:52:52+00:00
M1_Omission,0,PARSE_0043.nii.gz,GT_minus_omission,none,0.7831424912644092,2.4702947105621327,0.9092937177619584,0.7086184939852862,71.0,-0.020236627314113586,c1e84f2,42.0,2026-09-07T16:52:52+00:00
M1_Omission,0,PARSE_0043.nii.gz,GT_star,lcc,0.8517445615485447,1.296875,0.939391049537912,0.7500390130563696,0.0,-0.10246937121609381,c1e84f2,42.0,2026-09-07T16:52:52+00:00
M1_Omission,0,PARSE_0043.nii.gz,GT_star,none,0.876620210079145,1.0,0.9533482409572743,0.7603912397794582,83.0,-0.08775484260539321,c1e84f2,42.0,2026-09-07T16:52:52+00:00
M1_Omission,0,PARSE_0046.nii.gz,GT_minus_drift_neg,lcc,0.8210524685022444,2.2950581741439753,0.9222505278082906,0.6786796612678305,74.0,0.024408887833405075,c1e84f2,42.0,2026-09-07T16:52:52+00:00
M1_Omission,0,PARSE_0046.nii.gz,GT_minus_drift_neg,none,0.827623764921211,2.0,0.9317569128860818,0.6819225140568436,15.0,0.03531088121354252,c1e84f2,42.0,2026-09-07T16:52:52+00:00
M1_Omission,0,PARSE_0046.nii.gz,GT_minus_drift_pos,lcc,0.8409832121981253,2.6129805273534137,0.9188961937967077,0.6566443653549243,17.0,-0.07468979802516473,c1e84f2,42.0,2026-09-07T16:52:52+00:00
M1_Omission,0,PARSE_0046.nii.gz,GT_minus_drift_pos,none,0.8525818662757213,2.0,0.9317425481251972,0.661717875892934,72.0,-0.06484243549608854,c1e84f2,42.0,2026-09-07T16:52:52+00:00
M1_Omission,0,PARSE_0046.nii.gz,GT_minus_omission,lcc,0.7192150979682131,6.175624355613012,0.8666256460743293,0.6581015669866273,5.0,0.06402577681166123,c1e84f2,42.0,2026-09-07T16:52:52+00:00
M1_Omission,0,PARSE_0046.nii.gz,GT_minus_omission,none,0.7300261537163588,5.361930037933118,0.8770823369190736,0.6617271540787458,84.0,0.07534938217360806,c1e84f2,42.0,2026-09-07T16:52:52+00:00
M1_Omission,0,PARSE_0046.nii.gz,GT_star,lcc,0.8448741342002125,2.2950581741439753,0.921516178549174,0.7197288630180707,0.0,-0.014528450060683944,c1e84f2,42.0,2026-09-07T16:52:52+00:00
M1_Omission,0,PARSE_0046.nii.gz,GT_star,none,0.8571566693682325,1.84765625,0.9335577884160134,0.7246642567806227,89.0,-0.004040836724494895,c1e84f2,42.0,2026-09-07T16:52:52+00:00
M1_Omission,0,PARSE_0055.nii.gz,GT_minus_drift_neg,lcc,0.7685905581031318,1.4412156886229113,0.9176398495499176,0.6097031850902278,155.0,-0.006332658698336324,c1e84f2,42.0,2026-09-07T16:52:52+00:00
M1_Omission,0,PARSE_0055.nii.gz,GT_minus_drift_neg,none,0.7664299428510338,1.4412156886229113,0.9191052513275828,0.6091497850580203,78.0,-0.0038505110678326397,c1e84f2,42.0,2026-09-07T16:52:52+00:00
M1_Omission,0,PARSE_0055.nii.gz,GT_minus_drift_pos,lcc,0.760305669524954,2.0792701262251856,0.9008203664898123,0.5877976853945466,38.0,-0.12580908866939908,c1e84f2,42.0,2026-09-07T16:52:52+00:00
M1_Omission,0,PARSE_0055.nii.gz,GT_minus_drift_pos,none,0.7586744394152318,2.0381867731554006,0.9032803237755174,0.5873323464194723,39.0,-0.12362538914645345,c1e84f2,42.0,2026-09-07T16:52:52+00:00
M1_Omission,0,PARSE_0055.nii.gz,GT_minus_omission,lcc,0.7271157955821425,2.0,0.8990291772803438,0.6443873372256411,20.0,0.03987957865851425,c1e84f2,42.0,2026-09-07T16:52:52+00:00
M1_Omission,0,PARSE_0055.nii.gz,GT_minus_omission,none,0.7238895796197594,2.0,0.8994178597918681,0.6432686760618253,57.0,0.042477162905164866,c1e84f2,42.0,2026-09-07T16:52:52+00:00
M1_Omission,0,PARSE_0055.nii.gz,GT_star,lcc,0.7666359674353944,1.4412156886229113,0.9173490600608931,0.6704408072962152,0.0,-0.046823344821165284,c1e84f2,42.0,2026-09-07T16:52:52+00:00
M1_Omission,0,PARSE_0055.nii.gz,GT_star,none,0.7656474802485043,1.4412156886229113,0.9189526141949058,0.6698432541919,77.0,-0.044442341564074936,c1e84f2,42.0,2026-09-07T16:52:52+00:00
M1_Omission,0,PARSE_0058.nii.gz,GT_minus_drift_neg,lcc,0.72698534367325,1.229228045121841,0.910086683254419,0.6190591174895802,234.0,-0.0687845104177672,c1e84f2,42.0,2026-09-07T16:52:52+00:00
M1_Omission,0,PARSE_0058.nii.gz,GT_minus_drift_neg,none,0.7394216968099574,1.0109417262276421,0.9196792189679219,0.6222942817294281,139.0,-0.06587076074445192,c1e84f2,42.0,2026-09-07T16:52:52+00:00
M1_Omission,0,PARSE_0058.nii.gz,GT_minus_drift_pos,lcc,0.7260204365898687,1.7447080981230785,0.8886270449499938,0.5994327655695688,45.0,-0.16120129626197716,c1e84f2,42.0,2026-09-07T16:52:52+00:00
M1_Omission,0,PARSE_0058.nii.gz,GT_minus_drift_pos,none,0.7386113331535814,1.4296875,0.9002019575319397,0.6028970459754106,50.0,-0.15857671637006576,c1e84f2,42.0,2026-09-07T16:52:52+00:00
M1_Omission,0,PARSE_0058.nii.gz,GT_minus_omission,lcc,0.7096020580202604,1.229228045121841,0.8993600993407193,0.6536963863377799,8.0,-0.06259988077279381,c1e84f2,42.0,2026-09-07T16:52:52+00:00
M1_Omission,0,PARSE_0058.nii.gz,GT_minus_omission,none,0.7147552564813182,1.229228045121841,0.9046209293345346,0.6540095250353971,87.0,-0.05966677955001525,c1e84f2,42.0,2026-09-07T16:52:52+00:00
M1_Omission,0,PARSE_0058.nii.gz,GT_star,lcc,0.7337972728942126,1.229228045121841,0.9060531167068452,0.6647624063907515,0.0,-0.10992824873770927,c1e84f2,42.0,2026-09-07T16:52:52+00:00
M1_Omission,0,PARSE_0058.nii.gz,GT_star,none,0.748191857116344,1.0109417262276421,0.9164471360080747,0.6684094541172513,95.0,-0.10714323677916555,c1e84f2,42.0,2026-09-07T16:52:52+00:00
M1_Omission,0,PARSE_0059.nii.gz,GT_minus_drift_neg,lcc,0.6375703971485707,2.1272965531396886,0.8960553143909498,0.5995708366219415,418.0,-0.054885128970722404,c1e84f2,42.0,2026-09-07T16:52:52+00:00
M1_Omission,0,PARSE_0059.nii.gz,GT_minus_drift_neg,none,0.6495876987942066,1.78125,0.9065512847303316,0.6026985278149956,255.0,-0.051588288960769675,c1e84f2,42.0,2026-09-07T16:52:52+00:00
M1_Omission,0,PARSE_0059.nii.gz,GT_minus_drift_pos,lcc,0.6304358392920881,3.771423181307025,0.8637527163892698,0.5815847602954286,109.0,-0.20679862036801788,c1e84f2,42.0,2026-09-07T16:52:52+00:00
M1_Omission,0,PARSE_0059.nii.gz,GT_minus_drift_pos,none,0.6447696494268134,3.115297437645401,0.8768875973696799,0.5849677635853462,54.0,-0.20403169951587585,c1e84f2,42.0,2026-09-07T16:52:52+00:00
M1_Omission,0,PARSE_0059.nii.gz,GT_minus_omission,lcc,0.5869190509386529,3.998290650390489,0.858556891352371,0.617239695121678,13.0,0.014710531119629921,c1e84f2,42.0,2026-09-07T16:52:52+00:00
M1_Omission,0,PARSE_0059.nii.gz,GT_minus_omission,none,0.6001542683774227,3.32427153674305,0.868189814525419,0.6200584017216899,150.0,0.01825014136179269,c1e84f2,42.0,2026-09-07T16:52:52+00:00
M1_Omission,0,PARSE_0059.nii.gz,GT_star,lcc,0.6286138046585781,2.375,0.8918731774099734,0.6643902014394751,0.0,-0.10756031373716093,c1e84f2,42.0,2026-09-07T16:52:52+00:00
M1_Omission,0,PARSE_0059.nii.gz,GT_star,none,0.6451969639796457,1.9545619713889861,0.9041242318342103,0.6681602675859675,163.0,-0.1044472203404432,c1e84f2,42.0,2026-09-07T16:52:52+00:00
M1_Omission,0,PARSE_0061.nii.gz,GT_minus_drift_neg,lcc,0.8038746650145434,1.1792476415070754,0.9454948301329394,0.5201490533100578,123.0,-0.2086298661379383,c1e84f2,42.0,2026-09-07T16:52:52+00:00
M1_Omission,0,PARSE_0061.nii.gz,GT_minus_drift_neg,none,0.8001361372974589,1.1792476415070754,0.9434952128119657,0.5181673619566591,31.0,-0.20095647406111022,c1e84f2,42.0,2026-09-07T16:52:52+00:00
M1_Omission,0,PARSE_0061.nii.gz,GT_minus_drift_pos,lcc,0.8049485566569045,1.334634781503914,0.9362867687133092,0.45205313069340847,33.0,-0.28673011214024896,c1e84f2,42.0,2026-09-07T16:52:52+00:00
M1_Omission,0,PARSE_0061.nii.gz,GT_minus_drift_pos,none,0.8023642583341957,1.334634781503914,0.9360054847147546,0.45108690616999525,59.0,-0.2798140064244158,c1e84f2,42.0,2026-09-07T16:52:52+00:00
M1_Omission,0,PARSE_0061.nii.gz,GT_minus_omission,lcc,0.771000504027243,1.1792476415070754,0.9266027717065635,0.5031953252997025,20.0,-0.20083111014166904,c1e84f2,42.0,2026-09-07T16:52:52+00:00
M1_Omission,0,PARSE_0061.nii.gz,GT_minus_omission,none,0.7643976749313824,1.25,0.9229042917880563,0.5004169283192127,72.0,-0.19308209869293108,c1e84f2,42.0,2026-09-07T16:52:52+00:00
M1_Omission,0,PARSE_0061.nii.gz,GT_star,lcc,0.8114265314233893,1.1792476415070754,0.9448315548905806,0.5166044622745434,0.0,-0.23742508418856104,c1e84f2,42.0,2026-09-07T16:52:52+00:00
M1_Omission,0,PARSE_0061.nii.gz,GT_star,none,0.8103603129545719,1.1792476415070754,0.9432890401181152,0.5151180337593174,92.0,-0.2300309002705775,c1e84f2,42.0,2026-09-07T16:52:52+00:00
M1_Omission,0,PARSE_0067.nii.gz,GT_minus_drift_neg,lcc,0.8778706288231222,1.0,0.9609309136087323,0.7028797089231043,67.0,0.036327973444842,c1e84f2,42.0,2026-09-07T16:52:52+00:00
M1_Omission,0,PARSE_0067.nii.gz,GT_minus_drift_neg,none,0.8801523699628959,0.73046875,0.9661374403409592,0.7062221517761222,16.0,0.044238479113678494,c1e84f2,42.0,2026-09-07T16:52:52+00:00
M1_Omission,0,PARSE_0067.nii.gz,GT_minus_drift_pos,lcc,0.9030940616624428,1.0,0.9612321518807606,0.7116696109016041,13.0,-0.056015424366415094,c1e84f2,42.0,2026-09-07T16:52:52+00:00
M1_Omission,0,PARSE_0067.nii.gz,GT_minus_drift_pos,none,0.906830527345134,0.73046875,0.9674965278497544,0.7162455172985634,70.0,-0.0488097949438864,c1e84f2,42.0,2026-09-07T16:52:52+00:00
M1_Omission,0,PARSE_0067.nii.gz,GT_minus_omission,lcc,0.7716873818193113,1.7704062750979646,0.9004516567031889,0.6870179342599053,11.0,0.08244029393753827,c1e84f2,42.0,2026-09-07T16:52:52+00:00
M1_Omission,0,PARSE_0067.nii.gz,GT_minus_omission,none,0.7688524959410524,1.7704062750979646,0.9031057410853728,0.688462653486828,72.0,0.09070278448182702,c1e84f2,42.0,2026-09-07T16:52:52+00:00
M1_Omission,0,PARSE_0067.nii.gz,GT_star,lcc,0.9047945923767479,0.73046875,0.9621128161098286,0.7689841118261106,0.0,0.003669870322898488,c1e84f2,42.0,2026-09-07T16:52:52+00:00
M1_Omission,0,PARSE_0067.nii.gz,GT_star,none,0.9091586804335394,0.73046875,0.9686050504918774,0.7741885001108517,83.0,0.011331089938960747,c1e84f2,42.0,2026-09-07T16:52:52+00:00
M1_Omission,0,PARSE_0069.nii.gz,GT_minus_drift_neg,lcc,0.8692563969046108,1.0,0.9588404115958841,0.6611633883661163,78.0,-0.09646494907130018,c1e84f2,42.0,2026-09-07T16:52:52+00:00
M1_Omission,0,PARSE_0069.nii.gz,GT_minus_drift_neg,none,0.8770832668473876,1.0,0.9673279923662604,0.6656760034192791,24.0,-0.0906506890353505,c1e84f2,42.0,2026-09-07T16:52:52+00:00
M1_Omission,0,PARSE_0069.nii.gz,GT_minus_drift_pos,lcc,0.8843955436045005,1.0330388131397217,0.9555814796568104,0.6124801308805622,19.0,-0.1871075691713241,c1e84f2,42.0,2026-09-07T16:52:52+00:00
M1_Omission,0,PARSE_0069.nii.gz,GT_minus_drift_pos,none,0.8961463877745796,1.0330388131397217,0.9661964800709901,0.6184278636397249,83.0,-0.18187659559787483,c1e84f2,42.0,2026-09-07T16:52:52+00:00
M1_Omission,0,PARSE_0069.nii.gz,GT_minus_omission,lcc,0.771780344368009,1.7704062750979646,0.9136750860956808,0.6507873889818853,15.0,-0.048138441572869166,c1e84f2,42.0,2026-09-07T16:52:52+00:00
M1_Omission,0,PARSE_0069.nii.gz,GT_minus_omission,none,0.7839169332081177,1.4377653457546975,0.922697995677783,0.6568816475274376,87.0,-0.04201319982023198,c1e84f2,42.0,2026-09-07T16:52:52+00:00
M1_Omission,0,PARSE_0069.nii.gz,GT_star,lcc,0.8933005125754149,0.73046875,0.9594178944640316,0.697000963329894,0.0,-0.12854534106932342,c1e84f2,42.0,2026-09-07T16:52:52+00:00
M1_Omission,0,PARSE_0069.nii.gz,GT_star,none,0.9050366632306878,0.73046875,0.9691214288144904,0.7029250057119523,102.0,-0.12293751878135041,c1e84f2,42.0,2026-09-07T16:52:52+00:00
M1_Omission,0,PARSE_0079.nii.gz,GT_minus_drift_neg,lcc,0.8534571660618558,0.8949320199392242,0.9623769118424471,0.6828006606515123,113.0,-0.10948971126677104,c1e84f2,42.0,2026-09-07T16:52:52+00:00
M1_Omission,0,PARSE_0079.nii.gz,GT_minus_drift_neg,none,0.8610853646999276,0.6328125,0.9715290461845008,0.6867779965367554,42.0,-0.10184567212030864,c1e84f2,42.0,2026-09-07T16:52:52+00:00
M1_Omission,0,PARSE_0079.nii.gz,GT_minus_drift_pos,lcc,0.8572955553428416,1.0,0.9555665376273234,0.6245339483293524,23.0,-0.2194829264025717,c1e84f2,42.0,2026-09-07T16:52:52+00:00
M1_Omission,0,PARSE_0079.nii.gz,GT_minus_drift_pos,none,0.8665721525851187,1.0,0.9680444002018191,0.6291410415501889,132.0,-0.21278305651836382,c1e84f2,42.0,2026-09-07T16:52:52+00:00
M1_Omission,0,PARSE_0079.nii.gz,GT_minus_omission,lcc,0.7744973553939168,1.1834068024801319,0.9294015436723285,0.6887095352614547,33.0,-0.07099887101969371,c1e84f2,42.0,2026-09-07T16:52:52+00:00
M1_Omission,0,PARSE_0079.nii.gz,GT_minus_omission,none,0.7816438513923378,1.0,0.938191734948566,0.6930985039938273,122.0,-0.06302443087354445,c1e84f2,42.0,2026-09-07T16:52:52+00:00
M1_Omission,0,PARSE_0079.nii.gz,GT_star,lcc,0.8650696436914382,0.6328125,0.9620938994054911,0.7161212416057824,0.0,-0.15382244599796704,c1e84f2,42.0,2026-09-07T16:52:52+00:00
M1_Omission,0,PARSE_0079.nii.gz,GT_star,none,0.8758664377787023,0.6328125,0.9727169731022941,0.7210678567526067,155.0,-0.146558954009738,c1e84f2,42.0,2026-09-07T16:52:52+00:00
M1_Omission,1,PARSE_0010.nii.gz,GT_minus_drift_neg,lcc,0.8288052622697208,1.1609976956971373,0.9492910142916299,0.6038073707653911,122.0,0.15328385024408833,c1e84f2,42.0,2026-09-07T16:52:52+00:00
M1_Omission,1,PARSE_0010.nii.gz,GT_minus_drift_neg,none,0.8271524091916528,1.1609976956971373,0.9488858114062697,0.6017507090964297,65.0,0.16081883019073373,c1e84f2,42.0,2026-09-07T16:52:52+00:00
M1_Omission,1,PARSE_0010.nii.gz,GT_minus_drift_pos,lcc,0.8437231025860052,1.0,0.9479861507072345,0.6324647756703099,31.0,0.02167153793966052,c1e84f2,42.0,2026-09-07T16:52:52+00:00
M1_Omission,1,PARSE_0010.nii.gz,GT_minus_drift_pos,none,0.8439606236997889,1.0,0.9492285177237947,0.6307016855599942,26.0,0.028346628854012932,c1e84f2,42.0,2026-09-07T16:52:52+00:00
M1_Omission,1,PARSE_0010.nii.gz,GT_minus_omission,lcc,0.7822716543846324,1.1796875,0.9155968188185175,0.6383663452299643,18.0,0.16146212190441378,c1e84f2,42.0,2026-09-07T16:52:52+00:00
M1_Omission,1,PARSE_0010.nii.gz,GT_minus_omission,none,0.7806041401934444,1.3022408758859187,0.913958154637912,0.6360127435363313,39.0,0.1690505345883213,c1e84f2,42.0,2026-09-07T16:52:52+00:00
M1_Omission,1,PARSE_0010.nii.gz,GT_star,lcc,0.8529569330673846,0.8341650309310052,0.9550763701707098,0.6939106744341071,0.0,0.09014588022177088,c1e84f2,42.0,2026-09-07T16:52:52+00:00
M1_Omission,1,PARSE_0010.nii.gz,GT_star,none,0.8533295513369534,0.8341650309310052,0.9547382088789937,0.691760152790916,57.0,0.09726834824614371,c1e84f2,42.0,2026-09-07T16:52:52+00:00
M1_Omission,1,PARSE_0019.nii.gz,GT_minus_drift_neg,lcc,0.8455288013085112,1.0,0.9623366436671585,0.5990933141892341,216.0,0.13708280975986964,c1e84f2,42.0,2026-09-07T16:52:52+00:00
M1_Omission,1,PARSE_0019.nii.gz,GT_minus_drift_neg,none,0.8559300271372812,1.0,0.9706340983814528,0.6056548720279942,147.0,0.14359767464339468,c1e84f2,42.0,2026-09-07T16:52:52+00:00
M1_Omission,1,PARSE_0019.nii.gz,GT_minus_drift_pos,lcc,0.857789220779839,1.0,0.9558334506512357,0.6306088070953867,44.0,-0.005024032710585267,c1e84f2,42.0,2026-09-07T16:52:52+00:00
M1_Omission,1,PARSE_0019.nii.gz,GT_minus_drift_pos,none,0.8688083688998304,0.7595873626027366,0.9662574984007435,0.6366320261674573,25.0,0.0006766374020990258,c1e84f2,42.0,2026-09-07T16:52:52+00:00
M1_Omission,1,PARSE_0019.nii.gz,GT_minus_omission,lcc,0.8014995561351379,1.07421875,0.9302062574457456,0.6225878529352021,18.0,0.1566252875888049,c1e84f2,42.0,2026-09-07T16:52:52+00:00
M1_Omission,1,PARSE_0019.nii.gz,GT_minus_omission,none,0.813277028851575,1.07421875,0.9387131005998838,0.6298861612075151,51.0,0.16325212022125024,c1e84f2,42.0,2026-09-07T16:52:52+00:00
M1_Omission,1,PARSE_0019.nii.gz,GT_star,lcc,0.8687658546005498,0.537109375,0.9634709326943931,0.6818759230379956,0.0,0.0809763474398053,c1e84f2,42.0,2026-09-07T16:52:52+00:00
M1_Omission,1,PARSE_0019.nii.gz,GT_star,none,0.8802913854466957,0.537109375,0.9718232852555464,0.6886032799677599,69.0,0.08716975286763336,c1e84f2,42.0,2026-09-07T16:52:52+00:00
M1_Omission,1,PARSE_0022.nii.gz,GT_minus_drift_neg,lcc,0.8576998565716867,1.0,0.9393613237170052,0.5681606319301344,45.0,-0.16918629448841288,c1e84f2,42.0,2026-09-07T16:52:52+00:00
M1_Omission,1,PARSE_0022.nii.gz,GT_minus_drift_neg,none,0.8848468485642611,0.792732992970856,0.9628741899603444,0.5811067317922429,15.0,-0.15754703568551254,c1e84f2,42.0,2026-09-07T16:52:52+00:00
M1_Omission,1,PARSE_0022.nii.gz,GT_minus_drift_pos,lcc,0.8520992547567742,1.1463912068191493,0.9282703677350959,0.505793635145291,12.0,-0.24798225802646282,c1e84f2,42.0,2026-09-07T16:52:52+00:00
M1_Omission,1,PARSE_0022.nii.gz,GT_minus_drift_pos,none,0.8816980448694538,1.12109375,0.9544107654875116,0.5177606297347818,48.0,-0.23744688882740397,c1e84f2,42.0,2026-09-07T16:52:52+00:00
M1_Omission,1,PARSE_0022.nii.gz,GT_minus_omission,lcc,0.8247021394496366,1.0,0.930173848184061,0.5814957191398754,23.0,-0.16046107357159617,c1e84f2,42.0,2026-09-07T16:52:52+00:00
M1_Omission,1,PARSE_0022.nii.gz,GT_minus_omission,none,0.8444636420603763,0.792732992970856,0.949377939948125,0.5917577828159444,37.0,-0.14869957905726067,c1e84f2,42.0,2026-09-07T16:52:52+00:00
M1_Omission,1,PARSE_0022.nii.gz,GT_star,lcc,0.8618003675754278,1.0,0.9362039313145502,0.5823075837933074,0.0,-0.2024112829845314,c1e84f2,42.0,2026-09-07T16:52:52+00:00
M1_Omission,1,PARSE_0022.nii.gz,GT_star,none,0.8926430493685118,0.792732992970856,0.9611253984084378,0.5955662356802316,60.0,-0.19123748862602366,c1e84f2,42.0,2026-09-07T16:52:52+00:00
M1_Omission,1,PARSE_0023.nii.gz,GT_minus_drift_neg,lcc,0.894617461924302,1.0,0.968058371008895,0.5186182287903107,50.0,-0.19363331991269522,c1e84f2,42.0,2026-09-07T16:52:52+00:00
M1_Omission,1,PARSE_0023.nii.gz,GT_minus_drift_neg,none,0.8913848390987682,1.0,0.9700242556198553,0.5188665431603608,19.0,-0.18990644402534382,c1e84f2,42.0,2026-09-07T16:52:52+00:00
M1_Omission,1,PARSE_0023.nii.gz,GT_minus_drift_pos,lcc,0.8915361586616521,1.1730788087769561,0.9628789305497015,0.4496318682796904,14.0,-0.27314098523484803,c1e84f2,42.0,2026-09-07T16:52:52+00:00
M1_Omission,1,PARSE_0023.nii.gz,GT_minus_drift_pos,none,0.889590579863055,1.1730788087769561,0.96646255243017,0.4499304900230112,55.0,-0.26978157889710236,c1e84f2,42.0,2026-09-07T16:52:52+00:00
M1_Omission,1,PARSE_0023.nii.gz,GT_minus_omission,lcc,0.8629627054632419,0.8673106612991247,0.9603837201285633,0.510320193567238,25.0,-0.19196171436003473,c1e84f2,42.0,2026-09-07T16:52:52+00:00
M1_Omission,1,PARSE_0023.nii.gz,GT_minus_omission,none,0.8576571256467284,0.8673106612991247,0.9614402943858192,0.5100966361975601,44.0,-0.1882271126246526,c1e84f2,42.0,2026-09-07T16:52:52+00:00
M1_Omission,1,PARSE_0023.nii.gz,GT_star,lcc,0.9003897480625944,0.8673106612991247,0.9665563038253555,0.506365161225716,0.0,-0.22830685617669352,c1e84f2,42.0,2026-09-07T16:52:52+00:00
M1_Omission,1,PARSE_0023.nii.gz,GT_star,none,0.8990491593253874,0.8673106612991247,0.968932661988858,0.5069170083627255,69.0,-0.224740234884953,c1e84f2,42.0,2026-09-07T16:52:52+00:00
M1_Omission,1,PARSE_0026.nii.gz,GT_minus_drift_neg,lcc,0.8051052142207693,1.0330388131397217,0.9420278906062518,0.658202309107554,185.0,0.019417767235573934,c1e84f2,42.0,2026-09-07T16:52:52+00:00
M1_Omission,1,PARSE_0026.nii.gz,GT_minus_drift_neg,none,0.8068019364974295,1.0330388131397217,0.9430157052578472,0.6590293272095441,121.0,0.0407914659620738,c1e84f2,42.0,2026-09-07T16:52:52+00:00
M1_Omission,1,PARSE_0026.nii.gz,GT_minus_drift_pos,lcc,0.8145852428185931,1.2383798265179236,0.9332078445463416,0.6696609761176601,37.0,-0.08700328836165831,c1e84f2,42.0,2026-09-07T16:52:52+00:00
M1_Omission,1,PARSE_0026.nii.gz,GT_minus_drift_pos,none,0.8195034557379997,1.2383798265179236,0.9377847163844522,0.6716224330491173,27.0,-0.06786087464273641,c1e84f2,42.0,2026-09-07T16:52:52+00:00
M1_Omission,1,PARSE_0026.nii.gz,GT_minus_omission,lcc,0.7512754669664626,2.19140625,0.8985242716619702,0.6595381351347537,8.0,0.06426882567887082,c1e84f2,42.0,2026-09-07T16:52:52+00:00
M1_Omission,1,PARSE_0026.nii.gz,GT_minus_omission,none,0.7502465751067237,2.4087883577722353,0.8954633657356742,0.6575314750268998,56.0,0.08658289747080318,c1e84f2,42.0,2026-09-07T16:52:52+00:00
M1_Omission,1,PARSE_0026.nii.gz,GT_star,lcc,0.8224673750714878,1.0,0.941926272066459,0.718951194184839,0.0,-0.021834061135371178,c1e84f2,42.0,2026-09-07T16:52:52+00:00
M1_Omission,1,PARSE_0026.nii.gz,GT_star,none,0.8286920099852391,1.0,0.9440092195186022,0.7203003122603497,64.0,-0.0013252719482732365,c1e84f2,42.0,2026-09-07T16:52:52+00:00
M1_Omission,1,PARSE_0029.nii.gz,GT_minus_drift_neg,lcc,0.896147348722942,0.68359375,0.9779115515549625,0.6791480124813458,98.0,-0.092090074868931,c1e84f2,42.0,2026-09-07T16:52:52+00:00
M1_Omission,1,PARSE_0029.nii.gz,GT_minus_drift_neg,none,0.8970951920380092,0.68359375,0.9807877282871782,0.679986169176123,42.0,-0.08826279575162345,c1e84f2,42.0,2026-09-07T16:52:52+00:00
M1_Omission,1,PARSE_0029.nii.gz,GT_minus_drift_pos,lcc,0.9040070395515521,0.966747552403483,0.9744951962811416,0.6335515040439396,14.0,-0.2050674721924228,c1e84f2,42.0,2026-09-07T16:52:52+00:00
M1_Omission,1,PARSE_0029.nii.gz,GT_minus_drift_pos,none,0.905944996428528,0.966747552403483,0.9781280526221482,0.6347777835578907,42.0,-0.20171644740556716,c1e84f2,42.0,2026-09-07T16:52:52+00:00
M1_Omission,1,PARSE_0029.nii.gz,GT_minus_omission,lcc,0.8085302102105076,0.68359375,0.9420916653576072,0.6984762547752819,32.0,-0.05523681067224973,c1e84f2,42.0,2026-09-07T16:52:52+00:00
M1_Omission,1,PARSE_0029.nii.gz,GT_minus_omission,none,0.8105988102933422,0.68359375,0.9451616984159747,0.6995212634915139,24.0,-0.05125417723557595,c1e84f2,42.0,2026-09-07T16:52:52+00:00
M1_Omission,1,PARSE_0029.nii.gz,GT_star,lcc,0.9150157529379551,0.68359375,0.9785531478743011,0.7326691714235437,0.0,-0.1326762255317183,c1e84f2,42.0,2026-09-07T16:52:52+00:00
M1_Omission,1,PARSE_0029.nii.gz,GT_star,none,0.9171096557259809,0.68359375,0.9817898823109623,0.7336585725974641,56.0,-0.12902003665429457,c1e84f2,42.0,2026-09-07T16:52:52+00:00
M1_Omission,1,PARSE_0031.nii.gz,GT_minus_drift_neg,lcc,0.8804174799594169,1.0,0.9549373079714828,0.6258066440624037,40.0,-0.15510957056201255,c1e84f2,42.0,2026-09-07T16:52:52+00:00
M1_Omission,1,PARSE_0031.nii.gz,GT_minus_drift_neg,none,0.897947881319104,0.734375,0.9713992062984691,0.6360529331058121,24.0,-0.14513074318589922,c1e84f2,42.0,2026-09-07T16:52:52+00:00
M1_Omission,1,PARSE_0031.nii.gz,GT_minus_drift_pos,lcc,0.8960952498458679,1.0385630848677416,0.9508338446092922,0.5838678491085206,7.0,-0.23459882488143605,c1e84f2,42.0,2026-09-07T16:52:52+00:00
M1_Omission,1,PARSE_0031.nii.gz,GT_minus_drift_pos,none,0.9142078362525239,1.0385630848677416,0.9693683663282066,0.5932912213547298,57.0,-0.2255588287661255,c1e84f2,42.0,2026-09-07T16:52:52+00:00
M1_Omission,1,PARSE_0031.nii.gz,GT_minus_omission,lcc,0.7793931738169835,1.4417396718027842,0.9111779866026489,0.6120934546930257,9.0,-0.1272516702964084,c1e84f2,42.0,2026-09-07T16:52:52+00:00
M1_Omission,1,PARSE_0031.nii.gz,GT_minus_omission,none,0.8025368909132041,1.0385630848677416,0.9293089795152853,0.6232208723195866,55.0,-0.11694381898047322,c1e84f2,42.0,2026-09-07T16:52:52+00:00
M1_Omission,1,PARSE_0031.nii.gz,GT_star,lcc,0.9022107563467033,1.0,0.9548121866339204,0.6456372646569172,0.0,-0.1928816177443237,c1e84f2,42.0,2026-09-07T16:52:52+00:00
M1_Omission,1,PARSE_0031.nii.gz,GT_star,none,0.9204665285689488,0.734375,0.9717534743898808,0.6557880886293568,64.0,-0.18334890826153932,c1e84f2,42.0,2026-09-07T16:52:52+00:00
M1_Omission,1,PARSE_0038.nii.gz,GT_minus_drift_neg,lcc,0.8570539032349084,0.65625,0.9573967256679998,0.6778685603410726,80.0,0.06855826011810456,c1e84f2,42.0,2026-09-07T16:52:52+00:00
M1_Omission,1,PARSE_0038.nii.gz,GT_minus_drift_neg,none,0.8867115902491025,0.65625,0.9809887076105372,0.6959397280538044,12.0,0.08749644316261684,c1e84f2,42.0,2026-09-07T16:52:52+00:00
M1_Omission,1,PARSE_0038.nii.gz,GT_minus_drift_pos,lcc,0.8757640230158276,0.65625,0.952703395495913,0.6951518109448247,24.0,-0.025966415616354134,c1e84f2,42.0,2026-09-07T16:52:52+00:00
M1_Omission,1,PARSE_0038.nii.gz,GT_minus_drift_pos,none,0.9092752910776779,0.65625,0.9823073155456349,0.7152469428229608,44.0,-0.008703504457423917,c1e84f2,42.0,2026-09-07T16:52:52+00:00
M1_Omission,1,PARSE_0038.nii.gz,GT_minus_omission,lcc,0.7671642858261459,0.65625,0.9146338652196163,0.6922513035901171,13.0,0.0933588779537465,c1e84f2,42.0,2026-09-07T16:52:52+00:00
M1_Omission,1,PARSE_0038.nii.gz,GT_minus_omission,none,0.7994526786966559,0.65625,0.9342107632199637,0.7083955996471075,55.0,0.1127366052493476,c1e84f2,42.0,2026-09-07T16:52:52+00:00
M1_Omission,1,PARSE_0038.nii.gz,GT_star,lcc,0.8859693324082007,0.65625,0.959539522050874,0.756078153244709,0.0,0.03547830349574648,c1e84f2,42.0,2026-09-07T16:52:52+00:00
M1_Omission,1,PARSE_0038.nii.gz,GT_star,none,0.9197416749098731,0.65625,0.9841903416898872,0.7760474585731139,68.0,0.0538302065993321,c1e84f2,42.0,2026-09-07T16:52:52+00:00
M1_Omission,1,PARSE_0041.nii.gz,GT_minus_drift_neg,lcc,0.8612609889058046,1.0,0.9569689269171384,0.6845647838394235,93.0,-0.060216025298780236,c1e84f2,42.0,2026-09-07T16:52:52+00:00
M1_Omission,1,PARSE_0041.nii.gz,GT_minus_drift_neg,none,0.8722305221661243,1.0,0.9651183733915027,0.6890512117512858,46.0,-0.05553000123208345,c1e84f2,42.0,2026-09-07T16:52:52+00:00
M1_Omission,1,PARSE_0041.nii.gz,GT_minus_drift_pos,lcc,0.8666257414105033,1.027514541411702,0.9494041870347533,0.6601191625930494,17.0,-0.16241887840820496,c1e84f2,42.0,2026-09-07T16:52:52+00:00
M1_Omission,1,PARSE_0041.nii.gz,GT_minus_drift_pos,none,0.8782634895037128,1.027514541411702,0.9598487902852937,0.6644054254992546,30.0,-0.15824246616959675,c1e84f2,42.0,2026-09-07T16:52:52+00:00
M1_Omission,1,PARSE_0041.nii.gz,GT_minus_omission,lcc,0.8093566906781147,1.2360797168493018,0.931256034107123,0.7066035559580667,17.0,-0.009968329785577074,c1e84f2,42.0,2026-09-07T16:52:52+00:00
M1_Omission,1,PARSE_0041.nii.gz,GT_minus_omission,none,0.815113247132301,1.027514541411702,0.9368482359593074,0.7092978272052103,30.0,-0.005031756745063427,c1e84f2,42.0,2026-09-07T16:52:52+00:00
M1_Omission,1,PARSE_0041.nii.gz,GT_star,lcc,0.8729523059063525,0.7265625,0.9551301144379997,0.7348095312744944,0.0,-0.09882207458225196,c1e84f2,42.0,2026-09-07T16:52:52+00:00
M1_Omission,1,PARSE_0041.nii.gz,GT_star,none,0.8848294010413177,0.7265625,0.964256869852244,0.7394274700449862,47.0,-0.09432855100602155,c1e84f2,42.0,2026-09-07T16:52:52+00:00
M1_Omission,1,PARSE_0053.nii.gz,GT_minus_drift_neg,lcc,0.8127527641114876,2.984988484064888,0.9236115166734801,0.540136074286048,103.0,-0.2540718504890094,c1e84f2,42.0,2026-09-07T16:52:52+00:00
M1_Omission,1,PARSE_0053.nii.gz,GT_minus_drift_neg,none,0.8198604617464739,2.334408466962241,0.9317111822452963,0.5416487413381167,7.0,-0.2529171104870727,c1e84f2,42.0,2026-09-07T16:52:52+00:00
M1_Omission,1,PARSE_0053.nii.gz,GT_minus_drift_pos,lcc,0.8085517543764136,3.5220080942020844,0.9099210968252135,0.45789609304887907,21.0,-0.34981198803138175,c1e84f2,42.0,2026-09-07T16:52:52+00:00
M1_Omission,1,PARSE_0053.nii.gz,GT_minus_drift_pos,none,0.815747159856764,2.906795983660532,0.9192520120981074,0.459324219070718,75.0,-0.34880545931049617,c1e84f2,42.0,2026-09-07T16:52:52+00:00
M1_Omission,1,PARSE_0053.nii.gz,GT_minus_omission,lcc,0.7884133760085882,3.081295955539649,0.9210574178391896,0.5534089473817162,29.0,-0.23742018512102164,c1e84f2,42.0,2026-09-07T16:52:52+00:00
M1_Omission,1,PARSE_0053.nii.gz,GT_minus_omission,none,0.7943698080783418,2.5351532405606174,0.9280478974232176,0.554731081602737,67.0,-0.23623966737613225,c1e84f2,42.0,2026-09-07T16:52:52+00:00
M1_Omission,1,PARSE_0053.nii.gz,GT_star,lcc,0.8156828347679332,2.9906266327059283,0.9227030938088471,0.5406753256547859,0.0,-0.2911578773016297,c1e84f2,42.0,2026-09-07T16:52:52+00:00
M1_Omission,1,PARSE_0053.nii.gz,GT_star,none,0.8234944031171101,2.334408466962241,0.9312673032374711,0.5422481496129725,96.0,-0.2900605486183321,c1e84f2,42.0,2026-09-07T16:52:52+00:00
M1_Omission,1,PARSE_0064.nii.gz,GT_minus_drift_neg,lcc,0.7452748253429685,4.06328117489425,0.8647592336271581,0.5447293654840825,317.0,-0.04702346004680432,c1e84f2,42.0,2026-09-07T16:52:52+00:00
M1_Omission,1,PARSE_0064.nii.gz,GT_minus_drift_neg,none,0.7473015324958169,3.701377488516944,0.8699463880054521,0.5464425261244888,236.0,-0.04460468539390882,c1e84f2,42.0,2026-09-07T16:52:52+00:00
M1_Omission,1,PARSE_0064.nii.gz,GT_minus_drift_pos,lcc,0.7317731174885277,5.4383305759327465,0.8422932029365461,0.5406753532397907,91.0,-0.18147854837048585,c1e84f2,42.0,2026-09-07T16:52:52+00:00
M1_Omission,1,PARSE_0064.nii.gz,GT_minus_drift_pos,none,0.7346259847558522,4.987508811082442,0.8482918128540348,0.5423665693173132,10.0,-0.17940103768995017,c1e84f2,42.0,2026-09-07T16:52:52+00:00
M1_Omission,1,PARSE_0064.nii.gz,GT_minus_omission,lcc,0.7190326124345334,4.78125,0.8508394893373364,0.5641925871791877,11.0,-0.017452542640219285,c1e84f2,42.0,2026-09-07T16:52:52+00:00
M1_Omission,1,PARSE_0064.nii.gz,GT_minus_omission,none,0.7215886247176362,4.44917588050023,0.8558546706559818,0.5659514967448993,70.0,-0.01495871326930373,c1e84f2,42.0,2026-09-07T16:52:52+00:00
M1_Omission,1,PARSE_0064.nii.gz,GT_star,lcc,0.7437933178174019,4.4062777038136165,0.8625006582527339,0.5879829380891362,0.0,-0.09733373019292076,c1e84f2,42.0,2026-09-07T16:52:52+00:00
M1_Omission,1,PARSE_0064.nii.gz,GT_star,none,0.746491051883647,4.0,0.8679606208177136,0.5897628139999299,81.0,-0.09504264935105625,c1e84f2,42.0,2026-09-07T16:52:52+00:00
M1_Omission,1,PARSE_0065.nii.gz,GT_minus_drift_neg,lcc,0.7750710927040237,9.4698532015773,0.9007657737695398,0.529671024975406,105.0,0.42066971767745404,c1e84f2,42.0,2026-09-07T16:52:52+00:00
M1_Omission,1,PARSE_0065.nii.gz,GT_minus_drift_neg,none,0.7858694846559237,8.198301455730522,0.9123484929172436,0.5391159867930557,39.0,0.44023876640558596,c1e84f2,42.0,2026-09-07T16:52:52+00:00
M1_Omission,1,PARSE_0065.nii.gz,GT_minus_drift_pos,lcc,0.7989118749307116,8.940229945969868,0.9041055517201007,0.5734772234536051,29.0,0.2637379536600369,c1e84f2,42.0,2026-09-07T16:52:52+00:00
M1_Omission,1,PARSE_0065.nii.gz,GT_minus_drift_pos,none,0.8108497594766625,7.4903280836706605,0.9174862020050305,0.5835965780177774,37.0,0.2811453420818809,c1e84f2,42.0,2026-09-07T16:52:52+00:00
M1_Omission,1,PARSE_0065.nii.gz,GT_minus_omission,lcc,0.7394157794324688,11.258254350281176,0.8632906821925845,0.5412948796064361,14.0,0.45860635732986227,c1e84f2,42.0,2026-09-07T16:52:52+00:00
M1_Omission,1,PARSE_0065.nii.gz,GT_minus_omission,none,0.7385298356414854,11.193831202703965,0.8667039101191347,0.5451466017566495,52.0,0.4786979652008421,c1e84f2,42.0,2026-09-07T16:52:52+00:00
M1_Omission,1,PARSE_0065.nii.gz,GT_star,lcc,0.8043961973106947,9.183873713033794,0.9063928102081479,0.5983382084870067,0.0,0.35499473274401133,c1e84f2,42.0,2026-09-07T16:52:52+00:00
M1_Omission,1,PARSE_0065.nii.gz,GT_star,none,0.8176914891944166,7.886497460444878,0.918417629696333,0.6082678806677005,66.0,0.37365913983419596,c1e84f2,42.0,2026-09-07T16:52:52+00:00
M1_Omission,1,PARSE_0066.nii.gz,GT_minus_drift_neg,lcc,0.8709607632374232,0.75,0.9668009561197999,0.6270420439435193,64.0,0.13016676295261118,c1e84f2,42.0,2026-09-07T16:52:52+00:00
M1_Omission,1,PARSE_0066.nii.gz,GT_minus_drift_neg,none,0.8688085507455194,0.75,0.968898784849705,0.628309290885978,16.0,0.13214842451450906,c1e84f2,42.0,2026-09-07T16:52:52+00:00
M1_Omission,1,PARSE_0066.nii.gz,GT_minus_drift_pos,lcc,0.8901169335110775,0.75,0.9706216335342941,0.650290982167537,15.0,0.04755038486046004,c1e84f2,42.0,2026-09-07T16:52:52+00:00
M1_Omission,1,PARSE_0066.nii.gz,GT_minus_drift_pos,none,0.889009182072955,0.75,0.9732342506186459,0.6516651262633791,65.0,0.04938718487960583,c1e84f2,42.0,2026-09-07T16:52:52+00:00
M1_Omission,1,PARSE_0066.nii.gz,GT_minus_omission,lcc,0.7950840244855822,1.0,0.9270617879772809,0.6285006073738468,17.0,0.1444427013883442,c1e84f2,42.0,2026-09-07T16:52:52+00:00
M1_Omission,1,PARSE_0066.nii.gz,GT_minus_omission,none,0.7929825964366768,1.0,0.9288129487567851,0.6298109592854277,63.0,0.1464493947237692,c1e84f2,42.0,2026-09-07T16:52:52+00:00
M1_Omission,1,PARSE_0066.nii.gz,GT_star,lcc,0.8947138997200084,0.75,0.9711665295861202,0.6876037803193719,0.0,0.09031127108326821,c1e84f2,42.0,2026-09-07T16:52:52+00:00
M1_Omission,1,PARSE_0066.nii.gz,GT_star,none,0.8938354064782275,0.75,0.9732747610016643,0.6889654371637574,80.0,0.09222304906793038,c1e84f2,42.0,2026-09-07T16:52:52+00:00
M1_Omission,1,PARSE_0072.nii.gz,GT_minus_drift_neg,lcc,0.858815636917866,1.1751256997258845,0.9415319971225014,0.6246579960449443,155.0,-0.12589823851677523,c1e84f2,42.0,2026-09-07T16:52:52+00:00
M1_Omission,1,PARSE_0072.nii.gz,GT_minus_drift_neg,none,0.860409735712025,1.1751256997258845,0.9466964695025304,0.6275374607863994,56.0,-0.12200149204371534,c1e84f2,42.0,2026-09-07T16:52:52+00:00
M1_Omission,1,PARSE_0072.nii.gz,GT_minus_drift_pos,lcc,0.8781876107954709,1.234375,0.9325025557768869,0.5930067295198465,28.0,-0.21863935632162834,c1e84f2,42.0,2026-09-07T16:52:52+00:00
M1_Omission,1,PARSE_0072.nii.gz,GT_minus_drift_pos,none,0.8818288296836929,1.234375,0.9392820784466277,0.5961822310139242,71.0,-0.2151560498387825,c1e84f2,42.0,2026-09-07T16:52:52+00:00
M1_Omission,1,PARSE_0072.nii.gz,GT_minus_omission,lcc,0.7800101483535253,1.588609971209107,0.8982321375946838,0.6122328694812996,23.0,-0.08494872696336414,c1e84f2,42.0,2026-09-07T16:52:52+00:00
M1_Omission,1,PARSE_0072.nii.gz,GT_minus_omission,none,0.7822810813900466,1.588609971209107,0.90277692736548,0.6153325577573178,76.0,-0.08086942752936693,c1e84f2,42.0,2026-09-07T16:52:52+00:00
M1_Omission,1,PARSE_0072.nii.gz,GT_star,lcc,0.8894723419194863,1.0,0.9414770266168883,0.6737994701963338,0.0,-0.15927556065145296,c1e84f2,42.0,2026-09-07T16:52:52+00:00
M1_Omission,1,PARSE_0072.nii.gz,GT_star,none,0.8944733292157292,1.0,0.9476424738989753,0.6774737669667661,99.0,-0.15552761031179496,c1e84f2,42.0,2026-09-07T16:52:52+00:00
M1_Omission,1,PARSE_0073.nii.gz,GT_minus_drift_neg,lcc,0.8734418962165222,0.65234375,0.9717162392392618,0.6142720975089876,73.0,-0.022772088470545387,c1e84f2,42.0,2026-09-07T16:52:52+00:00
M1_Omission,1,PARSE_0073.nii.gz,GT_minus_drift_neg,none,0.8751326007242433,0.65234375,0.9745707057515355,0.6163628086776767,30.0,-0.018355959355677656,c1e84f2,42.0,2026-09-07T16:52:52+00:00
M1_Omission,1,PARSE_0073.nii.gz,GT_minus_drift_pos,lcc,0.8835443287595329,0.9225533785793237,0.9690203335019831,0.5932556600869667,16.0,-0.1001189584064814,c1e84f2,42.0,2026-09-07T16:52:52+00:00
M1_Omission,1,PARSE_0073.nii.gz,GT_minus_drift_pos,none,0.8861991068169146,0.9225533785793237,0.9730465904411998,0.595734048430973,27.0,-0.09605236266068555,c1e84f2,42.0,2026-09-07T16:52:52+00:00
M1_Omission,1,PARSE_0073.nii.gz,GT_minus_omission,lcc,0.7897238533210471,0.9225533785793237,0.9380648195320767,0.6139044558529607,18.0,-0.00934018703450504,c1e84f2,42.0,2026-09-07T16:52:52+00:00
M1_Omission,1,PARSE_0073.nii.gz,GT_minus_omission,none,0.7940855179240116,0.65234375,0.9413494877089096,0.6166270598776734,25.0,-0.00486335865972066,c1e84f2,42.0,2026-09-07T16:52:52+00:00
M1_Omission,1,PARSE_0073.nii.gz,GT_star,lcc,0.8891085285269925,0.65234375,0.9735072510734829,0.6491202227246949,0.0,-0.05940157480314961,c1e84f2,42.0,2026-09-07T16:52:52+00:00
M1_Omission,1,PARSE_0073.nii.gz,GT_star,none,0.8931360536476541,0.65234375,0.9769066819010789,0.6517032512286407,43.0,-0.055150975693255735,c1e84f2,42.0,2026-09-07T16:52:52+00:00
M1_Omission,1,PARSE_0078.nii.gz,GT_minus_drift_neg,lcc,0.8138317358840186,1.2269605245916635,0.9451010034354366,0.5801208601789306,171.0,0.1132888778982016,c1e84f2,42.0,2026-09-07T16:52:52+00:00
M1_Omission,1,PARSE_0078.nii.gz,GT_minus_drift_neg,none,0.8294629323516841,1.0054174544996222,0.9567913709546396,0.5887611597855419,121.0,0.12353864126680936,c1e84f2,42.0,2026-09-07T16:52:52+00:00
M1_Omission,1,PARSE_0078.nii.gz,GT_minus_drift_pos,lcc,0.8222537592286469,1.2269605245916635,0.93647696397146,0.6054826999683379,37.0,-0.014188038705634063,c1e84f2,42.0,2026-09-07T16:52:52+00:00
M1_Omission,1,PARSE_0078.nii.gz,GT_minus_drift_pos,none,0.8388441413783397,1.0054174544996222,0.9494768812925741,0.6146151992815788,13.0,-0.005111922407511581,c1e84f2,42.0,2026-09-07T16:52:52+00:00
M1_Omission,1,PARSE_0078.nii.gz,GT_minus_omission,lcc,0.7091887495075815,3.6250841854448703,0.8717608912684319,0.52877980686828,23.0,0.21964696925110586,c1e84f2,42.0,2026-09-07T16:52:52+00:00
M1_Omission,1,PARSE_0078.nii.gz,GT_minus_omission,none,0.7131114360369322,3.3198988712948774,0.8752765752765753,0.5321614412523503,27.0,0.23087594411669912,c1e84f2,42.0,2026-09-07T16:52:52+00:00
M1_Omission,1,PARSE_0078.nii.gz,GT_star,lcc,0.8304966391331475,1.0054174544996222,0.947415949960907,0.6308444096950743,0.0,0.06655964839186661,c1e84f2,42.0,2026-09-07T16:52:52+00:00
M1_Omission,1,PARSE_0078.nii.gz,GT_star,none,0.8473041365518519,1.0,0.9590997845929737,0.6405414619783353,50.0,0.07637918780481827,c1e84f2,42.0,2026-09-07T16:52:52+00:00
M1_Omission,1,PARSE_0082.nii.gz,GT_minus_drift_neg,lcc,0.8611702170926746,0.74609375,0.9543644421607039,0.666870062303295,52.0,-0.07606174518115652,c1e84f2,42.0,2026-09-07T16:52:52+00:00
M1_Omission,1,PARSE_0082.nii.gz,GT_minus_drift_neg,none,0.8646844350883561,0.74609375,0.9603916989163316,0.6698736982228475,27.0,-0.07056972993148311,c1e84f2,42.0,2026-09-07T16:52:52+00:00
M1_Omission,1,PARSE_0082.nii.gz,GT_minus_drift_pos,lcc,0.8710947968555119,1.0,0.9485221535144948,0.635540175110153,18.0,-0.1416588695029996,c1e84f2,42.0,2026-09-07T16:52:52+00:00
M1_Omission,1,PARSE_0082.nii.gz,GT_minus_drift_pos,none,0.876405846852795,0.74609375,0.9565865789157351,0.6397704050967664,61.0,-0.13655677252462986,c1e84f2,42.0,2026-09-07T16:52:52+00:00
M1_Omission,1,PARSE_0082.nii.gz,GT_minus_omission,lcc,0.808080432905723,0.74609375,0.9339167480398337,0.6856853268729219,13.0,-0.06856514883654259,c1e84f2,42.0,2026-09-07T16:52:52+00:00
M1_Omission,1,PARSE_0082.nii.gz,GT_minus_omission,none,0.8137793587831763,0.74609375,0.9407145661562623,0.6903710247349824,66.0,-0.06302857279373118,c1e84f2,42.0,2026-09-07T16:52:52+00:00
M1_Omission,1,PARSE_0082.nii.gz,GT_star,lcc,0.8750975560203926,0.74609375,0.9542780843726174,0.7064656177041072,0.0,-0.09950110864745011,c1e84f2,42.0,2026-09-07T16:52:52+00:00
M1_Omission,1,PARSE_0082.nii.gz,GT_star,none,0.8804621754554046,0.74609375,0.9612029402766119,0.7109617089377192,79.0,-0.09414842017738359,c1e84f2,42.0,2026-09-07T16:52:52+00:00
M1_Omission,2,PARSE_0009.nii.gz,GT_minus_drift_neg,lcc,0.8482550459080017,1.2839921589549574,0.9296788187681697,0.5814147063526884,68.0,0.03762059967235878,c1e84f2,42.0,2026-09-07T16:52:52+00:00
M1_Omission,2,PARSE_0009.nii.gz,GT_minus_drift_neg,none,0.8270209614591567,1.5227963394381567,0.9191130970080285,0.57425281074956,32.0,0.05693364752234151,c1e84f2,42.0,2026-09-07T16:52:52+00:00
M1_Omission,2,PARSE_0009.nii.gz,GT_minus_drift_pos,lcc,0.8632486086488699,1.2839921589549574,0.9276720777109102,0.5957173300073839,7.0,-0.05844655614382452,c1e84f2,42.0,2026-09-07T16:52:52+00:00
M1_Omission,2,PARSE_0009.nii.gz,GT_minus_drift_pos,none,0.8427577052351102,1.5227963394381567,0.9192495982940637,0.5889384451352285,29.0,-0.04092158919516116,c1e84f2,42.0,2026-09-07T16:52:52+00:00
M1_Omission,2,PARSE_0009.nii.gz,GT_minus_omission,lcc,0.7841302994104835,1.907306315936824,0.8980259802087939,0.6004097663821539,14.0,0.04568876082678183,c1e84f2,42.0,2026-09-07T16:52:52+00:00
M1_Omission,2,PARSE_0009.nii.gz,GT_minus_omission,none,0.7641408583742632,2.080799647455651,0.8880291041079582,0.5926798506499723,22.0,0.06515197992672427,c1e84f2,42.0,2026-09-07T16:52:52+00:00
M1_Omission,2,PARSE_0009.nii.gz,GT_star,lcc,0.8752839927821099,1.1531379678301996,0.9332523444672978,0.6543499440695703,0.0,-0.007536874748525501,c1e84f2,42.0,2026-09-07T16:52:52+00:00
M1_Omission,2,PARSE_0009.nii.gz,GT_star,none,0.8545728996505448,1.2881981003336114,0.9232985589735929,0.6461034111367049,36.0,0.010935665053958658,c1e84f2,42.0,2026-09-07T16:52:52+00:00
M1_Omission,2,PARSE_0013.nii.gz,GT_minus_drift_neg,lcc,0.8741926963092987,1.2047472828875772,0.9480500678866703,0.5635963110344206,23.0,-0.21833480672893366,c1e84f2,42.0,2026-09-07T16:52:52+00:00
M1_Omission,2,PARSE_0013.nii.gz,GT_minus_drift_neg,none,0.8712657677752547,1.2047472828875772,0.9518309520018331,0.566765958934168,26.0,-0.21217537251284416,c1e84f2,42.0,2026-09-07T16:52:52+00:00
M1_Omission,2,PARSE_0013.nii.gz,GT_minus_drift_pos,lcc,0.8789803689541816,1.3794317783964527,0.9411346079389369,0.48695588045502314,3.0,-0.2902645087175908,c1e84f2,42.0,2026-09-07T16:52:52+00:00
M1_Omission,2,PARSE_0013.nii.gz,GT_minus_drift_pos,none,0.8768496249298594,1.3794317783964527,0.9457107183526112,0.4905404762166299,46.0,-0.2846718725006907,c1e84f2,42.0,2026-09-07T16:52:52+00:00
M1_Omission,2,PARSE_0013.nii.gz,GT_minus_omission,lcc,0.8055184308895998,1.6750116604071745,0.9219315180051508,0.5389184921228757,18.0,-0.19552002637217736,c1e84f2,42.0,2026-09-07T16:52:52+00:00
M1_Omission,2,PARSE_0013.nii.gz,GT_minus_omission,none,0.7897214741289985,1.6750116604071745,0.9180949802927582,0.5363568876912792,31.0,-0.18918081424097577,c1e84f2,42.0,2026-09-07T16:52:52+00:00
M1_Omission,2,PARSE_0013.nii.gz,GT_star,lcc,0.8874436850012162,1.2047472828875772,0.9474204854147588,0.561716301697522,0.0,-0.24387372230432938,c1e84f2,42.0,2026-09-07T16:52:52+00:00
M1_Omission,2,PARSE_0013.nii.gz,GT_star,none,0.8861195530774599,1.2047472828875772,0.9515506031721678,0.5651828695268598,49.0,-0.2379155318839098,c1e84f2,42.0,2026-09-07T16:52:52+00:00
M1_Omission,2,PARSE_0017.nii.gz,GT_minus_drift_neg,lcc,0.7679405969977894,1.0713743681139714,0.9121438435567379,0.589553514107698,140.0,-0.04984654693901526,c1e84f2,42.0,2026-09-07T16:52:52+00:00
M1_Omission,2,PARSE_0017.nii.gz,GT_minus_drift_neg,none,0.772068321049552,1.0078125,0.9195802274683614,0.5916008864306515,74.0,-0.04280349197491887,c1e84f2,42.0,2026-09-07T16:52:52+00:00
M1_Omission,2,PARSE_0017.nii.gz,GT_minus_drift_pos,lcc,0.7705411494372226,1.7103489697061969,0.89685206878378,0.5723844944170257,32.0,-0.14461397110463703,c1e84f2,42.0,2026-09-07T16:52:52+00:00
M1_Omission,2,PARSE_0017.nii.gz,GT_minus_drift_pos,none,0.7754370161455892,1.381885510097996,0.9072176513793315,0.5748170663302564,34.0,-0.13827338391040883,c1e84f2,42.0,2026-09-07T16:52:52+00:00
M1_Omission,2,PARSE_0017.nii.gz,GT_minus_omission,lcc,0.7256736443991068,1.381885510097996,0.8988115270339138,0.623900229809902,22.0,-0.033925951916150006,c1e84f2,42.0,2026-09-07T16:52:52+00:00
M1_Omission,2,PARSE_0017.nii.gz,GT_minus_omission,none,0.7310406595596203,1.1267686292870034,0.907298619746628,0.626683628012902,44.0,-0.02676488482943708,c1e84f2,42.0,2026-09-07T16:52:52+00:00
M1_Omission,2,PARSE_0017.nii.gz,GT_star,lcc,0.7620338628609565,1.1267686292870034,0.9064008696846043,0.6416534811016905,0.0,-0.08884386622989603,c1e84f2,42.0,2026-09-07T16:52:52+00:00
M1_Omission,2,PARSE_0017.nii.gz,GT_star,none,0.7693722281141822,1.0078125,0.9163320917423412,0.644512934045407,66.0,-0.0820898806391027,c1e84f2,42.0,2026-09-07T16:52:52+00:00
M1_Omission,2,PARSE_0020.nii.gz,GT_minus_drift_neg,lcc,0.8761275015902461,0.8838834764831844,0.9668568379576424,0.660188529524435,131.0,0.08803618148964645,c1e84f2,42.0,2026-09-07T16:52:52+00:00
M1_Omission,2,PARSE_0020.nii.gz,GT_minus_drift_neg,none,0.8822144579074284,0.8838834764831844,0.9724006313870103,0.6633169590006668,17.0,0.0936735642956289,c1e84f2,42.0,2026-09-07T16:52:52+00:00
M1_Omission,2,PARSE_0020.nii.gz,GT_minus_drift_pos,lcc,0.8933977181733775,0.8838834764831844,0.9629959748792148,0.6720817874307887,29.0,-0.044175203879559026,c1e84f2,42.0,2026-09-07T16:52:52+00:00
M1_Omission,2,PARSE_0020.nii.gz,GT_minus_drift_pos,none,0.8997209571297107,0.8838834764831844,0.9702658150889707,0.6752179608516613,85.0,-0.039222840747844254,c1e84f2,42.0,2026-09-07T16:52:52+00:00
M1_Omission,2,PARSE_0020.nii.gz,GT_minus_omission,lcc,0.8418645427299581,0.8838834764831844,0.941193773833657,0.6924200110573993,14.0,0.10320822699834784,c1e84f2,42.0,2026-09-07T16:52:52+00:00
M1_Omission,2,PARSE_0020.nii.gz,GT_minus_omission,none,0.8336315956004267,0.8838834764831844,0.9396973413403253,0.6899334630240491,100.0,0.1089242199001501,c1e84f2,42.0,2026-09-07T16:52:52+00:00
M1_Omission,2,PARSE_0020.nii.gz,GT_star,lcc,0.8985090234463206,0.625,0.9676686158282601,0.7391861582826017,0.0,0.03388138143203147,c1e84f2,42.0,2026-09-07T16:52:52+00:00
M1_Omission,2,PARSE_0020.nii.gz,GT_star,none,0.9074771040210659,0.625,0.9740740494814146,0.7425133796363926,114.0,0.039238174912125647,c1e84f2,42.0,2026-09-07T16:52:52+00:00
M1_Omission,2,PARSE_0025.nii.gz,GT_minus_drift_neg,lcc,0.8255835292194273,0.9225533785793237,0.9542837765977943,0.6191111076859052,104.0,-0.10093294615624855,c1e84f2,42.0,2026-09-07T16:52:52+00:00
M1_Omission,2,PARSE_0025.nii.gz,GT_minus_drift_neg,none,0.8305216070168395,0.9225533785793237,0.9596962751155642,0.6209955000881584,8.0,-0.09634795436271937,c1e84f2,42.0,2026-09-07T16:52:52+00:00
M1_Omission,2,PARSE_0025.nii.gz,GT_minus_drift_pos,lcc,0.82155970208413,1.1939649777795254,0.9457030832293709,0.5643628586704688,20.0,-0.19396223043012034,c1e84f2,42.0,2026-09-07T16:52:52+00:00
M1_Omission,2,PARSE_0025.nii.gz,GT_minus_drift_pos,none,0.8285408365576395,1.0,0.9536870854467421,0.5669847125172915,76.0,-0.18985166209936852,c1e84f2,42.0,2026-09-07T16:52:52+00:00
M1_Omission,2,PARSE_0025.nii.gz,GT_minus_omission,lcc,0.742779252675612,1.0,0.922398816839211,0.6198512716895452,29.0,-0.0577922778820408,c1e84f2,42.0,2026-09-07T16:52:52+00:00
M1_Omission,2,PARSE_0025.nii.gz,GT_minus_omission,none,0.7401947611768402,1.0,0.9238241202907855,0.6198040718265228,67.0,-0.05298728068495583,c1e84f2,42.0,2026-09-07T16:52:52+00:00
M1_Omission,2,PARSE_0025.nii.gz,GT_star,lcc,0.8328115193508766,0.9225533785793237,0.954025505311719,0.6430237913668522,0.0,-0.13819328333253714,c1e84f2,42.0,2026-09-07T16:52:52+00:00
M1_Omission,2,PARSE_0025.nii.gz,GT_star,none,0.841238139849436,0.9225533785793237,0.9605169266823402,0.6457076757828637,96.0,-0.13379830889026895,c1e84f2,42.0,2026-09-07T16:52:52+00:00
M1_Omission,2,PARSE_0033.nii.gz,GT_minus_drift_neg,lcc,0.876082494000945,0.80078125,0.9717297704322978,0.6114417006159133,84.0,-0.17587535388066877,c1e84f2,42.0,2026-09-07T16:52:52+00:00
M1_Omission,2,PARSE_0033.nii.gz,GT_minus_drift_neg,none,0.8850395251286216,0.80078125,0.9809405531353693,0.6150545407007817,23.0,-0.17214291437423215,c1e84f2,42.0,2026-09-07T16:52:52+00:00
M1_Omission,2,PARSE_0033.nii.gz,GT_minus_drift_pos,lcc,0.8853116280006851,1.13247570424408,0.9667704339106062,0.5450846430490977,21.0,-0.251335195479897,c1e84f2,42.0,2026-09-07T16:52:52+00:00
M1_Omission,2,PARSE_0033.nii.gz,GT_minus_drift_pos,none,0.8959308262516897,1.0,0.9773154319013865,0.5491217544073953,86.0,-0.24794451167177695,c1e84f2,42.0,2026-09-07T16:52:52+00:00
M1_Omission,2,PARSE_0033.nii.gz,GT_minus_omission,lcc,0.8329879038076511,0.80078125,0.9541947599889953,0.6048859454308396,16.0,-0.16807929120510634,c1e84f2,42.0,2026-09-07T16:52:52+00:00
M1_Omission,2,PARSE_0033.nii.gz,GT_minus_omission,none,0.8419423131404246,0.80078125,0.9635673654417923,0.608763997665898,91.0,-0.16431154352961794,c1e84f2,42.0,2026-09-07T16:52:52+00:00
M1_Omission,2,PARSE_0033.nii.gz,GT_star,lcc,0.8939850717774075,0.80078125,0.971801169238187,0.6087120298939248,0.0,-0.21220931160264367,c1e84f2,42.0,2026-09-07T16:52:52+00:00
M1_Omission,2,PARSE_0033.nii.gz,GT_star,none,0.9052985298634901,0.80078125,0.982167239335604,0.6128407880324696,107.0,-0.2086414276641849,c1e84f2,42.0,2026-09-07T16:52:52+00:00
M1_Omission,2,PARSE_0045.nii.gz,GT_minus_drift_neg,lcc,0.8754843920633816,2.7096200869540734,0.9404113769907576,0.6790001664745017,142.0,0.16807821760444866,c1e84f2,42.0,2026-09-07T16:52:52+00:00
M1_Omission,2,PARSE_0045.nii.gz,GT_minus_drift_neg,none,0.8947506240546365,1.9926623208662324,0.953962850835507,0.6886958317264917,74.0,0.18404734030877296,c1e84f2,42.0,2026-09-07T16:52:52+00:00
M1_Omission,2,PARSE_0045.nii.gz,GT_minus_drift_pos,lcc,0.897357633963208,2.5125174906107617,0.9412653182425564,0.6778914788885209,44.0,0.038649215738366195,c1e84f2,42.0,2026-09-07T16:52:52+00:00
M1_Omission,2,PARSE_0045.nii.gz,GT_minus_drift_pos,none,0.9192314849255223,1.57649978195368,0.9579287296970858,0.6899992398284828,24.0,0.05284887850315277,c1e84f2,42.0,2026-09-07T16:52:52+00:00
M1_Omission,2,PARSE_0045.nii.gz,GT_minus_omission,lcc,0.8523865023491041,4.225717625815171,0.9163321925564307,0.7186705755051712,10.0,0.1678503499231876,c1e84f2,42.0,2026-09-07T16:52:52+00:00
M1_Omission,2,PARSE_0045.nii.gz,GT_minus_omission,none,0.8692693247054206,3.238109257344477,0.9287769583626289,0.7289683731907737,58.0,0.18381635738496427,c1e84f2,42.0,2026-09-07T16:52:52+00:00
M1_Omission,2,PARSE_0045.nii.gz,GT_star,lcc,0.9118869449404684,2.4375,0.943347220001629,0.7543809371540274,0.0,0.11708845996851128,c1e84f2,42.0,2026-09-07T16:52:52+00:00
M1_Omission,2,PARSE_0045.nii.gz,GT_star,none,0.9353967637620703,1.57649978195368,0.959077398644632,0.7671442159077398,68.0,0.13236048749198204,c1e84f2,42.0,2026-09-07T16:52:52+00:00
M1_Omission,2,PARSE_0047.nii.gz,GT_minus_drift_neg,lcc,0.8829424291567931,1.9464426702586222,0.9471001241247311,0.6551322260017624,75.0,-0.060144911455328215,c1e84f2,42.0,2026-09-07T16:52:52+00:00
M1_Omission,2,PARSE_0047.nii.gz,GT_minus_drift_neg,none,0.8765377215793597,2.006996315443822,0.9452608041605558,0.6535037168008191,18.0,-0.05503805867471484,c1e84f2,42.0,2026-09-07T16:52:52+00:00
M1_Omission,2,PARSE_0047.nii.gz,GT_minus_drift_pos,lcc,0.9013442475893981,2.006996315443822,0.9456703671065005,0.6568290562399824,16.0,-0.145397494816601,c1e84f2,42.0,2026-09-07T16:52:52+00:00
M1_Omission,2,PARSE_0047.nii.gz,GT_minus_drift_pos,none,0.8953514573354049,2.006996315443822,0.9447552653253324,0.6555712436757266,41.0,-0.14075387556815602,c1e84f2,42.0,2026-09-07T16:52:52+00:00
M1_Omission,2,PARSE_0047.nii.gz,GT_minus_omission,lcc,0.7527979603972248,6.601253055339931,0.87646286869014,0.6236130368631102,21.0,-0.01956733106465727,c1e84f2,42.0,2026-09-07T16:52:52+00:00
M1_Omission,2,PARSE_0047.nii.gz,GT_minus_omission,none,0.7473953297750746,6.726983565599496,0.875485794187571,0.6226883909021101,36.0,-0.014239993518068384,c1e84f2,42.0,2026-09-07T16:52:52+00:00
M1_Omission,2,PARSE_0047.nii.gz,GT_star,lcc,0.909280284633382,1.9464426702586222,0.9472870322642377,0.715554307197027,0.0,-0.09672001343666771,c1e84f2,42.0,2026-09-07T16:52:52+00:00
M1_Omission,2,PARSE_0047.nii.gz,GT_star,none,0.9035280193949091,1.9464426702586222,0.9462188020860511,0.7142975538932357,57.0,-0.09181189731613226,c1e84f2,42.0,2026-09-07T16:52:52+00:00
M1_Omission,2,PARSE_0049.nii.gz,GT_minus_drift_neg,lcc,0.7298148525835139,1.892883465113476,0.9075252439522327,0.6223339587930615,209.0,-0.13518859907778463,c1e84f2,42.0,2026-09-07T16:52:52+00:00
M1_Omission,2,PARSE_0049.nii.gz,GT_minus_drift_neg,none,0.7362506965182534,1.892883465113476,0.9123547180470826,0.6246565855836564,154.0,-0.12815821612158754,c1e84f2,42.0,2026-09-07T16:52:52+00:00
M1_Omission,2,PARSE_0049.nii.gz,GT_minus_drift_pos,lcc,0.7234848323873623,2.5657372843882515,0.8862701905917328,0.5964366012314138,53.0,-0.24239601342418388,c1e84f2,42.0,2026-09-07T16:52:52+00:00
M1_Omission,2,PARSE_0049.nii.gz,GT_minus_drift_pos,none,0.7319841958277928,2.376849608725802,0.8932949285052978,0.5997325378047526,2.0,-0.23623716058171462,c1e84f2,42.0,2026-09-07T16:52:52+00:00
M1_Omission,2,PARSE_0049.nii.gz,GT_minus_omission,lcc,0.6823643846536789,3.2143477176559476,0.869893757404714,0.6341035841223668,8.0,-0.10654078274469167,c1e84f2,42.0,2026-09-07T16:52:52+00:00
M1_Omission,2,PARSE_0049.nii.gz,GT_minus_omission,none,0.6937981385349613,2.9634821684126935,0.8763243956548348,0.6378997093023255,47.0,-0.09927751072220144,c1e84f2,42.0,2026-09-07T16:52:52+00:00
M1_Omission,2,PARSE_0049.nii.gz,GT_star,lcc,0.7265503312992916,2.125229766989913,0.9026003547964377,0.6681048699822602,0.0,-0.1763425927973429,c1e84f2,42.0,2026-09-07T16:52:52+00:00
M1_Omission,2,PARSE_0049.nii.gz,GT_star,none,0.7365313993614941,1.892883465113476,0.9089113995785149,0.6715072520233056,55.0,-0.16964676641118742,c1e84f2,42.0,2026-09-07T16:52:52+00:00
M1_Omission,2,PARSE_0050.nii.gz,GT_minus_drift_neg,lcc,0.8128927082626336,1.0,0.944593826540625,0.6206694413506068,100.0,-0.15944959255582336,c1e84f2,42.0,2026-09-07T16:52:52+00:00
M1_Omission,2,PARSE_0050.nii.gz,GT_minus_drift_neg,none,0.8152612036848826,1.0,0.9483569031456406,0.6209393635386802,12.0,-0.15859085880190738,c1e84f2,42.0,2026-09-07T16:52:52+00:00
M1_Omission,2,PARSE_0050.nii.gz,GT_minus_drift_pos,lcc,0.8144277184449317,1.26420155292036,0.9341203819876805,0.5670727376888515,30.0,-0.24036224846992932,c1e84f2,42.0,2026-09-07T16:52:52+00:00
M1_Omission,2,PARSE_0050.nii.gz,GT_minus_drift_pos,none,0.8175357524711386,1.26420155292036,0.9389520788838195,0.567361796030738,58.0,-0.2395861777284122,c1e84f2,42.0,2026-09-07T16:52:52+00:00
M1_Omission,2,PARSE_0050.nii.gz,GT_minus_omission,lcc,0.7788804402884141,1.0,0.9358537580936476,0.6438368224613226,34.0,-0.13760479963079764,c1e84f2,42.0,2026-09-07T16:52:52+00:00
M1_Omission,2,PARSE_0050.nii.gz,GT_minus_omission,none,0.7814231906171041,1.0,0.9393509733267947,0.6440107886825441,54.0,-0.1367237485228409,c1e84f2,42.0,2026-09-07T16:52:52+00:00
M1_Omission,2,PARSE_0050.nii.gz,GT_star,lcc,0.814384403840718,1.0,0.9433065306142746,0.6351001248141462,0.0,-0.19373283939856178,c1e84f2,42.0,2026-09-07T16:52:52+00:00
M1_Omission,2,PARSE_0050.nii.gz,GT_star,none,0.8177217592512644,1.0,0.9473688132646091,0.6354045829969571,88.0,-0.19290913052952713,c1e84f2,42.0,2026-09-07T16:52:52+00:00
M1_Omission,2,PARSE_0051.nii.gz,GT_minus_drift_neg,lcc,0.8272654169748904,0.8949320199392242,0.9563517357000916,0.6582216104168787,168.0,-0.11427670692478734,c1e84f2,42.0,2026-09-07T16:52:52+00:00
M1_Omission,2,PARSE_0051.nii.gz,GT_minus_drift_neg,none,0.8293260912237972,0.8949320199392242,0.9585737040061035,0.6586285821364993,121.0,-0.11382753454581977,c1e84f2,42.0,2026-09-07T16:52:52+00:00
M1_Omission,2,PARSE_0051.nii.gz,GT_minus_drift_pos,lcc,0.8185668672157279,1.1834068024801319,0.9419215578436072,0.615033813791744,27.0,-0.23245822927420115,c1e84f2,42.0,2026-09-07T16:52:52+00:00
M1_Omission,2,PARSE_0051.nii.gz,GT_minus_drift_pos,none,0.8214479609534862,1.1834068024801319,0.9446687813801424,0.6154691939438758,20.0,-0.23206898969361284,c1e84f2,42.0,2026-09-07T16:52:52+00:00
M1_Omission,2,PARSE_0051.nii.gz,GT_minus_omission,lcc,0.7618529275455929,1.0,0.9316973496270433,0.6880880585848052,37.0,-0.07691949838775801,c1e84f2,42.0,2026-09-07T16:52:52+00:00
M1_Omission,2,PARSE_0051.nii.gz,GT_minus_omission,none,0.7643763112989432,1.0,0.9335527750788206,0.6884597625610098,10.0,-0.07645138123635264,c1e84f2,42.0,2026-09-07T16:52:52+00:00
M1_Omission,2,PARSE_0051.nii.gz,GT_star,lcc,0.8223567909128521,0.8949320199392242,0.9531187346559704,0.7039381608118981,0.0,-0.16470390132499815,c1e84f2,42.0,2026-09-07T16:52:52+00:00
M1_Omission,2,PARSE_0051.nii.gz,GT_star,none,0.8254025849046931,0.8949320199392242,0.9555095264693105,0.7044053455801733,47.0,-0.16428030183436998,c1e84f2,42.0,2026-09-07T16:52:52+00:00
M1_Omission,2,PARSE_0054.nii.gz,GT_minus_drift_neg,lcc,0.8322686630042253,1.0,0.9502420841637328,0.5925117596043948,199.0,0.06673370914453176,c1e84f2,42.0,2026-09-07T16:52:52+00:00
M1_Omission,2,PARSE_0054.nii.gz,GT_minus_drift_neg,none,0.8322121818840599,1.0,0.952616688213222,0.593314739277125,70.0,0.06820599929068748,c1e84f2,42.0,2026-09-07T16:52:52+00:00
M1_Omission,2,PARSE_0054.nii.gz,GT_minus_drift_pos,lcc,0.8484993823081125,1.0,0.947661197030744,0.6052402045909104,44.0,-0.03773823179651242,c1e84f2,42.0,2026-09-07T16:52:52+00:00
M1_Omission,2,PARSE_0054.nii.gz,GT_minus_drift_pos,none,0.8507128741300549,0.9860825034515526,0.9519599073976639,0.6064926865200463,85.0,-0.03641013228376288,c1e84f2,42.0,2026-09-07T16:52:52+00:00
M1_Omission,2,PARSE_0054.nii.gz,GT_minus_omission,lcc,0.7586360022846937,1.2190895585668187,0.9015148782687106,0.5940366696723776,10.0,0.08934753756966501,c1e84f2,42.0,2026-09-07T16:52:52+00:00
M1_Omission,2,PARSE_0054.nii.gz,GT_minus_omission,none,0.7612508389241364,1.2190895585668187,0.904572332006324,0.5953181672271706,119.0,0.09085103898857959,c1e84f2,42.0,2026-09-07T16:52:52+00:00
M1_Omission,2,PARSE_0054.nii.gz,GT_star,lcc,0.8575865114588366,0.9860825034515526,0.9544133084545611,0.6552573292469106,0.0,0.02990703049498884,c1e84f2,42.0,2026-09-07T16:52:52+00:00
M1_Omission,2,PARSE_0054.nii.gz,GT_star,none,0.8604791958072674,0.697265625,0.9577136371553627,0.6565792209105671,129.0,0.03132849300194409,c1e84f2,42.0,2026-09-07T16:52:52+00:00
M1_Omission,2,PARSE_0063.nii.gz,GT_minus_drift_neg,lcc,0.7742894467536442,3.862872434764786,0.9036690439261145,0.44979183518987154,76.0,-0.3984284439698475,c1e84f2,42.0,2026-09-07T16:52:52+00:00
M1_Omission,2,PARSE_0063.nii.gz,GT_minus_drift_neg,none,0.7871478656283123,3.1498862594172548,0.9163787784178031,0.45402717172426277,2.0,-0.39437485510351755,c1e84f2,42.0,2026-09-07T16:52:52+00:00
M1_Omission,2,PARSE_0063.nii.gz,GT_minus_drift_pos,lcc,0.7689268193455918,4.601431516068702,0.8832735583325669,0.3693652269576739,18.0,-0.46650114793574055,c1e84f2,42.0,2026-09-07T16:52:52+00:00
M1_Omission,2,PARSE_0063.nii.gz,GT_minus_drift_pos,none,0.7824603524703438,3.7506041993726242,0.8979514982086636,0.3738397025295842,60.0,-0.46290625554887527,c1e84f2,42.0,2026-09-07T16:52:52+00:00
M1_Omission,2,PARSE_0063.nii.gz,GT_minus_omission,lcc,0.7529628196232974,4.086357605673458,0.9000141267324868,0.43708110314084353,31.0,-0.3743712076101688,c1e84f2,42.0,2026-09-07T16:52:52+00:00
M1_Omission,2,PARSE_0063.nii.gz,GT_minus_omission,none,0.7658797267131163,3.3267148751210347,0.9123041404446319,0.44220214307757816,47.0,-0.37015551309824324,c1e84f2,42.0,2026-09-07T16:52:52+00:00
M1_Omission,2,PARSE_0063.nii.gz,GT_star,lcc,0.7738716748516405,4.144052605490224,0.8983427683947663,0.42312556979723326,0.0,-0.42643517634726225,c1e84f2,42.0,2026-09-07T16:52:52+00:00
M1_Omission,2,PARSE_0063.nii.gz,GT_star,none,0.787956464736414,3.3267148751210347,0.9121229302883063,0.4282607603476613,78.0,-0.4225703061419285,c1e84f2,42.0,2026-09-07T16:52:52+00:00
M1_Omission,2,PARSE_0068.nii.gz,GT_minus_drift_neg,lcc,0.8422699787805549,0.640625,0.9716214758065759,0.6985880104203598,155.0,0.05655609298709021,c1e84f2,42.0,2026-09-07T16:52:52+00:00
M1_Omission,2,PARSE_0068.nii.gz,GT_minus_drift_neg,none,0.8402611634753313,0.640625,0.9709574054769332,0.6976146605478472,114.0,0.058389458718778466,c1e84f2,42.0,2026-09-07T16:52:52+00:00
M1_Omission,2,PARSE_0068.nii.gz,GT_minus_drift_pos,lcc,0.8449762847034608,0.905980563395264,0.965445639442019,0.697369822170163,25.0,-0.06511232601356479,c1e84f2,42.0,2026-09-07T16:52:52+00:00
M1_Omission,2,PARSE_0068.nii.gz,GT_minus_drift_pos,none,0.8434005924228511,0.905980563395264,0.9651206055258486,0.6965319045644771,16.0,-0.06349008273103476,c1e84f2,42.0,2026-09-07T16:52:52+00:00
M1_Omission,2,PARSE_0068.nii.gz,GT_minus_omission,lcc,0.7594671367294544,0.905980563395264,0.9306676612599172,0.7200557837084004,13.0,0.09194582755577965,c1e84f2,42.0,2026-09-07T16:52:52+00:00
M1_Omission,2,PARSE_0068.nii.gz,GT_minus_omission,none,0.7578819240643104,0.905980563395264,0.9297598912348566,0.7189991017164499,28.0,0.09384060254632548,c1e84f2,42.0,2026-09-07T16:52:52+00:00
M1_Omission,2,PARSE_0068.nii.gz,GT_star,lcc,0.8501683840288667,0.640625,0.9721009565171654,0.7789791640055002,0.0,0.008781442878770234,c1e84f2,42.0,2026-09-07T16:52:52+00:00
M1_Omission,2,PARSE_0068.nii.gz,GT_star,none,0.8491915838141771,0.640625,0.9714714320538543,0.7780007125578954,41.0,0.010531908699196459,c1e84f2,42.0,2026-09-07T16:52:52+00:00
M1_Omission,2,PARSE_0071.nii.gz,GT_minus_drift_neg,lcc,0.8621295856694836,1.0,0.9487792372584387,0.648702881951745,93.0,-0.09028126389466588,c1e84f2,42.0,2026-09-07T16:52:52+00:00
M1_Omission,2,PARSE_0071.nii.gz,GT_minus_drift_neg,none,0.8844610721563352,0.9142669709872938,0.9662583381222222,0.6588807821285944,2.0,-0.07637942657162118,c1e84f2,42.0,2026-09-07T16:52:52+00:00
M1_Omission,2,PARSE_0071.nii.gz,GT_minus_drift_pos,lcc,0.8719566605860624,1.1907737178486686,0.943535129968512,0.6174360156321497,17.0,-0.1970083968716668,c1e84f2,42.0,2026-09-07T16:52:52+00:00
M1_Omission,2,PARSE_0071.nii.gz,GT_minus_drift_pos,none,0.8964572598230813,1.0,0.9643896759169416,0.6287934045785181,78.0,-0.18473750676528955,c1e84f2,42.0,2026-09-07T16:52:52+00:00
M1_Omission,2,PARSE_0071.nii.gz,GT_minus_omission,lcc,0.800379774285782,1.4455830088914656,0.9121496856227941,0.6511386921596585,29.0,-0.058702620877979284,c1e84f2,42.0,2026-09-07T16:52:52+00:00
M1_Omission,2,PARSE_0071.nii.gz,GT_minus_omission,none,0.8199332262097925,1.1907737178486686,0.9275732232026683,0.6613520432641562,66.0,-0.04431821554717877,c1e84f2,42.0,2026-09-07T16:52:52+00:00
M1_Omission,2,PARSE_0071.nii.gz,GT_star,lcc,0.8828754001586054,0.9142669709872938,0.9479712300518061,0.6943660049003758,0.0,-0.13423627249243286,c1e84f2,42.0,2026-09-07T16:52:52+00:00
M1_Omission,2,PARSE_0071.nii.gz,GT_star,none,0.9102596851679844,0.646484375,0.967468380896356,0.7064464344565837,95.0,-0.12100613220585375,c1e84f2,42.0,2026-09-07T16:52:52+00:00
M1_Omission,2,PARSE_0076.nii.gz,GT_minus_drift_neg,lcc,0.8436969118705059,2.182003417966073,0.9268961926639392,0.6195513372990885,110.0,-0.15010082160390015,c1e84f2,42.0,2026-09-07T16:52:52+00:00
M1_Omission,2,PARSE_0076.nii.gz,GT_minus_drift_neg,none,0.8508651070630038,2.09191632041092,0.93338846624219,0.622565011861752,56.0,-0.14696982158404778,c1e84f2,42.0,2026-09-07T16:52:52+00:00
M1_Omission,2,PARSE_0076.nii.gz,GT_minus_drift_pos,lcc,0.8514604404102911,2.4268252081310497,0.9211962731540425,0.5857507557505599,17.0,-0.2306742449914256,c1e84f2,42.0,2026-09-07T16:52:52+00:00
M1_Omission,2,PARSE_0076.nii.gz,GT_minus_drift_pos,none,0.8592746807783416,2.0940451342829416,0.9295040693249019,0.5887542205827819,37.0,-0.22784007475637433,c1e84f2,42.0,2026-09-07T16:52:52+00:00
M1_Omission,2,PARSE_0076.nii.gz,GT_minus_omission,lcc,0.8144898723536723,3.1650943533526767,0.9072402742049064,0.636290473247776,11.0,-0.15151575210013846,c1e84f2,42.0,2026-09-07T16:52:52+00:00
M1_Omission,2,PARSE_0076.nii.gz,GT_minus_omission,none,0.8161995634398831,3.0,0.910136847077685,0.637455445969739,43.0,-0.14838996463669799,c1e84f2,42.0,2026-09-07T16:52:52+00:00
M1_Omission,2,PARSE_0076.nii.gz,GT_star,lcc,0.8589557679987742,2.182003417966073,0.9276797880263732,0.6632962310842025,0.0,-0.18458566317021075,c1e84f2,42.0,2026-09-07T16:52:52+00:00
M1_Omission,2,PARSE_0076.nii.gz,GT_star,none,0.8673742589619386,2.00222654382877,0.9343638980923952,0.6668307911140289,54.0,-0.18158170414813002,c1e84f2,42.0,2026-09-07T16:52:52+00:00
M1_Omission,2,PARSE_0081.nii.gz,GT_minus_drift_neg,lcc,0.7085393651598018,1.353085756503676,0.9229463656098337,0.6342035037263388,222.0,-0.08481142180532694,c1e84f2,42.0,2026-09-07T16:52:52+00:00
M1_Omission,2,PARSE_0081.nii.gz,GT_minus_drift_neg,none,0.7110590805789693,1.2890625,0.9254851273567022,0.6347568331437632,179.0,-0.08193680637069535,c1e84f2,42.0,2026-09-07T16:52:52+00:00
M1_Omission,2,PARSE_0081.nii.gz,GT_minus_drift_pos,lcc,0.6970005655684696,2.270287497711606,0.8955254871820301,0.6048185153964397,40.0,-0.20903971512061234,c1e84f2,42.0,2026-09-07T16:52:52+00:00
M1_Omission,2,PARSE_0081.nii.gz,GT_minus_drift_pos,none,0.6999640045290018,2.176875005607594,0.899570337856635,0.6055392414453958,3.0,-0.20655530185621163,c1e84f2,42.0,2026-09-07T16:52:52+00:00
M1_Omission,2,PARSE_0081.nii.gz,GT_minus_omission,lcc,0.6472988889095836,2.176875005607594,0.8945234633773474,0.6552060071042101,16.0,-0.019540988414723567,c1e84f2,42.0,2026-09-07T16:52:52+00:00
M1_Omission,2,PARSE_0081.nii.gz,GT_minus_omission,none,0.6478467124515739,2.1012902065698973,0.8954176347106326,0.655060099655613,27.0,-0.01646135797037689,c1e84f2,42.0,2026-09-07T16:52:52+00:00
M1_Omission,2,PARSE_0081.nii.gz,GT_star,lcc,0.6992311283228114,1.353085756503676,0.9188944632677478,0.692103261179199,0.0,-0.12695303573410638,c1e84f2,42.0,2026-09-07T16:52:52+00:00
M1_Omission,2,PARSE_0081.nii.gz,GT_star,none,0.702828205554932,1.353085756503676,0.9218853913584002,0.6927115534360202,43.0,-0.12421078748228964,c1e84f2,42.0,2026-09-07T16:52:52+00:00
M1_Omission,3,PARSE_0001.nii.gz,GT_minus_drift_neg,lcc,0.8800123314383458,0.64453125,0.9736443855501513,0.7007258052372419,97.0,0.09544215345290806,c1e84f2,42.0,2026-09-07T16:52:52+00:00
M1_Omission,3,PARSE_0001.nii.gz,GT_minus_drift_neg,none,0.8679066021563919,0.64453125,0.969957113695526,0.6975522969455212,16.0,0.10079571398612744,c1e84f2,42.0,2026-09-07T16:52:52+00:00
M1_Omission,3,PARSE_0001.nii.gz,GT_minus_drift_pos,lcc,0.9010408886644591,0.64453125,0.973571508677489,0.7159419070849805,21.0,-0.02878051176268356,c1e84f2,42.0,2026-09-07T16:52:52+00:00
M1_Omission,3,PARSE_0001.nii.gz,GT_minus_drift_pos,none,0.890115872092111,0.64453125,0.9706751312416066,0.7130334687897867,60.0,-0.024034042672616416,c1e84f2,42.0,2026-09-07T16:52:52+00:00
M1_Omission,3,PARSE_0001.nii.gz,GT_minus_omission,lcc,0.7577218036984628,1.4412156886229113,0.9062912168310997,0.6953091487834896,17.0,0.14752671414004925,c1e84f2,42.0,2026-09-07T16:52:52+00:00
M1_Omission,3,PARSE_0001.nii.gz,GT_minus_omission,none,0.7466246454507494,1.6314662512311586,0.9028318287664678,0.6919917700724106,64.0,0.1531348183272679,c1e84f2,42.0,2026-09-07T16:52:52+00:00
M1_Omission,3,PARSE_0001.nii.gz,GT_star,lcc,0.9100582631114187,0.64453125,0.9768161026725984,0.787552200627329,0.0,0.04549024939200314,c1e84f2,42.0,2026-09-07T16:52:52+00:00
M1_Omission,3,PARSE_0001.nii.gz,GT_star,none,0.8989931938099526,0.64453125,0.9734649267580632,0.7841398381855658,81.0,0.05059968882645277,c1e84f2,42.0,2026-09-07T16:52:52+00:00
M1_Omission,3,PARSE_0004.nii.gz,GT_minus_drift_neg,lcc,0.8368689293449656,1.0,0.9407823100762208,0.6613095736661362,80.0,-0.13292661157371918,c1e84f2,42.0,2026-09-07T16:52:52+00:00
M1_Omission,3,PARSE_0004.nii.gz,GT_minus_drift_neg,none,0.8459764288698921,0.9998931827716023,0.9566732039636664,0.669023534269199,11.0,-0.11833083069944242,c1e84f2,42.0,2026-09-07T16:52:52+00:00
M1_Omission,3,PARSE_0004.nii.gz,GT_minus_drift_pos,lcc,0.8407071642420979,1.4140625,0.9342626693632857,0.5997403136509101,18.0,-0.23533034221870328,c1e84f2,42.0,2026-09-07T16:52:52+00:00
M1_Omission,3,PARSE_0004.nii.gz,GT_minus_drift_pos,none,0.8503572597749554,1.2247012649934523,0.9520458865508387,0.606500912300092,51.0,-0.22245836285091192,c1e84f2,42.0,2026-09-07T16:52:52+00:00
M1_Omission,3,PARSE_0004.nii.gz,GT_minus_omission,lcc,0.7964935279974492,1.7319274678537349,0.914666594412984,0.666442680250359,7.0,-0.11833134913220118,c1e84f2,42.0,2026-09-07T16:52:52+00:00
M1_Omission,3,PARSE_0004.nii.gz,GT_minus_omission,none,0.8098297401805619,1.2247012649934523,0.929460514441638,0.6747868062860773,62.0,-0.10348988057422603,c1e84f2,42.0,2026-09-07T16:52:52+00:00
M1_Omission,3,PARSE_0004.nii.gz,GT_star,lcc,0.8561301538833522,1.0,0.9399373579807161,0.6862371798808573,0.0,-0.17123084875218925,c1e84f2,42.0,2026-09-07T16:52:52+00:00
M1_Omission,3,PARSE_0004.nii.gz,GT_star,none,0.8669066682081954,0.9998931827716023,0.9541669190236812,0.6940322613207357,69.0,-0.15727985788055343,c1e84f2,42.0,2026-09-07T16:52:52+00:00
M1_Omission,3,PARSE_0006.nii.gz,GT_minus_drift_neg,lcc,0.8171167409313644,1.0,0.9510102037043884,0.6215571740175238,80.0,0.2048706179870369,c1e84f2,42.0,2026-09-07T16:52:52+00:00
M1_Omission,3,PARSE_0006.nii.gz,GT_minus_drift_neg,none,0.8138433840150774,1.0,0.9531298646594509,0.6233631851729758,19.0,0.21517538008144246,c1e84f2,42.0,2026-09-07T16:52:52+00:00
M1_Omission,3,PARSE_0006.nii.gz,GT_minus_drift_pos,lcc,0.8409911234048242,0.9280776503073436,0.9550565689717133,0.6481639439376161,21.0,0.0747138175714679,c1e84f2,42.0,2026-09-07T16:52:52+00:00
M1_Omission,3,PARSE_0006.nii.gz,GT_minus_drift_pos,none,0.8383515861731736,0.9280776503073436,0.9583821578954146,0.6503217055760869,40.0,0.08390540216512882,c1e84f2,42.0,2026-09-07T16:52:52+00:00
M1_Omission,3,PARSE_0006.nii.gz,GT_minus_omission,lcc,0.738539735170812,2.366143024523243,0.8901949374454466,0.6279216370866065,13.0,0.24094791784165137,c1e84f2,42.0,2026-09-07T16:52:52+00:00
M1_Omission,3,PARSE_0006.nii.gz,GT_minus_omission,none,0.7369690890443997,2.303614686747764,0.892071648098348,0.630157510564733,48.0,0.2515612342210236,c1e84f2,42.0,2026-09-07T16:52:52+00:00
M1_Omission,3,PARSE_0006.nii.gz,GT_star,lcc,0.8470119376801599,0.9280776503073436,0.957672923818567,0.6933021693083047,0.0,0.15840257303671937,c1e84f2,42.0,2026-09-07T16:52:52+00:00
M1_Omission,3,PARSE_0006.nii.gz,GT_star,none,0.8452953249827004,0.9280776503073436,0.9599956576019106,0.6954079140205178,61.0,0.16830991308343224,c1e84f2,42.0,2026-09-07T16:52:52+00:00
M1_Omission,3,PARSE_0016.nii.gz,GT_minus_drift_neg,lcc,0.7915607837366374,1.0,0.9311040964772863,0.6648928399084457,132.0,-0.009938732696887422,c1e84f2,42.0,2026-09-07T16:52:52+00:00
M1_Omission,3,PARSE_0016.nii.gz,GT_minus_drift_neg,none,0.8096713279422763,0.9722718241315028,0.9499913292291685,0.6774213127547039,12.0,0.010268216491706601,c1e84f2,42.0,2026-09-07T16:52:52+00:00
M1_Omission,3,PARSE_0016.nii.gz,GT_minus_drift_pos,lcc,0.802788263934003,1.375,0.9184415626349587,0.6424417079362773,29.0,-0.12608785286191815,c1e84f2,42.0,2026-09-07T16:52:52+00:00
M1_Omission,3,PARSE_0016.nii.gz,GT_minus_drift_pos,none,0.8243234329466896,1.0,0.9428376837303598,0.657192410035479,91.0,-0.10825148360305703,c1e84f2,42.0,2026-09-07T16:52:52+00:00
M1_Omission,3,PARSE_0016.nii.gz,GT_minus_omission,lcc,0.7297635203170868,2.114865539461079,0.8895403776009676,0.6722544554268327,11.0,0.040623534208023004,c1e84f2,42.0,2026-09-07T16:52:52+00:00
M1_Omission,3,PARSE_0016.nii.gz,GT_minus_omission,none,0.7417180282128293,1.5372967345311055,0.9027883660221313,0.6822279206228198,109.0,0.06186244898495961,c1e84f2,42.0,2026-09-07T16:52:52+00:00
M1_Omission,3,PARSE_0016.nii.gz,GT_star,lcc,0.8076358378830482,1.0,0.9280612178837016,0.7202682814192674,0.0,-0.048560732980096354,c1e84f2,42.0,2026-09-07T16:52:52+00:00
M1_Omission,3,PARSE_0016.nii.gz,GT_star,none,0.829998729973918,0.6875,0.9495179296346414,0.7353856562922869,120.0,-0.029142050965523324,c1e84f2,42.0,2026-09-07T16:52:52+00:00
M1_Omission,3,PARSE_0018.nii.gz,GT_minus_drift_neg,lcc,0.7837514809949212,1.2319125953484382,0.944811325730803,0.5599886067536632,87.0,0.35715433205456915,c1e84f2,42.0,2026-09-07T16:52:52+00:00
M1_Omission,3,PARSE_0018.nii.gz,GT_minus_drift_neg,none,0.779055664141007,1.2319125953484382,0.9461961373995583,0.5606774953140256,11.0,0.37003836292483566,c1e84f2,42.0,2026-09-07T16:52:52+00:00
M1_Omission,3,PARSE_0018.nii.gz,GT_minus_drift_pos,lcc,0.8198648117906884,1.0,0.9563544844568168,0.6286200264038805,24.0,0.2199643020119109,c1e84f2,42.0,2026-09-07T16:52:52+00:00
M1_Omission,3,PARSE_0018.nii.gz,GT_minus_drift_pos,none,0.8162113825561879,0.87109375,0.958988373345871,0.6305231504608543,74.0,0.23154593083370398,c1e84f2,42.0,2026-09-07T16:52:52+00:00
M1_Omission,3,PARSE_0018.nii.gz,GT_minus_omission,lcc,0.6367512122927932,13.375935459401054,0.8208673437946431,0.512361413789433,9.0,0.4397052407700278,c1e84f2,42.0,2026-09-07T16:52:52+00:00
M1_Omission,3,PARSE_0018.nii.gz,GT_minus_omission,none,0.6383595626179835,12.913140915368556,0.8250074816284457,0.5156560002660134,89.0,0.4533729617712821,c1e84f2,42.0,2026-09-07T16:52:52+00:00
M1_Omission,3,PARSE_0018.nii.gz,GT_star,lcc,0.821339085491361,0.87109375,0.9556852976283149,0.6114691992319269,0.0,0.30715908176591095,c1e84f2,42.0,2026-09-07T16:52:52+00:00
M1_Omission,3,PARSE_0018.nii.gz,GT_star,none,0.8176820583533597,0.87109375,0.9581776985403297,0.613534189988337,98.0,0.3195684869190634,c1e84f2,42.0,2026-09-07T16:52:52+00:00
M1_Omission,3,PARSE_0028.nii.gz,GT_minus_drift_neg,lcc,0.8564938480746784,0.8959591018026123,0.970968005118494,0.6207719822570326,131.0,0.15472092093568432,c1e84f2,42.0,2026-09-07T16:52:52+00:00
M1_Omission,3,PARSE_0028.nii.gz,GT_minus_drift_neg,none,0.8437267499094298,0.966747552403483,0.9662206530730593,0.6175966433852688,41.0,0.16112881378298552,c1e84f2,42.0,2026-09-07T16:52:52+00:00
M1_Omission,3,PARSE_0028.nii.gz,GT_minus_drift_pos,lcc,0.8899950122430842,0.68359375,0.9746733240408602,0.6564529799515559,34.0,0.048566444041094683,c1e84f2,42.0,2026-09-07T16:52:52+00:00
M1_Omission,3,PARSE_0028.nii.gz,GT_minus_drift_pos,none,0.877568241007001,0.68359375,0.9707807237377688,0.6534231487541303,56.0,0.05438525384601829,c1e84f2,42.0,2026-09-07T16:52:52+00:00
M1_Omission,3,PARSE_0028.nii.gz,GT_minus_omission,lcc,0.7827693163908355,0.966747552403483,0.9230090860502406,0.636718332442544,17.0,0.16842543465198387,c1e84f2,42.0,2026-09-07T16:52:52+00:00
M1_Omission,3,PARSE_0028.nii.gz,GT_minus_omission,none,0.7668855849068171,1.0,0.9179389903652707,0.6330799740008224,73.0,0.1749093779577346,c1e84f2,42.0,2026-09-07T16:52:52+00:00
M1_Omission,3,PARSE_0028.nii.gz,GT_star,lcc,0.9003064897154817,0.68359375,0.9762176592065278,0.6923154413122681,0.0,0.10451324049702446,c1e84f2,42.0,2026-09-07T16:52:52+00:00
M1_Omission,3,PARSE_0028.nii.gz,GT_star,none,0.8893121196766863,0.68359375,0.9722575400712842,0.6893219667757468,90.0,0.11064251586149546,c1e84f2,42.0,2026-09-07T16:52:52+00:00
M1_Omission,3,PARSE_0032.nii.gz,GT_minus_drift_neg,lcc,0.8592721817105128,1.44995032916002,0.9320087517356207,0.45030564955790514,64.0,-0.31164940274410374,c1e84f2,42.0,2026-09-07T16:52:52+00:00
M1_Omission,3,PARSE_0032.nii.gz,GT_minus_drift_neg,none,0.8780699973353783,1.296875,0.9546296929799772,0.46050326177167894,43.0,-0.3018292175476168,c1e84f2,42.0,2026-09-07T16:52:52+00:00
M1_Omission,3,PARSE_0032.nii.gz,GT_minus_drift_pos,lcc,0.8558660113580254,1.7613505382554278,0.9194987078667296,0.3689109956373135,9.0,-0.39067464897331755,c1e84f2,42.0,2026-09-07T16:52:52+00:00
M1_Omission,3,PARSE_0032.nii.gz,GT_minus_drift_pos,none,0.8770009952129099,1.44995032916002,0.9458275874407863,0.3777122677214336,98.0,-0.3819818580963279,c1e84f2,42.0,2026-09-07T16:52:52+00:00
M1_Omission,3,PARSE_0032.nii.gz,GT_minus_omission,lcc,0.8016647810381694,1.7613505382554278,0.9128702190776845,0.4176340879166204,31.0,-0.294637679511524,c1e84f2,42.0,2026-09-07T16:52:52+00:00
M1_Omission,3,PARSE_0032.nii.gz,GT_minus_omission,none,0.8181024279449914,1.3568132312127321,0.9349911178903891,0.42540597204175534,76.0,-0.2845748007322592,c1e84f2,42.0,2026-09-07T16:52:52+00:00
M1_Omission,3,PARSE_0032.nii.gz,GT_star,lcc,0.8691876876017934,1.44995032916002,0.9276687636064238,0.4201106973228125,0.0,-0.34828810656917436,c1e84f2,42.0,2026-09-07T16:52:52+00:00
M1_Omission,3,PARSE_0032.nii.gz,GT_star,none,0.8913771203911257,1.1918351198834867,0.952637472296678,0.429044685023381,107.0,-0.33899061846680745,c1e84f2,42.0,2026-09-07T16:52:52+00:00
M1_Omission,3,PARSE_0034.nii.gz,GT_minus_drift_neg,lcc,0.8843502910844655,0.671875,0.9718505076196532,0.711010452463795,118.0,0.035637570119031334,c1e84f2,42.0,2026-09-07T16:52:52+00:00
M1_Omission,3,PARSE_0034.nii.gz,GT_minus_drift_neg,none,0.8843427007098068,0.671875,0.9749186965834774,0.7123673704660447,52.0,0.03945478177589273,c1e84f2,42.0,2026-09-07T16:52:52+00:00
M1_Omission,3,PARSE_0034.nii.gz,GT_minus_drift_pos,lcc,0.9016326289194477,0.671875,0.9719900565031595,0.7050548315662993,23.0,-0.07311794381994956,c1e84f2,42.0,2026-09-07T16:52:52+00:00
M1_Omission,3,PARSE_0034.nii.gz,GT_minus_drift_pos,none,0.9044342674942767,0.671875,0.9761459539144974,0.707350133072136,43.0,-0.0697015894007298,c1e84f2,42.0,2026-09-07T16:52:52+00:00
M1_Omission,3,PARSE_0034.nii.gz,GT_minus_omission,lcc,0.8181714381683473,0.671875,0.9326794903301237,0.7354244394301587,17.0,0.061060783935799265,c1e84f2,42.0,2026-09-07T16:52:52+00:00
M1_Omission,3,PARSE_0034.nii.gz,GT_minus_omission,none,0.8198086427538973,0.671875,0.9354341103093319,0.7373534363203524,49.0,0.06497170191515832,c1e84f2,42.0,2026-09-07T16:52:52+00:00
M1_Omission,3,PARSE_0034.nii.gz,GT_star,lcc,0.9107823933556193,0.671875,0.9739619449144316,0.7841580451002691,0.0,-0.014442607155877299,c1e84f2,42.0,2026-09-07T16:52:52+00:00
M1_Omission,3,PARSE_0034.nii.gz,GT_star,none,0.9141412579582929,0.671875,0.9782237787356322,0.7866517462422635,66.0,-0.010809983855007551,c1e84f2,42.0,2026-09-07T16:52:52+00:00
M1_Omission,3,PARSE_0048.nii.gz,GT_minus_drift_neg,lcc,0.8418809398792169,18.079610461874587,0.911475566112305,0.6435627440310453,99.0,-0.11967881771172685,c1e84f2,42.0,2026-09-07T16:52:52+00:00
M1_Omission,3,PARSE_0048.nii.gz,GT_minus_drift_neg,none,0.846144061339797,17.42188200672505,0.9199115823242894,0.6515600242561765,5.0,-0.10492281155020922,c1e84f2,42.0,2026-09-07T16:52:52+00:00
M1_Omission,3,PARSE_0048.nii.gz,GT_minus_drift_pos,lcc,0.8667772698043242,17.957768383418358,0.9139595552184129,0.6508020499916742,27.0,-0.2094390291748121,c1e84f2,42.0,2026-09-07T16:52:52+00:00
M1_Omission,3,PARSE_0048.nii.gz,GT_minus_drift_pos,none,0.8724009213390886,17.036982980049608,0.9247215320571055,0.6587714209618044,67.0,-0.19618759005093586,c1e84f2,42.0,2026-09-07T16:52:52+00:00
M1_Omission,3,PARSE_0048.nii.gz,GT_minus_omission,lcc,0.7934375849276646,18.631618475893337,0.8780058698908886,0.6622118630576498,18.0,-0.11376432717718116,c1e84f2,42.0,2026-09-07T16:52:52+00:00
M1_Omission,3,PARSE_0048.nii.gz,GT_minus_omission,none,0.7974149894769424,18.313125880334283,0.8849141759403271,0.6689413759981995,76.0,-0.0989091819053866,c1e84f2,42.0,2026-09-07T16:52:52+00:00
M1_Omission,3,PARSE_0048.nii.gz,GT_star,lcc,0.8778817384056582,17.929175169695483,0.9164157711677254,0.7153657102127775,0.0,-0.15493049404363782,c1e84f2,42.0,2026-09-07T16:52:52+00:00
M1_Omission,3,PARSE_0048.nii.gz,GT_star,none,0.8842537307381936,17.214105827870497,0.9250434589068693,0.72362437689713,94.0,-0.14076537898371264,c1e84f2,42.0,2026-09-07T16:52:52+00:00
M1_Omission,3,PARSE_0052.nii.gz,GT_minus_drift_neg,lcc,0.7932651328150522,1.4417396718027842,0.9271515136287307,0.6463314028233186,128.0,-0.1515489113674212,c1e84f2,42.0,2026-09-07T16:52:52+00:00
M1_Omission,3,PARSE_0052.nii.gz,GT_minus_drift_neg,none,0.8036863301893813,1.2406879706940823,0.9357911470307213,0.6498241339169111,52.0,-0.14817584654289767,c1e84f2,42.0,2026-09-07T16:52:52+00:00
M1_Omission,3,PARSE_0052.nii.gz,GT_minus_drift_pos,lcc,0.790699003471922,2.1305648642144175,0.9133010542696572,0.6043965779570203,27.0,-0.23908646815395626,c1e84f2,42.0,2026-09-07T16:52:52+00:00
M1_Omission,3,PARSE_0052.nii.gz,GT_minus_drift_pos,none,0.8012857839502496,1.642112420976408,0.923915004702766,0.6079505537746895,49.0,-0.23606141378940781,c1e84f2,42.0,2026-09-07T16:52:52+00:00
M1_Omission,3,PARSE_0052.nii.gz,GT_minus_omission,lcc,0.7101427904514619,2.830368585206704,0.8954831860674753,0.6561208754501485,23.0,-0.09002017629450774,c1e84f2,42.0,2026-09-07T16:52:52+00:00
M1_Omission,3,PARSE_0052.nii.gz,GT_minus_omission,none,0.7176548825561322,2.4194544355339698,0.9019064503926385,0.6585298045238888,53.0,-0.08640250053748326,c1e84f2,42.0,2026-09-07T16:52:52+00:00
M1_Omission,3,PARSE_0052.nii.gz,GT_star,lcc,0.7943379544716486,1.46875,0.9243682090098889,0.6786147397550156,0.0,-0.18689320388349515,c1e84f2,42.0,2026-09-07T16:52:52+00:00
M1_Omission,3,PARSE_0052.nii.gz,GT_star,none,0.8055090236694709,1.2406879706940823,0.9333425248576666,0.6822517071904755,76.0,-0.18366065227349973,c1e84f2,42.0,2026-09-07T16:52:52+00:00
M1_Omission,3,PARSE_0056.nii.gz,GT_minus_drift_neg,lcc,0.8347531015453686,1.683140527743543,0.9361885542128728,0.6194986417217972,191.0,-0.1287267040022506,c1e84f2,42.0,2026-09-07T16:52:52+00:00
M1_Omission,3,PARSE_0056.nii.gz,GT_minus_drift_neg,none,0.8534553726058246,1.2109375,0.9543351741809103,0.6286647514855771,29.0,-0.11671303812950155,c1e84f2,42.0,2026-09-07T16:52:52+00:00
M1_Omission,3,PARSE_0056.nii.gz,GT_minus_drift_pos,lcc,0.8341331730115034,2.401187475801361,0.9234814709527079,0.5614188219325623,45.0,-0.252712512524794,c1e84f2,42.0,2026-09-07T16:52:52+00:00
M1_Omission,3,PARSE_0056.nii.gz,GT_minus_drift_pos,none,0.8560891611797604,1.3538692832518258,0.9458612487611496,0.5712784935579782,117.0,-0.24240844119992638,c1e84f2,42.0,2026-09-07T16:52:52+00:00
M1_Omission,3,PARSE_0056.nii.gz,GT_minus_omission,lcc,0.7876601242414759,2.701727533456892,0.9164536071003887,0.6411860560530165,36.0,-0.09970708441831991,c1e84f2,42.0,2026-09-07T16:52:52+00:00
M1_Omission,3,PARSE_0056.nii.gz,GT_minus_omission,none,0.8012859103945332,1.9831135262038075,0.9304835013748854,0.6482768102658112,126.0,-0.08729327772289545,c1e84f2,42.0,2026-09-07T16:52:52+00:00
M1_Omission,3,PARSE_0056.nii.gz,GT_star,lcc,0.8414198123981859,1.81640625,0.9336066327108576,0.652802209193717,0.0,-0.17868075064614,c1e84f2,42.0,2026-09-07T16:52:52+00:00
M1_Omission,3,PARSE_0056.nii.gz,GT_star,none,0.8641384588455486,1.169013433296026,0.9536893306545416,0.6634366078037433,162.0,-0.1673558826834476,c1e84f2,42.0,2026-09-07T16:52:52+00:00
M1_Omission,3,PARSE_0057.nii.gz,GT_minus_drift_neg,lcc,0.8509454798888276,0.6875,0.9680502596506518,0.7037876311871301,114.0,0.04200377802330969,c1e84f2,42.0,2026-09-07T16:52:52+00:00
M1_Omission,3,PARSE_0057.nii.gz,GT_minus_drift_neg,none,0.8608050012490654,0.6875,0.9799079952421216,0.7124564697115178,12.0,0.055576148554727874,c1e84f2,42.0,2026-09-07T16:52:52+00:00
M1_Omission,3,PARSE_0057.nii.gz,GT_minus_drift_pos,lcc,0.8745036761685167,0.6875,0.9681823980876537,0.6951526586851277,22.0,-0.0723218053797117,c1e84f2,42.0,2026-09-07T16:52:52+00:00
M1_Omission,3,PARSE_0057.nii.gz,GT_minus_drift_pos,none,0.8859185764467834,0.6875,0.9830935013262599,0.704237400530504,104.0,-0.06023855534084094,c1e84f2,42.0,2026-09-07T16:52:52+00:00
M1_Omission,3,PARSE_0057.nii.gz,GT_minus_omission,lcc,0.7580803626995557,1.213530489934225,0.9123499982642036,0.7109204735252481,19.0,0.08267599896307817,c1e84f2,42.0,2026-09-07T16:52:52+00:00
M1_Omission,3,PARSE_0057.nii.gz,GT_minus_omission,none,0.7697480478767701,0.9722718241315028,0.9226291194062199,0.7188556349408539,107.0,0.09677813576269303,c1e84f2,42.0,2026-09-07T16:52:52+00:00
M1_Omission,3,PARSE_0057.nii.gz,GT_star,lcc,0.8859152567368296,0.6875,0.973125,0.7781605113636364,0.0,-0.006676406632237021,c1e84f2,42.0,2026-09-07T16:52:52+00:00
M1_Omission,3,PARSE_0057.nii.gz,GT_star,none,0.8972751135387711,0.6875,0.9851373420338817,0.7871706629845872,126.0,0.006261891818428921,c1e84f2,42.0,2026-09-07T16:52:52+00:00
M1_Omission,3,PARSE_0062.nii.gz,GT_minus_drift_neg,lcc,0.834172508408086,1.6430785225454076,0.9319084422325857,0.6552741294926091,108.0,-0.10930215287118256,c1e84f2,42.0,2026-09-07T16:52:52+00:00
M1_Omission,3,PARSE_0062.nii.gz,GT_minus_drift_neg,none,0.8344153558095118,1.6430785225454076,0.9338653293256665,0.6555802404600104,20.0,-0.100497578123066,c1e84f2,42.0,2026-09-07T16:52:52+00:00
M1_Omission,3,PARSE_0062.nii.gz,GT_minus_drift_pos,lcc,0.8577390322171224,2.0,0.9253423201870237,0.6403740474238698,14.0,-0.20822574966257848,c1e84f2,42.0,2026-09-07T16:52:52+00:00
M1_Omission,3,PARSE_0062.nii.gz,GT_minus_drift_pos,none,0.8625441557184954,1.84375,0.9303989037300284,0.6425226256268165,74.0,-0.20039903761516342,c1e84f2,42.0,2026-09-07T16:52:52+00:00
M1_Omission,3,PARSE_0062.nii.gz,GT_minus_omission,lcc,0.7251651269126475,4.499918619055793,0.865433249035006,0.631137140068326,3.0,-0.05661647104064884,c1e84f2,42.0,2026-09-07T16:52:52+00:00
M1_Omission,3,PARSE_0062.nii.gz,GT_minus_omission,none,0.732599826043815,4.295056433345783,0.8686984115821766,0.6336090575856401,85.0,-0.04729109675840551,c1e84f2,42.0,2026-09-07T16:52:52+00:00
M1_Omission,3,PARSE_0062.nii.gz,GT_star,lcc,0.8645635544341337,1.6430785225454076,0.9335475578406169,0.7049807197943445,0.0,-0.14887124372146568,c1e84f2,42.0,2026-09-07T16:52:52+00:00
M1_Omission,3,PARSE_0062.nii.gz,GT_star,none,0.8696195767968317,1.3600932010803524,0.9372023003520622,0.7070237203893394,88.0,-0.14045781061496124,c1e84f2,42.0,2026-09-07T16:52:52+00:00
M1_Omission,3,PARSE_0070.nii.gz,GT_minus_drift_neg,lcc,0.8498579940085644,1.0,0.9561632850806485,0.6452216477192044,213.0,0.08183908045977012,c1e84f2,42.0,2026-09-07T16:52:52+00:00
M1_Omission,3,PARSE_0070.nii.gz,GT_minus_drift_neg,none,0.853358175014819,1.0,0.9580733116199663,0.6463898074250874,129.0,0.09051724137931035,c1e84f2,42.0,2026-09-07T16:52:52+00:00
M1_Omission,3,PARSE_0070.nii.gz,GT_minus_drift_pos,lcc,0.8729444522422275,1.0,0.9541623623029795,0.6703965469627386,60.0,-0.041447925178893154,c1e84f2,42.0,2026-09-07T16:52:52+00:00
M1_Omission,3,PARSE_0070.nii.gz,GT_minus_drift_pos,none,0.8775341555116154,1.0,0.9574221784450413,0.6719588539630478,24.0,-0.03375873248350497,c1e84f2,42.0,2026-09-07T16:52:52+00:00
M1_Omission,3,PARSE_0070.nii.gz,GT_minus_omission,lcc,0.7715266929028307,2.271073728196918,0.903553852633067,0.6386980300223533,33.0,0.12759718403066989,c1e84f2,42.0,2026-09-07T16:52:52+00:00
M1_Omission,3,PARSE_0070.nii.gz,GT_minus_omission,none,0.7774761947748322,2.271073728196918,0.9060239204404399,0.6410794865429268,51.0,0.13664240156087765,c1e84f2,42.0,2026-09-07T16:52:52+00:00
M1_Omission,3,PARSE_0070.nii.gz,GT_star,lcc,0.8888295619950782,0.6796875,0.9609319463211075,0.7245293871858738,0.0,0.03516053598409959,c1e84f2,42.0,2026-09-07T16:52:52+00:00
M1_Omission,3,PARSE_0070.nii.gz,GT_star,none,0.8939872748316199,0.6796875,0.9634060312331718,0.7263327948303716,84.0,0.04346425681567625,c1e84f2,42.0,2026-09-07T16:52:52+00:00
M1_Omission,3,PARSE_0075.nii.gz,GT_minus_drift_neg,lcc,0.8034321784038315,0.6484375,0.9505216292056788,0.6510571500013892,163.0,-0.12327232934176104,c1e84f2,42.0,2026-09-07T16:52:52+00:00
M1_Omission,3,PARSE_0075.nii.gz,GT_minus_drift_neg,none,0.8248702574365944,0.6484375,0.9666820073910236,0.6600678655328268,16.0,-0.1138424535345648,c1e84f2,42.0,2026-09-07T16:52:52+00:00
M1_Omission,3,PARSE_0075.nii.gz,GT_minus_drift_pos,lcc,0.8126319271433292,1.0,0.9396834400323761,0.5918912976281903,56.0,-0.21375906933714295,c1e84f2,42.0,2026-09-07T16:52:52+00:00
M1_Omission,3,PARSE_0075.nii.gz,GT_minus_drift_pos,none,0.837455791759132,0.9170291068513038,0.9597357987073819,0.6016951023716923,91.0,-0.20530244753904384,c1e84f2,42.0,2026-09-07T16:52:52+00:00
M1_Omission,3,PARSE_0075.nii.gz,GT_minus_omission,lcc,0.7748795564081188,0.6484375,0.9317439947945849,0.662873461420283,14.0,-0.10909269925663369,c1e84f2,42.0,2026-09-07T16:52:52+00:00
M1_Omission,3,PARSE_0075.nii.gz,GT_minus_omission,none,0.7857974966751161,0.6484375,0.9421164531632452,0.6681031248325026,133.0,-0.09951031069642449,c1e84f2,42.0,2026-09-07T16:52:52+00:00
M1_Omission,3,PARSE_0075.nii.gz,GT_star,lcc,0.8284600618040989,0.6484375,0.9490766213556839,0.6758706358502476,0.0,-0.16193856647852334,c1e84f2,42.0,2026-09-07T16:52:52+00:00
M1_Omission,3,PARSE_0075.nii.gz,GT_star,none,0.8543914423808228,0.6484375,0.9676427276279014,0.6864817393453079,147.0,-0.15292457558785713,c1e84f2,42.0,2026-09-07T16:52:52+00:00
M1_Omission,3,PARSE_0077.nii.gz,GT_minus_drift_neg,lcc,0.8852040275157674,0.9391261937633835,0.9685968313987027,0.6727751126725444,107.0,-0.013813280135990392,c1e84f2,42.0,2026-09-07T16:52:52+00:00
M1_Omission,3,PARSE_0077.nii.gz,GT_minus_drift_neg,none,0.8862655080067772,0.9391261937633835,0.9713003153403821,0.6742867742533852,40.0,-0.01082444174399247,c1e84f2,42.0,2026-09-07T16:52:52+00:00
M1_Omission,3,PARSE_0077.nii.gz,GT_minus_drift_pos,lcc,0.8960750961365066,0.9391261937633835,0.9666898796924903,0.6558628899188002,32.0,-0.12039432878274325,c1e84f2,42.0,2026-09-07T16:52:52+00:00
M1_Omission,3,PARSE_0077.nii.gz,GT_minus_drift_pos,none,0.897970615396608,0.9391261937633835,0.9700807924639308,0.6575179405788872,35.0,-0.11772850582346049,c1e84f2,42.0,2026-09-07T16:52:52+00:00
M1_Omission,3,PARSE_0077.nii.gz,GT_minus_omission,lcc,0.8211231440689818,0.9999997615814209,0.9305099048624571,0.689490942859675,17.0,-0.0007651027728747936,c1e84f2,42.0,2026-09-07T16:52:52+00:00
M1_Omission,3,PARSE_0077.nii.gz,GT_minus_omission,none,0.821861874626498,0.9999997615814209,0.9327495487191305,0.6907324192495296,50.0,0.002263280760690087,c1e84f2,42.0,2026-09-07T16:52:52+00:00
M1_Omission,3,PARSE_0077.nii.gz,GT_star,lcc,0.9070168477560739,0.6640625,0.9704804251165817,0.7403607707045512,0.0,-0.06272051484897341,c1e84f2,42.0,2026-09-07T16:52:52+00:00
M1_Omission,3,PARSE_0077.nii.gz,GT_star,none,0.9091313622320608,0.6640625,0.9734324151923915,0.7418453876121248,67.0,-0.0598798997272876,c1e84f2,42.0,2026-09-07T16:52:52+00:00
M1_Omission,3,PARSE_0083.nii.gz,GT_minus_drift_neg,lcc,0.891386742217199,1.2269605245916635,0.9448253685725143,0.44304706100163377,51.0,-0.3087138263665595,c1e84f2,42.0,2026-09-07T16:52:52+00:00
M1_Omission,3,PARSE_0083.nii.gz,GT_minus_drift_neg,none,0.9011404471361335,1.2269605245916635,0.956163524249587,0.44748321008332714,57.0,-0.304959807073955,c1e84f2,42.0,2026-09-07T16:52:52+00:00
M1_Omission,3,PARSE_0083.nii.gz,GT_minus_drift_pos,lcc,0.8967440161153106,1.421875,0.937200844744852,0.3679481050727049,10.0,-0.37175544077789063,c1e84f2,42.0,2026-09-07T16:52:52+00:00
M1_Omission,3,PARSE_0083.nii.gz,GT_minus_drift_pos,none,0.9059743653961289,1.4180494553479086,0.9505001506477855,0.371919252786984,98.0,-0.3683437680354755,c1e84f2,42.0,2026-09-07T16:52:52+00:00
M1_Omission,3,PARSE_0083.nii.gz,GT_minus_omission,lcc,0.8593316447477394,1.4180494553479086,0.9346367779118081,0.42000402090872535,33.0,-0.3018974120295706,c1e84f2,42.0,2026-09-07T16:52:52+00:00
M1_Omission,3,PARSE_0083.nii.gz,GT_minus_omission,none,0.8661717110204419,1.2269605245916635,0.9451782033579476,0.4242727448586847,75.0,-0.2981063763002089,c1e84f2,42.0,2026-09-07T16:52:52+00:00
M1_Omission,3,PARSE_0083.nii.gz,GT_star,lcc,0.9058454560176405,1.2269605245916635,0.9434010087952754,0.41675537981902516,0.0,-0.33658371005816734,c1e84f2,42.0,2026-09-07T16:52:52+00:00
M1_Omission,3,PARSE_0083.nii.gz,GT_star,none,0.9160637536191081,1.2269605245916635,0.9552222327371376,0.4213747200403773,108.0,-0.3329810377547714,c1e84f2,42.0,2026-09-07T16:52:52+00:00
M1_Omission,4,PARSE_0002.nii.gz,GT_minus_drift_neg,lcc,0.8641340041679411,0.60546875,0.9766083559852663,0.6979297714457776,106.0,-0.04291575217149905,c1e84f2,42.0,2026-09-07T16:52:52+00:00
M1_Omission,4,PARSE_0002.nii.gz,GT_minus_drift_neg,none,0.861712309510261,0.60546875,0.9761586635408299,0.6957473318359919,9.0,-0.03706546729616229,c1e84f2,42.0,2026-09-07T16:52:52+00:00
M1_Omission,4,PARSE_0002.nii.gz,GT_minus_drift_pos,lcc,0.8718940272996656,0.8562621178430849,0.9677065501653008,0.6696677661419803,31.0,-0.14788286151263516,c1e84f2,42.0,2026-09-07T16:52:52+00:00
M1_Omission,4,PARSE_0002.nii.gz,GT_minus_drift_pos,none,0.8716811610426085,0.8562621178430849,0.9693520999207577,0.6681559186445795,66.0,-0.14267419987326696,c1e84f2,42.0,2026-09-07T16:52:52+00:00
M1_Omission,4,PARSE_0002.nii.gz,GT_minus_omission,lcc,0.7722885418089875,0.8562621178430849,0.930647460490655,0.7086163809791982,11.0,-0.006260059428005447,c1e84f2,42.0,2026-09-07T16:52:52+00:00
M1_Omission,4,PARSE_0002.nii.gz,GT_minus_omission,none,0.7677575755135027,0.8562621178430849,0.9288539103911484,0.7055702917771883,86.0,-0.0001857125170236474,c1e84f2,42.0,2026-09-07T16:52:52+00:00
M1_Omission,4,PARSE_0002.nii.gz,GT_star,lcc,0.8811683940979806,0.60546875,0.9763077654299605,0.7612771733657715,0.0,-0.0842561626936872,c1e84f2,42.0,2026-09-07T16:52:52+00:00
M1_Omission,4,PARSE_0002.nii.gz,GT_star,none,0.8822862402743601,0.60546875,0.9766870281564979,0.7592647447341665,97.0,-0.07865857571716854,c1e84f2,42.0,2026-09-07T16:52:52+00:00
M1_Omission,4,PARSE_0008.nii.gz,GT_minus_drift_neg,lcc,0.8902033288663509,0.62109375,0.959563450615074,0.6596811875560542,79.0,-0.04245260358825242,c1e84f2,42.0,2026-09-07T16:52:52+00:00
M1_Omission,4,PARSE_0008.nii.gz,GT_minus_drift_neg,none,0.8898625108684737,0.62109375,0.9629724780069951,0.6607627177738712,5.0,-0.03807820231323313,c1e84f2,42.0,2026-09-07T16:52:52+00:00
M1_Omission,4,PARSE_0008.nii.gz,GT_minus_drift_pos,lcc,0.9000363247774736,0.8783592047551645,0.9569077738430943,0.6356532700425565,10.0,-0.12554483449160395,c1e84f2,42.0,2026-09-07T16:52:52+00:00
M1_Omission,4,PARSE_0008.nii.gz,GT_minus_drift_pos,none,0.9005867278950163,0.8783592047551645,0.9619336255821344,0.6369839377052205,64.0,-0.12155002670947064,c1e84f2,42.0,2026-09-07T16:52:52+00:00
M1_Omission,4,PARSE_0008.nii.gz,GT_minus_omission,lcc,0.8086641310556104,0.8783592047551645,0.9230996012227102,0.665849457693919,16.0,-0.021235911567101667,c1e84f2,42.0,2026-09-07T16:52:52+00:00
M1_Omission,4,PARSE_0008.nii.gz,GT_minus_omission,none,0.8005165668526517,0.8783592047551645,0.9234954765963026,0.6654917900030078,58.0,-0.016764585246933906,c1e84f2,42.0,2026-09-07T16:52:52+00:00
M1_Omission,4,PARSE_0008.nii.gz,GT_star,lcc,0.9119400713541033,0.62109375,0.9616236774873342,0.7139691979041873,0.0,-0.07710702272820122,c1e84f2,42.0,2026-09-07T16:52:52+00:00
M1_Omission,4,PARSE_0008.nii.gz,GT_star,none,0.9126775980583053,0.62109375,0.9644936013837949,0.7149296259877841,74.0,-0.07289093459343891,c1e84f2,42.0,2026-09-07T16:52:52+00:00
M1_Omission,4,PARSE_0011.nii.gz,GT_minus_drift_neg,lcc,0.8387145517185504,0.650390625,0.9640111196302594,0.6968016071206754,103.0,-0.07133523787881248,c1e84f2,42.0,2026-09-07T16:52:52+00:00
M1_Omission,4,PARSE_0011.nii.gz,GT_minus_drift_neg,none,0.8478758251510768,0.650390625,0.9738614114241934,0.7014046139439857,11.0,-0.06509812196665964,c1e84f2,42.0,2026-09-07T16:52:52+00:00
M1_Omission,4,PARSE_0011.nii.gz,GT_minus_drift_pos,lcc,0.843898740256495,1.0,0.9553119928499189,0.6722879475660716,25.0,-0.18145432434365835,c1e84f2,42.0,2026-09-07T16:52:52+00:00
M1_Omission,4,PARSE_0011.nii.gz,GT_minus_drift_pos,none,0.8565307230176565,0.9197912427153138,0.9676554382436735,0.6774157088794571,67.0,-0.17595679233135417,c1e84f2,42.0,2026-09-07T16:52:52+00:00
M1_Omission,4,PARSE_0011.nii.gz,GT_minus_omission,lcc,0.7307933701307847,0.9197912427153138,0.9194071265058849,0.7267001179272551,17.0,-0.024422580122603142,c1e84f2,42.0,2026-09-07T16:52:52+00:00
M1_Omission,4,PARSE_0011.nii.gz,GT_minus_omission,none,0.7372251396436337,0.9197912427153138,0.9265596149076311,0.7297096190414948,75.0,-0.017870388527483395,c1e84f2,42.0,2026-09-07T16:52:52+00:00
M1_Omission,4,PARSE_0011.nii.gz,GT_star,lcc,0.8525374269704588,0.650390625,0.9614536895335685,0.765120766518065,0.0,-0.12061651257694879,c1e84f2,42.0,2026-09-07T16:52:52+00:00
M1_Omission,4,PARSE_0011.nii.gz,GT_star,none,0.8661389740108829,0.650390625,0.9731011023257544,0.7707931206937171,92.0,-0.11471038049785197,c1e84f2,42.0,2026-09-07T16:52:52+00:00
M1_Omission,4,PARSE_0012.nii.gz,GT_minus_drift_neg,lcc,0.7411680390567478,1.7974735755728963,0.9212904891161868,0.561941138273029,60.0,0.24440551748184985,c1e84f2,42.0,2026-09-07T16:52:52+00:00
M1_Omission,4,PARSE_0012.nii.gz,GT_minus_drift_neg,none,0.7441905190141697,1.7974735755728963,0.9242612951386394,0.5642180227220106,13.0,0.2552354227980092,c1e84f2,42.0,2026-09-07T16:52:52+00:00
M1_Omission,4,PARSE_0012.nii.gz,GT_minus_drift_pos,lcc,0.7630641477900708,1.6687507315073302,0.9279443898799327,0.5838605787898861,11.0,0.12868685195364563,c1e84f2,42.0,2026-09-07T16:52:52+00:00
M1_Omission,4,PARSE_0012.nii.gz,GT_minus_drift_pos,none,0.7664303523814767,1.3756324007354308,0.9318354036681684,0.5870200373225763,62.0,0.13850967222126007,c1e84f2,42.0,2026-09-07T16:52:52+00:00
M1_Omission,4,PARSE_0012.nii.gz,GT_minus_omission,lcc,0.7081607082535526,3.8928853405172443,0.8887566533838381,0.5686227033770668,10.0,0.2423118522416944,c1e84f2,42.0,2026-09-07T16:52:52+00:00
M1_Omission,4,PARSE_0012.nii.gz,GT_minus_omission,none,0.7132654597033264,3.5949471511457927,0.8925122440525987,0.5716002956441224,63.0,0.2531235366515687,c1e84f2,42.0,2026-09-07T16:52:52+00:00
M1_Omission,4,PARSE_0012.nii.gz,GT_star,lcc,0.7660969629666827,1.6687507315073302,0.9265866563018078,0.6059000372817629,0.0,0.1957623839781099,c1e84f2,42.0,2026-09-07T16:52:52+00:00
M1_Omission,4,PARSE_0012.nii.gz,GT_star,none,0.7694057166907317,1.4936235318455626,0.9298359265497462,0.6084027278830638,73.0,0.2061689541975294,c1e84f2,42.0,2026-09-07T16:52:52+00:00
M1_Omission,4,PARSE_0015.nii.gz,GT_minus_drift_neg,lcc,0.8807743125225731,1.021990269683682,0.9623747897404127,0.7225581973324496,57.0,-0.07265040537249035,c1e84f2,42.0,2026-09-07T16:52:52+00:00
M1_Omission,4,PARSE_0015.nii.gz,GT_minus_drift_neg,none,0.8782756479292235,1.021990269683682,0.9656350850238181,0.7238134896560636,19.0,-0.06936567034343574,c1e84f2,42.0,2026-09-07T16:52:52+00:00
M1_Omission,4,PARSE_0015.nii.gz,GT_minus_drift_pos,lcc,0.898858699082563,1.021990269683682,0.9624690455892502,0.7115590197431629,10.0,-0.1561541213758078,c1e84f2,42.0,2026-09-07T16:52:52+00:00
M1_Omission,4,PARSE_0015.nii.gz,GT_minus_drift_pos,none,0.8968485194168921,1.021990269683682,0.9665870799778776,0.7132316242429148,66.0,-0.15316516216053624,c1e84f2,42.0,2026-09-07T16:52:52+00:00
M1_Omission,4,PARSE_0015.nii.gz,GT_minus_omission,lcc,0.8137441267612833,3.1429198122588273,0.9240262850642158,0.7267086788611802,23.0,-0.054325263198980914,c1e84f2,42.0,2026-09-07T16:52:52+00:00
M1_Omission,4,PARSE_0015.nii.gz,GT_minus_omission,none,0.8125581407636358,2.790880994172416,0.9281063544152744,0.7286619928400955,53.0,-0.0509756192760653,c1e84f2,42.0,2026-09-07T16:52:52+00:00
M1_Omission,4,PARSE_0015.nii.gz,GT_star,lcc,0.9045718586043585,1.0,0.9635870883379557,0.775655829616116,0.0,-0.11324389610908148,c1e84f2,42.0,2026-09-07T16:52:52+00:00
M1_Omission,4,PARSE_0015.nii.gz,GT_star,none,0.9021795675814338,1.0,0.967325688539466,0.7773374955767405,76.0,-0.11010294597166491,c1e84f2,42.0,2026-09-07T16:52:52+00:00
M1_Omission,4,PARSE_0024.nii.gz,GT_minus_drift_neg,lcc,0.7993915464382211,1.2726733951807043,0.9376745521577423,0.5703396097616474,165.0,0.07889123439951086,c1e84f2,42.0,2026-09-07T16:52:52+00:00
M1_Omission,4,PARSE_0024.nii.gz,GT_minus_drift_neg,none,0.8091260012048684,1.244686276537969,0.9456027767687775,0.5750386783441632,69.0,0.08587151089924663,c1e84f2,42.0,2026-09-07T16:52:52+00:00
M1_Omission,4,PARSE_0024.nii.gz,GT_minus_drift_pos,lcc,0.804968037071464,1.5966351890779413,0.9272624300100905,0.5908879567892685,31.0,-0.0567116667110136,c1e84f2,42.0,2026-09-07T16:52:52+00:00
M1_Omission,4,PARSE_0024.nii.gz,GT_minus_drift_pos,none,0.8184724116008574,1.2726733951807043,0.9380100285124373,0.59694720283158,65.0,-0.05060872215516428,c1e84f2,42.0,2026-09-07T16:52:52+00:00
M1_Omission,4,PARSE_0024.nii.gz,GT_minus_omission,lcc,0.7337760481603014,3.4272758329334634,0.8938296060748232,0.5724107572097981,25.0,0.13634893391341343,c1e84f2,42.0,2026-09-07T16:52:52+00:00
M1_Omission,4,PARSE_0024.nii.gz,GT_minus_omission,none,0.7437941477821608,2.9574008242052288,0.9010983639552603,0.5774289082492309,71.0,0.1437009537519196,c1e84f2,42.0,2026-09-07T16:52:52+00:00
M1_Omission,4,PARSE_0024.nii.gz,GT_star,lcc,0.8127379869388467,1.244686276537969,0.9380066169295014,0.6427889485111908,0.0,0.03112175826035453,c1e84f2,42.0,2026-09-07T16:52:52+00:00
M1_Omission,4,PARSE_0024.nii.gz,GT_star,none,0.827469606656536,1.1444862539150003,0.9475877325500437,0.6490619178859589,96.0,0.03779297288149935,c1e84f2,42.0,2026-09-07T16:52:52+00:00
M1_Omission,4,PARSE_0030.nii.gz,GT_minus_drift_neg,lcc,0.8496657624676277,0.806640625,0.9715651911515517,0.7208215753049902,183.0,0.06767668692037096,c1e84f2,42.0,2026-09-07T16:52:52+00:00
M1_Omission,4,PARSE_0030.nii.gz,GT_minus_drift_neg,none,0.8569840302069518,0.806640625,0.9770184773271404,0.7232647088604287,38.0,0.08224889916607217,c1e84f2,42.0,2026-09-07T16:52:52+00:00
M1_Omission,4,PARSE_0030.nii.gz,GT_minus_drift_pos,lcc,0.869480183640393,0.806640625,0.9669096578199812,0.7361892496441401,42.0,-0.031572752602939166,c1e84f2,42.0,2026-09-07T16:52:52+00:00
M1_Omission,4,PARSE_0030.nii.gz,GT_minus_drift_pos,none,0.8815462289913469,0.806640625,0.9758353131322951,0.7414676234513516,103.0,-0.018355148840984332,c1e84f2,42.0,2026-09-07T16:52:52+00:00
M1_Omission,4,PARSE_0030.nii.gz,GT_minus_omission,lcc,0.7534866804828539,1.0,0.9099913342776302,0.7166865618659493,17.0,0.0983847701476673,c1e84f2,42.0,2026-09-07T16:52:52+00:00
M1_Omission,4,PARSE_0030.nii.gz,GT_minus_omission,none,0.765759844555767,0.806640625,0.9154868787487455,0.7204305126896424,128.0,0.11337610244340685,c1e84f2,42.0,2026-09-07T16:52:52+00:00
M1_Omission,4,PARSE_0030.nii.gz,GT_star,lcc,0.8722226750361645,0.806640625,0.9728393778681363,0.7878106843255637,0.0,0.027691861445979262,c1e84f2,42.0,2026-09-07T16:52:52+00:00
M1_Omission,4,PARSE_0030.nii.gz,GT_star,none,0.8861360585753851,0.806640625,0.9801120636413964,0.792771863130038,145.0,0.041718339790623955,c1e84f2,42.0,2026-09-07T16:52:52+00:00
M1_Omission,4,PARSE_0035.nii.gz,GT_minus_drift_neg,lcc,0.8827505466328603,0.6015625,0.9677277845613075,0.6953474921275353,106.0,0.009269997575093043,c1e84f2,42.0,2026-09-07T16:52:52+00:00
M1_Omission,4,PARSE_0035.nii.gz,GT_minus_drift_neg,none,0.8788265937676629,0.6015625,0.9702680855304683,0.6962970755312434,2.0,0.018147265653828716,c1e84f2,42.0,2026-09-07T16:52:52+00:00
M1_Omission,4,PARSE_0035.nii.gz,GT_minus_drift_pos,lcc,0.9064541060268898,0.850737846115065,0.9663869708130991,0.6878797594563526,18.0,-0.09541842269385595,c1e84f2,42.0,2026-09-07T16:52:52+00:00
M1_Omission,4,PARSE_0035.nii.gz,GT_minus_drift_pos,none,0.903716912615513,0.850737846115065,0.9706304946687823,0.6893577213501961,90.0,-0.08746196586850112,c1e84f2,42.0,2026-09-07T16:52:52+00:00
M1_Omission,4,PARSE_0035.nii.gz,GT_minus_omission,lcc,0.8312958904190324,0.6015625,0.9391247940274475,0.7255214834078069,11.0,0.022601148350914674,c1e84f2,42.0,2026-09-07T16:52:52+00:00
M1_Omission,4,PARSE_0035.nii.gz,GT_minus_omission,none,0.8287997264355901,0.6015625,0.9411526812142906,0.7266354604070582,97.0,0.03159567365469355,c1e84f2,42.0,2026-09-07T16:52:52+00:00
M1_Omission,4,PARSE_0035.nii.gz,GT_star,lcc,0.9172865466280973,0.6015625,0.9720845419278643,0.7637424374560874,0.0,-0.03508988554523508,c1e84f2,42.0,2026-09-07T16:52:52+00:00
M1_Omission,4,PARSE_0035.nii.gz,GT_star,none,0.9147971757172076,0.6015625,0.9745067972843373,0.7647039700041721,108.0,-0.026602795095227776,c1e84f2,42.0,2026-09-07T16:52:52+00:00
M1_Omission,4,PARSE_0037.nii.gz,GT_minus_drift_neg,lcc,0.8216773404495915,1.2558836749204285,0.9322681936386558,0.6020868777043626,48.0,-0.10822431773114399,c1e84f2,42.0,2026-09-07T16:52:52+00:00
M1_Omission,4,PARSE_0037.nii.gz,GT_minus_drift_neg,none,0.8153437611148868,1.2558836749204285,0.9317065982330911,0.6016907118673309,10.0,-0.10764512033325249,c1e84f2,42.0,2026-09-07T16:52:52+00:00
M1_Omission,4,PARSE_0037.nii.gz,GT_minus_drift_pos,lcc,0.8383728110985558,1.4678172944420846,0.9319388824914494,0.5680628362236392,11.0,-0.1692541589919013,c1e84f2,42.0,2026-09-07T16:52:52+00:00
M1_Omission,4,PARSE_0037.nii.gz,GT_minus_drift_pos,none,0.8319796642440538,1.4678172944420846,0.9314333019600299,0.5677079397357773,47.0,-0.168714599729423,c1e84f2,42.0,2026-09-07T16:52:52+00:00
M1_Omission,4,PARSE_0037.nii.gz,GT_minus_omission,lcc,0.7460353025895043,2.4890147135733782,0.8916667601347436,0.5645696168930463,11.0,-0.09581804927157223,c1e84f2,42.0,2026-09-07T16:52:52+00:00
M1_Omission,4,PARSE_0037.nii.gz,GT_minus_omission,none,0.7400015102318207,2.511767349840857,0.8911175534418734,0.5641862863034885,47.0,-0.09523079415406334,c1e84f2,42.0,2026-09-07T16:52:52+00:00
M1_Omission,4,PARSE_0037.nii.gz,GT_star,lcc,0.8423882814192986,1.2558836749204285,0.9337945121148392,0.6152110711375387,0.0,-0.13530127814972612,c1e84f2,42.0,2026-09-07T16:52:52+00:00
M1_Omission,4,PARSE_0037.nii.gz,GT_star,none,0.8360188057588555,1.2558836749204285,0.93324135380589,0.6148096521609262,58.0,-0.13473966690643502,c1e84f2,42.0,2026-09-07T16:52:52+00:00
M1_Omission,4,PARSE_0039.nii.gz,GT_minus_drift_neg,lcc,0.8468278972447011,1.1590180127617733,0.9472265670204307,0.5687973391169959,186.0,0.2554314481559284,c1e84f2,42.0,2026-09-07T16:52:52+00:00
M1_Omission,4,PARSE_0039.nii.gz,GT_minus_drift_neg,none,0.8346621134685849,1.1590180127617733,0.9488822984244671,0.5690083410565339,16.0,0.263074278888153,c1e84f2,42.0,2026-09-07T16:52:52+00:00
M1_Omission,4,PARSE_0039.nii.gz,GT_minus_drift_pos,lcc,0.8819713716131906,0.8286407592029854,0.9529582412445478,0.6169599186066895,36.0,0.10019228030195129,c1e84f2,42.0,2026-09-07T16:52:52+00:00
M1_Omission,4,PARSE_0039.nii.gz,GT_minus_drift_pos,none,0.8740085084057023,0.8286407592029854,0.9567864973599907,0.6181446848040656,134.0,0.10689004415325452,c1e84f2,42.0,2026-09-07T16:52:52+00:00
M1_Omission,4,PARSE_0039.nii.gz,GT_minus_omission,lcc,0.7384961120229502,2.6203921611325662,0.8757689577078218,0.5502227052239546,10.0,0.31971946489894243,c1e84f2,42.0,2026-09-07T16:52:52+00:00
M1_Omission,4,PARSE_0039.nii.gz,GT_minus_omission,none,0.7253766799896173,2.7217068107144624,0.8749822831855619,0.5498275563394699,160.0,0.3277536689959167,c1e84f2,42.0,2026-09-07T16:52:52+00:00
M1_Omission,4,PARSE_0039.nii.gz,GT_star,lcc,0.8925736975321245,0.5859375,0.9564637662047467,0.6431787128513394,0.0,0.20544321724101608,c1e84f2,42.0,2026-09-07T16:52:52+00:00
M1_Omission,4,PARSE_0039.nii.gz,GT_star,none,0.8846280195942636,0.5859375,0.9591937713745179,0.644873753911082,170.0,0.21278172901735729,c1e84f2,42.0,2026-09-07T16:52:52+00:00
M1_Omission,4,PARSE_0042.nii.gz,GT_minus_drift_neg,lcc,0.8030959183764437,1.3201044584615265,0.9145439638773672,0.6210960375765849,99.0,-0.07800775581960592,c1e84f2,42.0,2026-09-07T16:52:52+00:00
M1_Omission,4,PARSE_0042.nii.gz,GT_minus_drift_neg,none,0.8262119035099129,1.0,0.943048622519904,0.6339646783773537,37.0,-0.05704292016476548,c1e84f2,42.0,2026-09-07T16:52:52+00:00
M1_Omission,4,PARSE_0042.nii.gz,GT_minus_drift_pos,lcc,0.8075009931901166,2.1710317607649134,0.9004259595172213,0.5881566260164104,34.0,-0.18469176023425835,c1e84f2,42.0,2026-09-07T16:52:52+00:00
M1_Omission,4,PARSE_0042.nii.gz,GT_minus_drift_pos,none,0.8354562169080757,1.21875,0.9369050807461509,0.6014375782669437,102.0,-0.16615277212170573,c1e84f2,42.0,2026-09-07T16:52:52+00:00
M1_Omission,4,PARSE_0042.nii.gz,GT_minus_omission,lcc,0.7343653584643407,2.7042085978387465,0.8819647131086777,0.6407726685446805,21.0,-0.051230070821689566,c1e84f2,42.0,2026-09-07T16:52:52+00:00
M1_Omission,4,PARSE_0042.nii.gz,GT_minus_omission,none,0.7654751859675469,1.3626039237889342,0.9131703078450845,0.6580271433300232,115.0,-0.029656347436239794,c1e84f2,42.0,2026-09-07T16:52:52+00:00
M1_Omission,4,PARSE_0042.nii.gz,GT_star,lcc,0.8135435762563489,1.3626039237889342,0.913069473617962,0.6732041569312344,0.0,-0.11655500649648559,c1e84f2,42.0,2026-09-07T16:52:52+00:00
M1_Omission,4,PARSE_0042.nii.gz,GT_star,none,0.8419105439730804,1.0,0.9435770336474998,0.6892214854468695,136.0,-0.09646668230959694,c1e84f2,42.0,2026-09-07T16:52:52+00:00
M1_Omission,4,PARSE_0044.nii.gz,GT_minus_drift_neg,lcc,0.8240353919429869,2.707096071554351,0.9166440601771833,0.6250784768134926,101.0,0.009825627813672013,c1e84f2,42.0,2026-09-07T16:52:52+00:00
M1_Omission,4,PARSE_0044.nii.gz,GT_minus_drift_neg,none,0.8575746750403057,1.2578125,0.9473026020001436,0.6449348460977554,15.0,0.032911995384068325,c1e84f2,42.0,2026-09-07T16:52:52+00:00
M1_Omission,4,PARSE_0044.nii.gz,GT_minus_drift_pos,lcc,0.8170778720194299,3.274735441514942,0.9070425052729417,0.6064490758946126,22.0,-0.09482714553332752,c1e84f2,42.0,2026-09-07T16:52:52+00:00
M1_Omission,4,PARSE_0044.nii.gz,GT_minus_drift_pos,none,0.856049115640021,1.4062771264744771,0.9427040957073467,0.6272309191159781,64.0,-0.07413332210739018,c1e84f2,42.0,2026-09-07T16:52:52+00:00
M1_Omission,4,PARSE_0044.nii.gz,GT_minus_omission,lcc,0.765164208930232,3.8010241282880757,0.8973539428870841,0.6513129521775055,18.0,0.02517760204880906,c1e84f2,42.0,2026-09-07T16:52:52+00:00
M1_Omission,4,PARSE_0044.nii.gz,GT_minus_omission,none,0.8001637280665866,2.0,0.9256716441345958,0.6707177288928666,68.0,0.04861494241130114,c1e84f2,42.0,2026-09-07T16:52:52+00:00
M1_Omission,4,PARSE_0044.nii.gz,GT_star,lcc,0.8228552205691531,2.7791891284894703,0.9157798413881922,0.6748457940757812,0.0,-0.03626334223349149,c1e84f2,42.0,2026-09-07T16:52:52+00:00
M1_Omission,4,PARSE_0044.nii.gz,GT_star,none,0.8647478795191115,1.1813225940821848,0.9487172893161938,0.698178157731349,86.0,-0.014230648559006768,c1e84f2,42.0,2026-09-07T16:52:52+00:00
M1_Omission,4,PARSE_0060.nii.gz,GT_minus_drift_neg,lcc,0.8131140959070347,1.1855002178833889,0.950594502045087,0.5812993436697422,151.0,0.12505101273707497,c1e84f2,42.0,2026-09-07T16:52:52+00:00
M1_Omission,4,PARSE_0060.nii.gz,GT_minus_drift_neg,none,0.8151992542935453,1.1855002178833889,0.9520652573564251,0.5812059116736222,77.0,0.12938978026934725,c1e84f2,42.0,2026-09-07T16:52:52+00:00
M1_Omission,4,PARSE_0060.nii.gz,GT_minus_drift_pos,lcc,0.8186174551082762,1.1855002178833889,0.943693389913159,0.5910309217738952,38.0,-0.027966447685855326,c1e84f2,42.0,2026-09-07T16:52:52+00:00
M1_Omission,4,PARSE_0060.nii.gz,GT_minus_drift_pos,none,0.8220064541573788,1.1855002178833889,0.9468155138363761,0.591098810578305,36.0,-0.02421779311880637,c1e84f2,42.0,2026-09-07T16:52:52+00:00
M1_Omission,4,PARSE_0060.nii.gz,GT_minus_omission,lcc,0.7303038233703165,1.8009125833344883,0.9056452296135521,0.5803375115482525,21.0,0.18970717835500195,c1e84f2,42.0,2026-09-07T16:52:52+00:00
M1_Omission,4,PARSE_0060.nii.gz,GT_minus_omission,none,0.7309253873701873,1.8009125833344883,0.905884716613425,0.5795913447049605,53.0,0.19429529286707187,c1e84f2,42.0,2026-09-07T16:52:52+00:00
M1_Omission,4,PARSE_0060.nii.gz,GT_star,lcc,0.8223989555125034,1.0,0.9507238245694333,0.6480905943408066,0.0,0.07208354142275857,c1e84f2,42.0,2026-09-07T16:52:52+00:00
M1_Omission,4,PARSE_0060.nii.gz,GT_star,none,0.8270007251936322,1.0,0.9529814573725516,0.6480357760174172,74.0,0.0762180395110649,c1e84f2,42.0,2026-09-07T16:52:52+00:00
M1_Omission,4,PARSE_0074.nii.gz,GT_minus_drift_neg,lcc,0.8021763463554968,1.1751256997258845,0.936694832582561,0.5842466932545262,130.0,-0.054410097729848964,c1e84f2,42.0,2026-09-07T16:52:52+00:00
M1_Omission,4,PARSE_0074.nii.gz,GT_minus_drift_neg,none,0.8053585961736581,1.1751256997258845,0.9391570019413025,0.5847045423612255,73.0,-0.05327655402714378,c1e84f2,42.0,2026-09-07T16:52:52+00:00
M1_Omission,4,PARSE_0074.nii.gz,GT_minus_drift_pos,lcc,0.7977210567676615,1.234375,0.9242693915955771,0.5485871449767896,26.0,-0.15377149499912265,c1e84f2,42.0,2026-09-07T16:52:52+00:00
M1_Omission,4,PARSE_0074.nii.gz,GT_minus_drift_pos,none,0.801410924207681,1.234375,0.9279102550200605,0.549162255322365,31.0,-0.15275706264256886,c1e84f2,42.0,2026-09-07T16:52:52+00:00
M1_Omission,4,PARSE_0074.nii.gz,GT_minus_omission,lcc,0.7288294472633811,1.234375,0.9105444584654212,0.5877089040041857,27.0,-0.007575416551449168,c1e84f2,42.0,2026-09-07T16:52:52+00:00
M1_Omission,4,PARSE_0074.nii.gz,GT_minus_omission,none,0.7307797247096944,1.234375,0.9121468470752753,0.5879722471936012,30.0,-0.006385728892690173,c1e84f2,42.0,2026-09-07T16:52:52+00:00
M1_Omission,4,PARSE_0074.nii.gz,GT_star,lcc,0.8040110701628774,1.0,0.9371012361242428,0.6202122071646181,0.0,-0.08848475541327537,c1e84f2,42.0,2026-09-07T16:52:52+00:00
M1_Omission,4,PARSE_0074.nii.gz,GT_star,none,0.8080902536529144,1.0,0.9398894873050291,0.6207456109673358,57.0,-0.08739205934816249,c1e84f2,42.0,2026-09-07T16:52:52+00:00
M1_Omission,4,PARSE_0080.nii.gz,GT_minus_drift_neg,lcc,0.8332378724259449,1.2606253122869284,0.9456182048040455,0.616,180.0,0.08485768825627343,c1e84f2,42.0,2026-09-07T16:52:52+00:00
M1_Omission,4,PARSE_0080.nii.gz,GT_minus_drift_neg,none,0.855295237914365,1.085519394555911,0.9608621470106898,0.626991588445678,108.0,0.10403755768130511,c1e84f2,42.0,2026-09-07T16:52:52+00:00
M1_Omission,4,PARSE_0080.nii.gz,GT_minus_drift_pos,lcc,0.8574712600575453,1.2606253122869284,0.9442960737402399,0.6469704556835253,51.0,-0.0406413723969662,c1e84f2,42.0,2026-09-07T16:52:52+00:00
M1_Omission,4,PARSE_0080.nii.gz,GT_minus_drift_pos,none,0.8826673258468378,1.085519394555911,0.9623765179782516,0.6596486100137469,21.0,-0.023680278413497003,c1e84f2,42.0,2026-09-07T16:52:52+00:00
M1_Omission,4,PARSE_0080.nii.gz,GT_minus_omission,lcc,0.7800910649507475,3.575405369964406,0.892988457972312,0.6163314895929917,9.0,0.12886067356965208,c1e84f2,42.0,2026-09-07T16:52:52+00:00
M1_Omission,4,PARSE_0080.nii.gz,GT_minus_omission,none,0.7848302812838853,3.1451171329197196,0.897467857236377,0.619990049490691,63.0,0.1488184989623266,c1e84f2,42.0,2026-09-07T16:52:52+00:00
M1_Omission,4,PARSE_0080.nii.gz,GT_star,lcc,0.8684539774660007,1.085519394555911,0.9477045244510075,0.6884421864838566,0.0,0.026101513189836542,c1e84f2,42.0,2026-09-07T16:52:52+00:00
M1_Omission,4,PARSE_0080.nii.gz,GT_star,none,0.8953079357823839,1.0,0.9650086143007016,0.7020895694774633,72.0,0.044242595889302475,c1e84f2,42.0,2026-09-07T16:52:52+00:00
M1_Omission,4,PARSE_0084.nii.gz,GT_minus_drift_neg,lcc,0.8672310372608798,1.28125,0.9332939475751355,0.5894793818856316,50.0,-0.1951106716361147,c1e84f2,42.0,2026-09-07T16:52:52+00:00
M1_Omission,4,PARSE_0084.nii.gz,GT_minus_drift_neg,none,0.8692596944272724,1.1876027916037415,0.939799155891569,0.5906008624443783,37.0,-0.18754088385182932,c1e84f2,42.0,2026-09-07T16:52:52+00:00
M1_Omission,4,PARSE_0084.nii.gz,GT_minus_drift_pos,lcc,0.8729459779411904,1.4324810480858028,0.9287006932090056,0.5284461076007607,13.0,-0.2830121690110307,c1e84f2,42.0,2026-09-07T16:52:52+00:00
M1_Omission,4,PARSE_0084.nii.gz,GT_minus_drift_pos,none,0.8760786589626797,1.3493705129615068,0.9368235168749715,0.5298055991109623,74.0,-0.27626907336639833,c1e84f2,42.0,2026-09-07T16:52:52+00:00
M1_Omission,4,PARSE_0084.nii.gz,GT_minus_omission,lcc,0.822297095931466,1.746997983148521,0.9130878786843813,0.5979097646777554,15.0,-0.17898895478569057,c1e84f2,42.0,2026-09-07T16:52:52+00:00
M1_Omission,4,PARSE_0084.nii.gz,GT_minus_omission,none,0.8201224999134463,1.6253004529932304,0.9177040462036143,0.597991294480294,72.0,-0.17126754618724416,c1e84f2,42.0,2026-09-07T16:52:52+00:00
M1_Omission,4,PARSE_0084.nii.gz,GT_star,lcc,0.8857472040773138,1.28125,0.9336599042846324,0.6138223303630416,0.0,-0.22703353406438004,c1e84f2,42.0,2026-09-07T16:52:52+00:00
M1_Omission,4,PARSE_0084.nii.gz,GT_star,none,0.8887129121658175,1.1876027916037415,0.9406529803018675,0.6149974418009722,87.0,-0.2197639730137999,c1e84f2,42.0,2026-09-07T16:52:52+00:00
M1_Omission,4,PARSE_0085.nii.gz,GT_minus_drift_neg,lcc,0.8929844372218246,0.775390625,0.9799345768374165,0.7420448218262806,103.0,0.01443752910792159,c1e84f2,42.0,2026-09-07T16:52:52+00:00
M1_Omission,4,PARSE_0085.nii.gz,GT_minus_drift_neg,none,0.8919437955247224,0.775390625,0.9815240968881226,0.7424636391445814,39.0,0.015538337778906812,c1e84f2,42.0,2026-09-07T16:52:52+00:00
M1_Omission,4,PARSE_0085.nii.gz,GT_minus_drift_pos,lcc,0.9074932971939569,0.775390625,0.977699469637045,0.7305911796361373,34.0,-0.08768411633677503,c1e84f2,42.0,2026-09-07T16:52:52+00:00
M1_Omission,4,PARSE_0085.nii.gz,GT_minus_drift_pos,none,0.9069112052069541,0.775390625,0.9797266662348598,0.7310318025778871,30.0,-0.08669412414248272,c1e84f2,42.0,2026-09-07T16:52:52+00:00
M1_Omission,4,PARSE_0085.nii.gz,GT_minus_omission,lcc,0.7983296755409122,0.775390625,0.9294819025821813,0.74599383524982,19.0,0.05831167779503677,c1e84f2,42.0,2026-09-07T16:52:52+00:00
M1_Omission,4,PARSE_0085.nii.gz,GT_minus_omission,none,0.7965053758770873,0.775390625,0.9309199246332137,0.7462860471890475,45.0,0.05946009614322838,c1e84f2,42.0,2026-09-07T16:52:52+00:00
M1_Omission,4,PARSE_0085.nii.gz,GT_star,lcc,0.9164410384208208,0.775390625,0.9820973178452513,0.8097399889240614,0.0,-0.024777410328160773,c1e84f2,42.0,2026-09-07T16:52:52+00:00
M1_Omission,4,PARSE_0085.nii.gz,GT_star,none,0.9161906102815355,0.775390625,0.9837862572480347,0.8101680792793285,64.0,-0.023719155431187994,c1e84f2,42.0,2026-09-07T16:52:52+00:00
M2_Drift_mu0,0,PARSE_0003.nii.gz,GT_minus_drift_neg,lcc,0.8889609682237106,0.9280776503073436,0.9620667810690745,0.6301861979375492,85.0,0.1330180720055907,c1e84f2,42.0,2026-09-07T16:52:52+00:00
M2_Drift_mu0,0,PARSE_0003.nii.gz,GT_minus_drift_neg,none,0.8880042743042242,0.9280776503073436,0.9638201798201799,0.6314885114885115,37.0,0.13605240193646737,c1e84f2,42.0,2026-09-07T16:52:52+00:00
M2_Drift_mu0,0,PARSE_0003.nii.gz,GT_minus_drift_pos,lcc,0.9044382373063503,0.9280776503073436,0.9628296555435952,0.6465659012079895,17.0,0.022665324504696476,c1e84f2,42.0,2026-09-07T16:52:52+00:00
M2_Drift_mu0,0,PARSE_0003.nii.gz,GT_minus_drift_pos,none,0.9052689466706982,0.9280776503073436,0.9655240508215657,0.6480569320764559,31.0,0.02540411930425461,c1e84f2,42.0,2026-09-07T16:52:52+00:00
M2_Drift_mu0,0,PARSE_0003.nii.gz,GT_minus_omission,lcc,0.8453763400660455,0.9280776503073436,0.9354314396606783,0.6553313790675205,10.0,0.13352291251584858,c1e84f2,42.0,2026-09-07T16:52:52+00:00
M2_Drift_mu0,0,PARSE_0003.nii.gz,GT_minus_omission,none,0.8468762006783127,0.9280776503073436,0.9373985066710188,0.6568525847647803,38.0,0.1365585944575258,c1e84f2,42.0,2026-09-07T16:52:52+00:00
M2_Drift_mu0,0,PARSE_0003.nii.gz,GT_star,lcc,0.9148450458824284,0.65625,0.9654598108793366,0.6970660041304015,0.0,0.08635001753246979,c1e84f2,42.0,2026-09-07T16:52:52+00:00
M2_Drift_mu0,0,PARSE_0003.nii.gz,GT_star,none,0.9160177920109032,0.65625,0.9673735152469153,0.698479409731309,48.0,0.08925936598423119,c1e84f2,42.0,2026-09-07T16:52:52+00:00
M2_Drift_mu0,0,PARSE_0005.nii.gz,GT_minus_drift_neg,lcc,0.8610882619690332,4.535063723754676,0.9307329917384184,0.6374766625228787,108.0,0.16492731333992458,c1e84f2,42.0,2026-09-07T16:52:52+00:00
M2_Drift_mu0,0,PARSE_0005.nii.gz,GT_minus_drift_neg,none,0.8783609674783303,3.1522759828527565,0.9449749824537571,0.6476216350834295,42.0,0.18006622620486182,c1e84f2,42.0,2026-09-07T16:52:52+00:00
M2_Drift_mu0,0,PARSE_0005.nii.gz,GT_minus_drift_pos,lcc,0.8723010713859269,4.389443235088307,0.9312855307464291,0.6421187871052256,20.0,0.009126460845489109,c1e84f2,42.0,2026-09-07T16:52:52+00:00
M2_Drift_mu0,0,PARSE_0005.nii.gz,GT_minus_drift_pos,none,0.8937549119208725,2.7664855652637157,0.9484237953381849,0.653542000315324,46.0,0.022240650362294213,c1e84f2,42.0,2026-09-07T16:52:52+00:00
M2_Drift_mu0,0,PARSE_0005.nii.gz,GT_minus_omission,lcc,0.7989419952982467,7.114335494707148,0.8940946191562089,0.6554784713216116,12.0,0.2091074938374833,c1e84f2,42.0,2026-09-07T16:52:52+00:00
M2_Drift_mu0,0,PARSE_0005.nii.gz,GT_minus_omission,none,0.7982710013325842,6.963817270474757,0.8974313855109407,0.6572913743823389,54.0,0.2248205540292543,c1e84f2,42.0,2026-09-07T16:52:52+00:00
M2_Drift_mu0,0,PARSE_0005.nii.gz,GT_star,lcc,0.8828221061774507,4.518518279955174,0.9327610682870524,0.7065217872005448,0.0,0.09140319837679682,c1e84f2,42.0,2026-09-07T16:52:52+00:00
M2_Drift_mu0,0,PARSE_0005.nii.gz,GT_star,none,0.9052542841802748,2.882166679015112,0.9490756309861247,0.7183917333065464,66.0,0.10558662229649923,c1e84f2,42.0,2026-09-07T16:52:52+00:00
M2_Drift_mu0,0,PARSE_0007.nii.gz,GT_minus_drift_neg,lcc,0.816296381552997,0.961223280675463,0.9361759316916267,0.6416811887663906,73.0,-0.08118267961247527,c1e84f2,42.0,2026-09-07T16:52:52+00:00
M2_Drift_mu0,0,PARSE_0007.nii.gz,GT_minus_drift_neg,none,0.8244239107932365,0.961223280675463,0.9464579242449821,0.6460500946271336,16.0,-0.07448205556597796,c1e84f2,42.0,2026-09-07T16:52:52+00:00
M2_Drift_mu0,0,PARSE_0007.nii.gz,GT_minus_drift_pos,lcc,0.8263979143300928,1.2091216223590784,0.9275259443752595,0.6003237858032379,14.0,-0.16890734509222588,c1e84f2,42.0,2026-09-07T16:52:52+00:00
M2_Drift_mu0,0,PARSE_0007.nii.gz,GT_minus_drift_pos,none,0.8361275412846185,1.0,0.939902212372977,0.6051381754822446,43.0,-0.16284646736955347,c1e84f2,42.0,2026-09-07T16:52:52+00:00
M2_Drift_mu0,0,PARSE_0007.nii.gz,GT_minus_omission,lcc,0.7822017743370381,0.961223280675463,0.9242579183019181,0.6746448510308993,11.0,-0.08046661069605478,c1e84f2,42.0,2026-09-07T16:52:52+00:00
M2_Drift_mu0,0,PARSE_0007.nii.gz,GT_minus_omission,none,0.7953558067255446,0.6796875,0.9358065061220389,0.6793293844165452,46.0,-0.07376076460106769,c1e84f2,42.0,2026-09-07T16:52:52+00:00
M2_Drift_mu0,0,PARSE_0007.nii.gz,GT_star,lcc,0.8357615944054695,0.6796875,0.9375781754025622,0.6848801639653637,0.0,-0.11780259517805314,c1e84f2,42.0,2026-09-07T16:52:52+00:00
M2_Drift_mu0,0,PARSE_0007.nii.gz,GT_star,none,0.8465730383964356,0.6796875,0.9488647246260731,0.6892880151834375,57.0,-0.11136902779382676,c1e84f2,42.0,2026-09-07T16:52:52+00:00
M2_Drift_mu0,0,PARSE_0014.nii.gz,GT_minus_drift_neg,lcc,0.767826518813971,1.0,0.9439456943148736,0.5929839530075804,72.0,0.24136886143259306,c1e84f2,42.0,2026-09-07T16:52:52+00:00
M2_Drift_mu0,0,PARSE_0014.nii.gz,GT_minus_drift_neg,none,0.7596783763260678,1.0,0.9419497749900902,0.5916384918506774,3.0,0.24686718016890835,c1e84f2,42.0,2026-09-07T16:52:52+00:00
M2_Drift_mu0,0,PARSE_0014.nii.gz,GT_minus_drift_pos,lcc,0.7996117134395685,0.8728349330271447,0.9510732865518715,0.6432142652623418,17.0,0.11882758195385389,c1e84f2,42.0,2026-09-07T16:52:52+00:00
M2_Drift_mu0,0,PARSE_0014.nii.gz,GT_minus_drift_pos,none,0.791075969591364,0.8728349330271447,0.94971442598088,0.6419476016604058,58.0,0.12378313613898458,c1e84f2,42.0,2026-09-07T16:52:52+00:00
M2_Drift_mu0,0,PARSE_0014.nii.gz,GT_minus_omission,lcc,0.704566155484948,1.7456698660542893,0.8935801882446501,0.592509977160425,8.0,0.2642492720440009,c1e84f2,42.0,2026-09-07T16:52:52+00:00
M2_Drift_mu0,0,PARSE_0014.nii.gz,GT_minus_omission,none,0.6969031497332555,2.0,0.8916057778099303,0.5911500156743592,67.0,0.26984893357557055,c1e84f2,42.0,2026-09-07T16:52:52+00:00
M2_Drift_mu0,0,PARSE_0014.nii.gz,GT_star,lcc,0.8036007765104949,0.8728349330271447,0.9510852781068362,0.6485026434784212,0.0,0.1953390089746667,c1e84f2,42.0,2026-09-07T16:52:52+00:00
M2_Drift_mu0,0,PARSE_0014.nii.gz,GT_star,none,0.7951645900406248,0.8728349330271447,0.949026243505615,0.6469484988971583,75.0,0.20063345051697282,c1e84f2,42.0,2026-09-07T16:52:52+00:00
M2_Drift_mu0,0,PARSE_0021.nii.gz,GT_minus_drift_neg,lcc,0.8386466548368695,1.0,0.9551208807153091,0.5694421773642624,78.0,-0.14985427461139897,c1e84f2,42.0,2026-09-07T16:52:52+00:00
M2_Drift_mu0,0,PARSE_0021.nii.gz,GT_minus_drift_neg,none,0.8437540187880855,1.0,0.9632181633369015,0.5718680567424372,15.0,-0.1427194760153769,c1e84f2,42.0,2026-09-07T16:52:52+00:00
M2_Drift_mu0,0,PARSE_0021.nii.gz,GT_minus_drift_pos,lcc,0.8369776242977381,1.1813225940821848,0.9451389922674404,0.5131970328093094,16.0,-0.23689602145395558,c1e84f2,42.0,2026-09-07T16:52:52+00:00
M2_Drift_mu0,0,PARSE_0021.nii.gz,GT_minus_drift_pos,none,0.8441079860576144,1.1813225940821848,0.9552816744352015,0.5158734583732911,47.0,-0.23049171566007481,c1e84f2,42.0,2026-09-07T16:52:52+00:00
M2_Drift_mu0,0,PARSE_0021.nii.gz,GT_minus_omission,lcc,0.8208696198501682,1.0,0.9476488437923487,0.5780513479056759,10.0,-0.15153608169499388,c1e84f2,42.0,2026-09-07T16:52:52+00:00
M2_Drift_mu0,0,PARSE_0021.nii.gz,GT_minus_omission,none,0.8251811950418884,0.8894077482112043,0.9536818192951089,0.5803534252614563,53.0,-0.14441539756718647,c1e84f2,42.0,2026-09-07T16:52:52+00:00
M2_Drift_mu0,0,PARSE_0021.nii.gz,GT_star,lcc,0.8444792466381527,1.0,0.9551564327701852,0.5797177843256289,0.0,-0.18478867878223285,c1e84f2,42.0,2026-09-07T16:52:52+00:00
M2_Drift_mu0,0,PARSE_0021.nii.gz,GT_star,none,0.8519210402196159,0.8894077482112043,0.9632164996915121,0.5830772394746893,63.0,-0.17794706514308037,c1e84f2,42.0,2026-09-07T16:52:52+00:00
M2_Drift_mu0,0,PARSE_0027.nii.gz,GT_minus_drift_neg,lcc,0.8323089586475748,1.57649978195368,0.9276672309346621,0.5068404186229731,98.0,-0.2109453446902808,c1e84f2,42.0,2026-09-07T16:52:52+00:00
M2_Drift_mu0,0,PARSE_0027.nii.gz,GT_minus_drift_neg,none,0.8419370887073905,1.3201044584615265,0.9369579985352029,0.5097016271985224,10.0,-0.2084869810602126,c1e84f2,42.0,2026-09-07T16:52:52+00:00
M2_Drift_mu0,0,PARSE_0027.nii.gz,GT_minus_drift_pos,lcc,0.8303738342721009,2.0,0.9170620830312934,0.43010652283422,19.0,-0.2916704710359605,c1e84f2,42.0,2026-09-07T16:52:52+00:00
M2_Drift_mu0,0,PARSE_0027.nii.gz,GT_minus_drift_pos,none,0.840940521237776,1.690174385418558,0.9282243421197723,0.4331778941461586,69.0,-0.2894636130694169,c1e84f2,42.0,2026-09-07T16:52:52+00:00
M2_Drift_mu0,0,PARSE_0027.nii.gz,GT_minus_omission,lcc,0.7922318883539063,1.9270129491651062,0.9148157215660783,0.49545389310528226,32.0,-0.1888685461571146,c1e84f2,42.0,2026-09-07T16:52:52+00:00
M2_Drift_mu0,0,PARSE_0027.nii.gz,GT_minus_omission,none,0.7958161109004177,1.690174385418558,0.9219147533625998,0.4976731791469726,56.0,-0.18634140047472966,c1e84f2,42.0,2026-09-07T16:52:52+00:00
M2_Drift_mu0,0,PARSE_0027.nii.gz,GT_star,lcc,0.8425826354836675,1.57649978195368,0.9244065220538059,0.4900122004177092,0.0,-0.24773362162519033,c1e84f2,42.0,2026-09-07T16:52:52+00:00
M2_Drift_mu0,0,PARSE_0027.nii.gz,GT_star,none,0.854556656368202,1.3201044584615265,0.9349626811818313,0.49333003443227974,88.0,-0.24538987484887373,c1e84f2,42.0,2026-09-07T16:52:52+00:00
M2_Drift_mu0,0,PARSE_0036.nii.gz,GT_minus_drift_neg,lcc,0.8647472587807228,0.71875,0.9737218985652024,0.747288206016779,116.0,-0.047882937650647384,c1e84f2,42.0,2026-09-07T16:52:52+00:00
M2_Drift_mu0,0,PARSE_0036.nii.gz,GT_minus_drift_neg,none,0.8745218250301646,0.71875,0.981564408002393,0.7515791881477311,35.0,-0.043104882575030395,c1e84f2,42.0,2026-09-07T16:52:52+00:00
M2_Drift_mu0,0,PARSE_0036.nii.gz,GT_minus_drift_pos,lcc,0.8754143768810437,0.71875,0.9692017392731151,0.71748297645418,28.0,-0.14350899545622006,c1e84f2,42.0,2026-09-07T16:52:52+00:00
M2_Drift_mu0,0,PARSE_0036.nii.gz,GT_minus_drift_pos,none,0.8865508316712357,0.71875,0.9788261910012332,0.7213632911082253,53.0,-0.13921082524867984,c1e84f2,42.0,2026-09-07T16:52:52+00:00
M2_Drift_mu0,0,PARSE_0036.nii.gz,GT_minus_omission,lcc,0.8053697387259403,0.71875,0.9430380912901294,0.764257749527889,21.0,-0.02492081176136488,c1e84f2,42.0,2026-09-07T16:52:52+00:00
M2_Drift_mu0,0,PARSE_0036.nii.gz,GT_minus_omission,none,0.8157467342270587,0.71875,0.9499239257955712,0.7685694383340665,60.0,-0.020027524739498002,c1e84f2,42.0,2026-09-07T16:52:52+00:00
M2_Drift_mu0,0,PARSE_0036.nii.gz,GT_star,lcc,0.885158536878346,0.71875,0.9752156240705859,0.8011086159111384,0.0,-0.0892318616428685,c1e84f2,42.0,2026-09-07T16:52:52+00:00
M2_Drift_mu0,0,PARSE_0036.nii.gz,GT_star,none,0.897219076766864,0.71875,0.9830930205620788,0.8055461413390876,81.0,-0.08466130987116757,c1e84f2,42.0,2026-09-07T16:52:52+00:00
M2_Drift_mu0,0,PARSE_0040.nii.gz,GT_minus_drift_neg,lcc,0.7559095877117844,1.3605530994151331,0.9299770793040514,0.6015807108139766,307.0,0.05771906306428218,c1e84f2,42.0,2026-09-07T16:52:52+00:00
M2_Drift_mu0,0,PARSE_0040.nii.gz,GT_minus_drift_neg,none,0.7585799055670879,1.3605530994151331,0.9335025853635813,0.6027157963385662,209.0,0.060387443809652684,c1e84f2,42.0,2026-09-07T16:52:52+00:00
M2_Drift_mu0,0,PARSE_0040.nii.gz,GT_minus_drift_pos,lcc,0.7770193316463457,1.6438398561466534,0.9207362083381436,0.6149389699940176,71.0,-0.09261348589339419,c1e84f2,42.0,2026-09-07T16:52:52+00:00
M2_Drift_mu0,0,PARSE_0040.nii.gz,GT_minus_drift_pos,none,0.7813388710944089,1.4586849696971285,0.9264505679398479,0.6164538492149375,27.0,-0.09032435942550544,c1e84f2,42.0,2026-09-07T16:52:52+00:00
M2_Drift_mu0,0,PARSE_0040.nii.gz,GT_minus_omission,lcc,0.7191830164346656,2.2924928967481284,0.8935201541673358,0.6206038220651999,4.0,0.07352183765966214,c1e84f2,42.0,2026-09-07T16:52:52+00:00
M2_Drift_mu0,0,PARSE_0040.nii.gz,GT_minus_omission,none,0.7192200929134291,2.202522357736267,0.8952789424574809,0.6206454661588796,94.0,0.07623008515313831,c1e84f2,42.0,2026-09-07T16:52:52+00:00
M2_Drift_mu0,0,PARSE_0040.nii.gz,GT_star,lcc,0.7844221967841066,1.1939649777795254,0.9356321666114906,0.674496644295302,0.0,-0.0023572770458651924,c1e84f2,42.0,2026-09-07T16:52:52+00:00
M2_Drift_mu0,0,PARSE_0040.nii.gz,GT_star,none,0.7900982500651124,1.1939649777795254,0.9397778920385668,0.6760744163004275,98.0,0.0001595449777235325,c1e84f2,42.0,2026-09-07T16:52:52+00:00
M2_Drift_mu0,0,PARSE_0043.nii.gz,GT_minus_drift_neg,lcc,0.8410516968241231,1.3568133190724876,0.9405951970584856,0.6906195034426679,87.0,-0.06419596839326899,c1e84f2,42.0,2026-09-07T16:52:52+00:00
M2_Drift_mu0,0,PARSE_0043.nii.gz,GT_minus_drift_neg,none,0.8556655419501423,1.191835219905105,0.9500998090987544,0.6972253942241478,6.0,-0.05082388989267367,c1e84f2,42.0,2026-09-07T16:52:52+00:00
M2_Drift_mu0,0,PARSE_0043.nii.gz,GT_minus_drift_pos,lcc,0.8529757993716285,1.6376461051231428,0.9359556433832535,0.6703303882020545,17.0,-0.16849959124487207,c1e84f2,42.0,2026-09-07T16:52:52+00:00
M2_Drift_mu0,0,PARSE_0043.nii.gz,GT_minus_drift_pos,none,0.8704459936293343,1.296875,0.9484327888940842,0.6780848422308573,64.0,-0.15661794897404313,c1e84f2,42.0,2026-09-07T16:52:52+00:00
M2_Drift_mu0,0,PARSE_0043.nii.gz,GT_minus_omission,lcc,0.7647547446810283,3.965796144849102,0.8947948810615959,0.6999898066034677,12.0,-0.04093831732635882,c1e84f2,42.0,2026-09-07T16:52:52+00:00
M2_Drift_mu0,0,PARSE_0043.nii.gz,GT_minus_omission,none,0.7835840887764588,3.2421875,0.9046286063949294,0.7082553222580439,69.0,-0.027233900937378666,c1e84f2,42.0,2026-09-07T16:52:52+00:00
M2_Drift_mu0,0,PARSE_0043.nii.gz,GT_star,lcc,0.8631175064620372,1.3568133190724876,0.9409471232640386,0.7552229793841111,0.0,-0.10702992166023105,c1e84f2,42.0,2026-09-07T16:52:52+00:00
M2_Drift_mu0,0,PARSE_0043.nii.gz,GT_star,none,0.8816341657219078,1.191835219905105,0.9516636881967492,0.7632712109607693,81.0,-0.09426991466844639,c1e84f2,42.0,2026-09-07T16:52:52+00:00
M2_Drift_mu0,0,PARSE_0046.nii.gz,GT_minus_drift_neg,lcc,0.8277993268115084,2.0,0.9269815207794421,0.6842733003918896,74.0,0.023510901993380136,c1e84f2,42.0,2026-09-07T16:52:52+00:00
M2_Drift_mu0,0,PARSE_0046.nii.gz,GT_minus_drift_neg,none,0.8281950686235118,1.84765625,0.9310689157218791,0.6844102375026884,11.0,0.03146661125376635,c1e84f2,42.0,2026-09-07T16:52:52+00:00
M2_Drift_mu0,0,PARSE_0046.nii.gz,GT_minus_drift_pos,lcc,0.8462051950271288,2.065742487026173,0.9250338821765334,0.6623172525159319,17.0,-0.075500915020412,c1e84f2,42.0,2026-09-07T16:52:52+00:00
M2_Drift_mu0,0,PARSE_0046.nii.gz,GT_minus_drift_pos,none,0.8513467605519761,1.6452710442604985,0.9317385145865823,0.6638003805817464,68.0,-0.06831482064929581,c1e84f2,42.0,2026-09-07T16:52:52+00:00
M2_Drift_mu0,0,PARSE_0046.nii.gz,GT_minus_omission,lcc,0.7265793697058328,5.47883069225492,0.871623439627549,0.664476098070071,5.0,0.06309306323181402,c1e84f2,42.0,2026-09-07T16:52:52+00:00
M2_Drift_mu0,0,PARSE_0046.nii.gz,GT_minus_omission,none,0.73413165758677,4.815591190920011,0.8778017572362731,0.6662948503439301,80.0,0.07135644304665881,c1e84f2,42.0,2026-09-07T16:52:52+00:00
M2_Drift_mu0,0,PARSE_0046.nii.gz,GT_star,lcc,0.8516449019947541,2.0,0.9274353801633535,0.7265377669983604,0.0,-0.015392303848075961,c1e84f2,42.0,2026-09-07T16:52:52+00:00
M2_Drift_mu0,0,PARSE_0046.nii.gz,GT_star,none,0.8575184452721568,1.6452710442604985,0.9333463247914496,0.7280563029807902,85.0,-0.007738987649032626,c1e84f2,42.0,2026-09-07T16:52:52+00:00
M2_Drift_mu0,0,PARSE_0055.nii.gz,GT_minus_drift_neg,lcc,0.7727417308585128,1.4412156886229113,0.9181340769222696,0.6008865688665284,155.0,0.012426649355278064,c1e84f2,42.0,2026-09-07T16:52:52+00:00
M2_Drift_mu0,0,PARSE_0055.nii.gz,GT_minus_drift_neg,none,0.773829925005426,1.353085756503676,0.9205262165352406,0.6007976364258624,82.0,0.01409732564504016,c1e84f2,42.0,2026-09-07T16:52:52+00:00
M2_Drift_mu0,0,PARSE_0055.nii.gz,GT_minus_drift_pos,lcc,0.7641691084074408,2.0,0.9025069726065994,0.5844389782163424,38.0,-0.10930535958252144,c1e84f2,42.0,2026-09-07T16:52:52+00:00
M2_Drift_mu0,0,PARSE_0055.nii.gz,GT_minus_drift_pos,none,0.7658195203905309,1.823009670246568,0.9058418983325116,0.5844869217835426,35.0,-0.10783556182669264,c1e84f2,42.0,2026-09-07T16:52:52+00:00
M2_Drift_mu0,0,PARSE_0055.nii.gz,GT_minus_omission,lcc,0.7297235762711016,1.823009670246568,0.8986043075821056,0.6325124328922284,20.0,0.05951132113800832,c1e84f2,42.0,2026-09-07T16:52:52+00:00
M2_Drift_mu0,0,PARSE_0055.nii.gz,GT_minus_omission,none,0.7304995254070383,1.754167227242834,0.9001355356637524,0.6321249311151159,53.0,0.061259695150177,c1e84f2,42.0,2026-09-07T16:52:52+00:00
M2_Drift_mu0,0,PARSE_0055.nii.gz,GT_star,lcc,0.7694532041667713,1.353085756503676,0.9177567549173076,0.6616279861158375,0.0,-0.028828454820463197,c1e84f2,42.0,2026-09-07T16:52:52+00:00
M2_Drift_mu0,0,PARSE_0055.nii.gz,GT_star,none,0.7722520982458917,1.353085756503676,0.9207330536542283,0.6616369719924589,73.0,-0.027225856474344688,c1e84f2,42.0,2026-09-07T16:52:52+00:00
M2_Drift_mu0,0,PARSE_0058.nii.gz,GT_minus_drift_neg,lcc,0.7231631233536373,1.229228045121841,0.9081114759147899,0.6078391565801172,234.0,-0.061975566763235596,c1e84f2,42.0,2026-09-07T16:52:52+00:00
M2_Drift_mu0,0,PARSE_0058.nii.gz,GT_minus_drift_neg,none,0.7369448664049791,1.0109417262276421,0.9184886221450803,0.612211894032072,155.0,-0.058572485083714695,c1e84f2,42.0,2026-09-07T16:52:52+00:00
M2_Drift_mu0,0,PARSE_0058.nii.gz,GT_minus_drift_pos,lcc,0.7219444073806397,1.8854728676303758,0.8865826773654552,0.5912224191714157,45.0,-0.15506809382372239,c1e84f2,42.0,2026-09-07T16:52:52+00:00
M2_Drift_mu0,0,PARSE_0058.nii.gz,GT_minus_drift_pos,none,0.7358271221062828,1.4296875,0.8986472589193892,0.5958326081797326,34.0,-0.15200274478965795,c1e84f2,42.0,2026-09-07T16:52:52+00:00
M2_Drift_mu0,0,PARSE_0058.nii.gz,GT_minus_omission,lcc,0.7045946767615153,1.229228045121841,0.8973106275441708,0.6428576556655586,8.0,-0.05574571579704507,c1e84f2,42.0,2026-09-07T16:52:52+00:00
M2_Drift_mu0,0,PARSE_0058.nii.gz,GT_minus_omission,none,0.7109290088004979,1.229228045121841,0.9030632485230574,0.644336510591456,71.0,-0.05232003268952508,c1e84f2,42.0,2026-09-07T16:52:52+00:00
M2_Drift_mu0,0,PARSE_0058.nii.gz,GT_star,lcc,0.7285930924718187,1.229228045121841,0.9038393348619981,0.6543855679642306,0.0,-0.10342014350252458,c1e84f2,42.0,2026-09-07T16:52:52+00:00
M2_Drift_mu0,0,PARSE_0058.nii.gz,GT_star,none,0.7441211887172157,1.0109417262276421,0.9148926152376724,0.6592072428382132,79.0,-0.1001674196120117,c1e84f2,42.0,2026-09-07T16:52:52+00:00
M2_Drift_mu0,0,PARSE_0059.nii.gz,GT_minus_drift_neg,lcc,0.631838012245936,2.3259742582410494,0.8927874360727022,0.5866734745979065,418.0,-0.05127726631832131,c1e84f2,42.0,2026-09-07T16:52:52+00:00
M2_Drift_mu0,0,PARSE_0059.nii.gz,GT_minus_drift_neg,none,0.6426138746781987,1.9545619713889861,0.9031859322896989,0.5894672864957209,251.0,-0.04856514887617152,c1e84f2,42.0,2026-09-07T16:52:52+00:00
M2_Drift_mu0,0,PARSE_0059.nii.gz,GT_minus_drift_pos,lcc,0.6228246039038787,4.006342627634337,0.8595547715595903,0.5725728094423709,109.0,-0.20377066924680587,c1e84f2,42.0,2026-09-07T16:52:52+00:00
M2_Drift_mu0,0,PARSE_0059.nii.gz,GT_minus_drift_pos,none,0.6369980000130009,3.226477374785077,0.8724384494593425,0.5756831099521761,58.0,-0.20149448530051545,c1e84f2,42.0,2026-09-07T16:52:52+00:00
M2_Drift_mu0,0,PARSE_0059.nii.gz,GT_minus_omission,lcc,0.5822411409897355,4.085511748851054,0.8574930082016152,0.602951144949071,13.0,0.01858406685633635,c1e84f2,42.0,2026-09-07T16:52:52+00:00
M2_Drift_mu0,0,PARSE_0059.nii.gz,GT_minus_omission,none,0.5941604113818334,3.488961387361574,0.8663115726338876,0.6054651657229819,154.0,0.02149589716875704,c1e84f2,42.0,2026-09-07T16:52:52+00:00
M2_Drift_mu0,0,PARSE_0059.nii.gz,GT_star,lcc,0.621152868754684,2.576941016011038,0.8887805612691769,0.6509248140265772,0.0,-0.10415353228414907,c1e84f2,42.0,2026-09-07T16:52:52+00:00
M2_Drift_mu0,0,PARSE_0059.nii.gz,GT_star,none,0.6366051942811605,2.042755874425527,0.9005198142108904,0.6543334321573278,167.0,-0.10159257243326428,c1e84f2,42.0,2026-09-07T16:52:52+00:00
M2_Drift_mu0,0,PARSE_0061.nii.gz,GT_minus_drift_neg,lcc,0.8054274455204306,1.1792476415070754,0.9476042640981247,0.5353141356046887,123.0,-0.1988491296473729,c1e84f2,42.0,2026-09-07T16:52:52+00:00
M2_Drift_mu0,0,PARSE_0061.nii.gz,GT_minus_drift_neg,none,0.8026183281935082,1.1792476415070754,0.9461768868700833,0.5342286297356901,43.0,-0.1923000238149303,c1e84f2,42.0,2026-09-07T16:52:52+00:00
M2_Drift_mu0,0,PARSE_0061.nii.gz,GT_minus_drift_pos,lcc,0.8095667454340706,1.25,0.9396844559282311,0.4688567301799457,33.0,-0.27791463563778673,c1e84f2,42.0,2026-09-07T16:52:52+00:00
M2_Drift_mu0,0,PARSE_0061.nii.gz,GT_minus_drift_pos,none,0.8076793168919513,1.25,0.9393868970262212,0.4683617460438804,47.0,-0.27201186045989234,c1e84f2,42.0,2026-09-07T16:52:52+00:00
M2_Drift_mu0,0,PARSE_0061.nii.gz,GT_minus_omission,lcc,0.7689480448648103,1.1792476415070754,0.9249000229203228,0.5179035088619547,20.0,-0.19095398692371796,c1e84f2,42.0,2026-09-07T16:52:52+00:00
M2_Drift_mu0,0,PARSE_0061.nii.gz,GT_minus_omission,none,0.7672096625981317,1.25,0.9231552473755485,0.5169006866169098,60.0,-0.18434034128089397,c1e84f2,42.0,2026-09-07T16:52:52+00:00
M2_Drift_mu0,0,PARSE_0061.nii.gz,GT_star,lcc,0.8173498408462262,1.0,0.9469840991294005,0.5348126050065157,0.0,-0.22800023482070905,c1e84f2,42.0,2026-09-07T16:52:52+00:00
M2_Drift_mu0,0,PARSE_0061.nii.gz,GT_star,none,0.8163877747396767,1.0,0.9456867772993371,0.5339397164836228,80.0,-0.2216894282649418,c1e84f2,42.0,2026-09-07T16:52:52+00:00
M2_Drift_mu0,0,PARSE_0067.nii.gz,GT_minus_drift_neg,lcc,0.8737751212023214,1.0,0.9610149193495322,0.6879394978921648,67.0,0.06535327844117773,c1e84f2,42.0,2026-09-07T16:52:52+00:00
M2_Drift_mu0,0,PARSE_0067.nii.gz,GT_minus_drift_neg,none,0.8769097842645391,1.0,0.9665201879568396,0.6912373825269753,3.0,0.07382420140535415,c1e84f2,42.0,2026-09-07T16:52:52+00:00
M2_Drift_mu0,0,PARSE_0067.nii.gz,GT_minus_drift_pos,lcc,0.8991796078028518,0.73046875,0.9613989423235829,0.703222607833416,13.0,-0.02957645820734935,c1e84f2,42.0,2026-09-07T16:52:52+00:00
M2_Drift_mu0,0,PARSE_0067.nii.gz,GT_minus_drift_pos,none,0.9030642720366597,0.73046875,0.9681413244452097,0.7077209424362806,57.0,-0.0218603482262764,c1e84f2,42.0,2026-09-07T16:52:52+00:00
M2_Drift_mu0,0,PARSE_0067.nii.gz,GT_minus_omission,lcc,0.7649687682835095,1.7704062750979646,0.8991369231987405,0.6693805688947679,11.0,0.11275710529159612,c1e84f2,42.0,2026-09-07T16:52:52+00:00
M2_Drift_mu0,0,PARSE_0067.nii.gz,GT_minus_omission,none,0.7622799575703493,1.6333777804392995,0.9023446518113567,0.6708160570325703,59.0,0.12160494938943121,c1e84f2,42.0,2026-09-07T16:52:52+00:00
M2_Drift_mu0,0,PARSE_0067.nii.gz,GT_star,lcc,0.9013789347812988,0.73046875,0.9623297758065075,0.7534131466786791,0.0,0.03178049248908224,c1e84f2,42.0,2026-09-07T16:52:52+00:00
M2_Drift_mu0,0,PARSE_0067.nii.gz,GT_star,none,0.9058174967114742,0.73046875,0.9693151108686032,0.7585294281921178,70.0,0.03998446880818978,c1e84f2,42.0,2026-09-07T16:52:52+00:00
M2_Drift_mu0,0,PARSE_0069.nii.gz,GT_minus_drift_neg,lcc,0.8744690783518627,1.0,0.9632880727359732,0.6679925828448379,78.0,-0.0992690233672858,c1e84f2,42.0,2026-09-07T16:52:52+00:00
M2_Drift_mu0,0,PARSE_0069.nii.gz,GT_minus_drift_neg,none,0.8782064268511852,0.73046875,0.9702706714830026,0.6718491761096541,13.0,-0.09217974835230677,c1e84f2,42.0,2026-09-07T16:52:52+00:00
M2_Drift_mu0,0,PARSE_0069.nii.gz,GT_minus_drift_pos,lcc,0.8897631963415057,1.0330388131397217,0.9601801902007675,0.6223421018482472,19.0,-0.18963033878424065,c1e84f2,42.0,2026-09-07T16:52:52+00:00
M2_Drift_mu0,0,PARSE_0069.nii.gz,GT_minus_drift_pos,none,0.897171894383568,1.0,0.9691133553667272,0.6277031567899984,72.0,-0.1832522597115849,c1e84f2,42.0,2026-09-07T16:52:52+00:00
M2_Drift_mu0,0,PARSE_0069.nii.gz,GT_minus_omission,lcc,0.7761578290428579,1.4377653457546975,0.9173893175200323,0.657782312057642,15.0,-0.05109249468522923,c1e84f2,42.0,2026-09-07T16:52:52+00:00
M2_Drift_mu0,0,PARSE_0069.nii.gz,GT_minus_omission,none,0.7819595865353367,1.2383798265179236,0.9243264617493542,0.6626140138134655,76.0,-0.043624042457570206,c1e84f2,42.0,2026-09-07T16:52:52+00:00
M2_Drift_mu0,0,PARSE_0069.nii.gz,GT_star,lcc,0.898479711015032,0.73046875,0.9639905808018019,0.7066641314787458,0.0,-0.13124985552807378,c1e84f2,42.0,2026-09-07T16:52:52+00:00
M2_Drift_mu0,0,PARSE_0069.nii.gz,GT_star,none,0.9057809921061266,0.73046875,0.9721182843063697,0.7118260103491507,91.0,-0.12441228820415617,c1e84f2,42.0,2026-09-07T16:52:52+00:00
M2_Drift_mu0,0,PARSE_0079.nii.gz,GT_minus_drift_neg,lcc,0.8599899293707565,0.6328125,0.9671155987823892,0.6898151310416512,113.0,-0.10409116709601363,c1e84f2,42.0,2026-09-07T16:52:52+00:00
M2_Drift_mu0,0,PARSE_0079.nii.gz,GT_minus_drift_neg,none,0.8632273439339919,0.6328125,0.9730381735289254,0.6917239505822881,24.0,-0.09803768689067559,c1e84f2,42.0,2026-09-07T16:52:52+00:00
M2_Drift_mu0,0,PARSE_0079.nii.gz,GT_minus_drift_pos,lcc,0.8648218233364956,1.0,0.9621231570954897,0.6330960795774224,23.0,-0.21475119455044447,c1e84f2,42.0,2026-09-07T16:52:52+00:00
M2_Drift_mu0,0,PARSE_0079.nii.gz,GT_minus_drift_pos,none,0.8695414365839812,1.0,0.9704460799895673,0.635216383706493,114.0,-0.2094454224389604,c1e84f2,42.0,2026-09-07T16:52:52+00:00
M2_Drift_mu0,0,PARSE_0079.nii.gz,GT_minus_omission,lcc,0.7814849162754425,1.0,0.9331733356696748,0.6957269985105824,33.0,-0.06536698367045488,c1e84f2,42.0,2026-09-07T16:52:52+00:00
M2_Drift_mu0,0,PARSE_0079.nii.gz,GT_minus_omission,none,0.7814606409868625,1.0,0.9373800645046917,0.6971793970646322,104.0,-0.0590518517554505,c1e84f2,42.0,2026-09-07T16:52:52+00:00
M2_Drift_mu0,0,PARSE_0079.nii.gz,GT_star,lcc,0.8733715488034614,0.6328125,0.9671889894623464,0.724912234218719,0.0,-0.14869266034654946,c1e84f2,42.0,2026-09-07T16:52:52+00:00
M2_Drift_mu0,0,PARSE_0079.nii.gz,GT_star,none,0.8790212866254604,0.6328125,0.9737062176017413,0.7271758742159979,137.0,-0.14294054368022854,c1e84f2,42.0,2026-09-07T16:52:52+00:00
M2_Drift_mu0,1,PARSE_0010.nii.gz,GT_minus_drift_neg,lcc,0.831293026078175,1.1609976956971373,0.9489519584688904,0.5980966136228819,122.0,0.17713373137578717,c1e84f2,42.0,2026-09-07T16:52:52+00:00
M2_Drift_mu0,1,PARSE_0010.nii.gz,GT_minus_drift_neg,none,0.8302369416029237,1.1609976956971373,0.9491201126021281,0.5970258669667435,78.0,0.18228045659945918,c1e84f2,42.0,2026-09-07T16:52:52+00:00
M2_Drift_mu0,1,PARSE_0010.nii.gz,GT_minus_drift_pos,lcc,0.8464044650344363,1.0,0.948761571008469,0.6306717467044274,31.0,0.04279967974997347,c1e84f2,42.0,2026-09-07T16:52:52+00:00
M2_Drift_mu0,1,PARSE_0010.nii.gz,GT_minus_drift_pos,none,0.8466257418608113,1.0,0.9499651902370444,0.6299147667745882,13.0,0.047359062657753685,c1e84f2,42.0,2026-09-07T16:52:52+00:00
M2_Drift_mu0,1,PARSE_0010.nii.gz,GT_minus_omission,lcc,0.7808962814751701,1.3022408758859187,0.9136841383461396,0.6293309358821491,18.0,0.18548112948917117,c1e84f2,42.0,2026-09-07T16:52:52+00:00
M2_Drift_mu0,1,PARSE_0010.nii.gz,GT_minus_omission,none,0.7814041760369693,1.3189307211033916,0.913686156970774,0.6285196791318219,26.0,0.190664351640318,c1e84f2,42.0,2026-09-07T16:52:52+00:00
M2_Drift_mu0,1,PARSE_0010.nii.gz,GT_star,lcc,0.8545799772844577,0.8341650309310052,0.9547849493156176,0.6859572762155661,0.0,0.11269006971510127,c1e84f2,42.0,2026-09-07T16:52:52+00:00
M2_Drift_mu0,1,PARSE_0010.nii.gz,GT_star,none,0.8546225838134464,0.8341650309310052,0.9548300472961422,0.6849820502592741,44.0,0.117555031014986,c1e84f2,42.0,2026-09-07T16:52:52+00:00
M2_Drift_mu0,1,PARSE_0019.nii.gz,GT_minus_drift_neg,lcc,0.8550389273019507,1.0,0.9651905020806758,0.5879320800485143,216.0,0.17213990803518414,c1e84f2,42.0,2026-09-07T16:52:52+00:00
M2_Drift_mu0,1,PARSE_0019.nii.gz,GT_minus_drift_neg,none,0.8610103618320687,1.0,0.9700102388811742,0.5916249599433084,153.0,0.17578259848934671,c1e84f2,42.0,2026-09-07T16:52:52+00:00
M2_Drift_mu0,1,PARSE_0019.nii.gz,GT_minus_drift_pos,lcc,0.8700571734714508,1.0,0.9609256820859391,0.6243909200184486,44.0,0.02565180722600414,c1e84f2,42.0,2026-09-07T16:52:52+00:00
M2_Drift_mu0,1,PARSE_0019.nii.gz,GT_minus_drift_pos,none,0.8765454014783658,1.0,0.9668471035590224,0.6277821986934209,19.0,0.028839252702320625,c1e84f2,42.0,2026-09-07T16:52:52+00:00
M2_Drift_mu0,1,PARSE_0019.nii.gz,GT_minus_omission,lcc,0.809646879977367,1.07421875,0.9313923538534151,0.6078619108623828,18.0,0.19228489481061978,c1e84f2,42.0,2026-09-07T16:52:52+00:00
M2_Drift_mu0,1,PARSE_0019.nii.gz,GT_minus_omission,none,0.8165986725851113,1.07421875,0.9361140528655675,0.6117600890231643,45.0,0.1959901903774682,c1e84f2,42.0,2026-09-07T16:52:52+00:00
M2_Drift_mu0,1,PARSE_0019.nii.gz,GT_star,lcc,0.8806363648171386,0.537109375,0.966732777863838,0.6692247721449232,0.0,0.11430364226848241,c1e84f2,42.0,2026-09-07T16:52:52+00:00
M2_Drift_mu0,1,PARSE_0019.nii.gz,GT_star,none,0.8872954349849963,0.537109375,0.971395591377163,0.6728364435354036,63.0,0.11776659341697975,c1e84f2,42.0,2026-09-07T16:52:52+00:00
M2_Drift_mu0,1,PARSE_0022.nii.gz,GT_minus_drift_neg,lcc,0.8695026837942432,1.0,0.9475362610736269,0.5659626540695102,45.0,-0.17450120847353207,c1e84f2,42.0,2026-09-07T16:52:52+00:00
M2_Drift_mu0,1,PARSE_0022.nii.gz,GT_minus_drift_neg,none,0.8872384572218428,0.792732992970856,0.961134425136728,0.5729149938642871,11.0,-0.16882375242879485,c1e84f2,42.0,2026-09-07T16:52:52+00:00
M2_Drift_mu0,1,PARSE_0022.nii.gz,GT_minus_drift_pos,lcc,0.864502654712033,1.1463912068191493,0.9374967997405657,0.5021306616145238,12.0,-0.2527930953867008,c1e84f2,42.0,2026-09-07T16:52:52+00:00
M2_Drift_mu0,1,PARSE_0022.nii.gz,GT_minus_drift_pos,none,0.8833438446068823,1.12109375,0.9533537171212515,0.5084775458070059,44.0,-0.24765410015035208,c1e84f2,42.0,2026-09-07T16:52:52+00:00
M2_Drift_mu0,1,PARSE_0022.nii.gz,GT_minus_omission,lcc,0.8377922592545072,1.0,0.9390839922233534,0.5761251875180382,23.0,-0.16583180488178645,c1e84f2,42.0,2026-09-07T16:52:52+00:00
M2_Drift_mu0,1,PARSE_0022.nii.gz,GT_minus_omission,none,0.8443793772203942,1.0,0.9470855829621118,0.5794582001920383,33.0,-0.16009472408855602,c1e84f2,42.0,2026-09-07T16:52:52+00:00
M2_Drift_mu0,1,PARSE_0022.nii.gz,GT_star,lcc,0.8757412556907318,1.0,0.9456791893700411,0.5773886339738075,0.0,-0.20751364877161055,c1e84f2,42.0,2026-09-07T16:52:52+00:00
M2_Drift_mu0,1,PARSE_0022.nii.gz,GT_star,none,0.8950900009850061,0.792732992970856,0.9599844553744653,0.5844067233471969,56.0,-0.20206323930846223,c1e84f2,42.0,2026-09-07T16:52:52+00:00
M2_Drift_mu0,1,PARSE_0023.nii.gz,GT_minus_drift_neg,lcc,0.8881102930828652,1.0,0.9638060855782448,0.5195352738382644,50.0,-0.18527102625500624,c1e84f2,42.0,2026-09-07T16:52:52+00:00
M2_Drift_mu0,1,PARSE_0023.nii.gz,GT_minus_drift_neg,none,0.8927090381387642,0.8673106612991247,0.9705747841939111,0.5220252424841043,20.0,-0.18181432900341166,c1e84f2,42.0,2026-09-07T16:52:52+00:00
M2_Drift_mu0,1,PARSE_0023.nii.gz,GT_minus_drift_pos,lcc,0.8880034463026758,1.1730788087769561,0.9595890615214863,0.45001640175349655,14.0,-0.26560321280537885,c1e84f2,42.0,2026-09-07T16:52:52+00:00
M2_Drift_mu0,1,PARSE_0023.nii.gz,GT_minus_drift_pos,none,0.8938412438295461,1.1730788087769561,0.9681227442185156,0.4523237334204702,56.0,-0.2624873455198365,c1e84f2,42.0,2026-09-07T16:52:52+00:00
M2_Drift_mu0,1,PARSE_0023.nii.gz,GT_minus_omission,lcc,0.8594409742236605,1.0,0.9581303208906352,0.5080615586116568,25.0,-0.18358208559059527,c1e84f2,42.0,2026-09-07T16:52:52+00:00
M2_Drift_mu0,1,PARSE_0023.nii.gz,GT_minus_omission,none,0.8604440551193967,0.8673106612991247,0.9624557799840238,0.509551523450873,45.0,-0.18011822257376967,c1e84f2,42.0,2026-09-07T16:52:52+00:00
M2_Drift_mu0,1,PARSE_0023.nii.gz,GT_star,lcc,0.8945158835864684,0.8673106612991247,0.9632064428524606,0.5056577858937741,0.0,-0.22030413875094743,c1e84f2,42.0,2026-09-07T16:52:52+00:00
M2_Drift_mu0,1,PARSE_0023.nii.gz,GT_star,none,0.9013027976999369,0.8673106612991247,0.9704750357520363,0.508642666169247,70.0,-0.21699607849101754,c1e84f2,42.0,2026-09-07T16:52:52+00:00
M2_Drift_mu0,1,PARSE_0026.nii.gz,GT_minus_drift_neg,lcc,0.8086521202401873,1.0330388131397217,0.9409366790470152,0.633977370275948,185.0,0.08006880074805801,c1e84f2,42.0,2026-09-07T16:52:52+00:00
M2_Drift_mu0,1,PARSE_0026.nii.gz,GT_minus_drift_neg,none,0.8145488605255693,1.0330388131397217,0.9446882967982614,0.6366942177045365,120.0,0.08834290567348813,c1e84f2,42.0,2026-09-07T16:52:52+00:00
M2_Drift_mu0,1,PARSE_0026.nii.gz,GT_minus_drift_pos,lcc,0.8264447534644875,1.0330388131397217,0.9352180718775079,0.6588400753259755,37.0,-0.0326838562955223,c1e84f2,42.0,2026-09-07T16:52:52+00:00
M2_Drift_mu0,1,PARSE_0026.nii.gz,GT_minus_drift_pos,none,0.8347018837098484,1.0330388131397217,0.9413133045518166,0.6622114455812487,28.0,-0.02527351793232736,c1e84f2,42.0,2026-09-07T16:52:52+00:00
M2_Drift_mu0,1,PARSE_0026.nii.gz,GT_minus_omission,lcc,0.7550262045182653,2.129221593617386,0.8950722523590281,0.6342252814878971,8.0,0.12758830694275275,c1e84f2,42.0,2026-09-07T16:52:52+00:00
M2_Drift_mu0,1,PARSE_0026.nii.gz,GT_minus_omission,none,0.7558439807927767,2.129221593617386,0.8952683925367941,0.6342369373562465,57.0,0.13622644551121302,c1e84f2,42.0,2026-09-07T16:52:52+00:00
M2_Drift_mu0,1,PARSE_0026.nii.gz,GT_star,lcc,0.8317695463585344,1.0,0.9416813426531101,0.6983611931892214,0.0,0.036362663549670944,c1e84f2,42.0,2026-09-07T16:52:52+00:00
M2_Drift_mu0,1,PARSE_0026.nii.gz,GT_star,none,0.8407232273797448,0.73046875,0.9465865597091467,0.7016669029293797,65.0,0.044301947985133906,c1e84f2,42.0,2026-09-07T16:52:52+00:00
M2_Drift_mu0,1,PARSE_0029.nii.gz,GT_minus_drift_neg,lcc,0.9022521737434319,0.68359375,0.9814783457354938,0.7004916735681586,98.0,-0.05019313733709075,c1e84f2,42.0,2026-09-07T16:52:52+00:00
M2_Drift_mu0,1,PARSE_0029.nii.gz,GT_minus_drift_neg,none,0.9010517319068083,0.68359375,0.9818951169631945,0.7001823999410425,46.0,-0.04743955994350975,c1e84f2,42.0,2026-09-07T16:52:52+00:00
M2_Drift_mu0,1,PARSE_0029.nii.gz,GT_minus_drift_pos,lcc,0.9133239098644053,0.966747552403483,0.97948640885983,0.6657801544119106,14.0,-0.16838405510699564,c1e84f2,42.0,2026-09-07T16:52:52+00:00
M2_Drift_mu0,1,PARSE_0029.nii.gz,GT_minus_drift_pos,none,0.9135300567464912,0.966747552403483,0.9804209966566915,0.6657313699645304,38.0,-0.1659731240472023,c1e84f2,42.0,2026-09-07T16:52:52+00:00
M2_Drift_mu0,1,PARSE_0029.nii.gz,GT_minus_omission,lcc,0.8202976171788805,0.68359375,0.9444786404952891,0.7231976238629814,32.0,-0.011639221054609386,c1e84f2,42.0,2026-09-07T16:52:52+00:00
M2_Drift_mu0,1,PARSE_0029.nii.gz,GT_minus_omission,none,0.81679043362693,0.68359375,0.943832777961819,0.7224571454553722,20.0,-0.008773872314154958,c1e84f2,42.0,2026-09-07T16:52:52+00:00
M2_Drift_mu0,1,PARSE_0029.nii.gz,GT_star,lcc,0.9227316191007527,0.68359375,0.982680929430665,0.7644503922862921,0.0,-0.09265220002772173,c1e84f2,42.0,2026-09-07T16:52:52+00:00
M2_Drift_mu0,1,PARSE_0029.nii.gz,GT_star,none,0.923337913685705,0.68359375,0.9833414506556992,0.7642008045168389,52.0,-0.0900217153593815,c1e84f2,42.0,2026-09-07T16:52:52+00:00
M2_Drift_mu0,1,PARSE_0031.nii.gz,GT_minus_drift_neg,lcc,0.8799645402211234,1.0,0.9553069617154607,0.6415744639185352,40.0,-0.13562092963005976,c1e84f2,42.0,2026-09-07T16:52:52+00:00
M2_Drift_mu0,1,PARSE_0031.nii.gz,GT_minus_drift_neg,none,0.8961696429506999,0.734375,0.9707303376226024,0.6519301710866471,19.0,-0.12517755523196084,c1e84f2,42.0,2026-09-07T16:52:52+00:00
M2_Drift_mu0,1,PARSE_0031.nii.gz,GT_minus_drift_pos,lcc,0.895332955588732,1.0385630848677416,0.951710298443184,0.6054080800491144,7.0,-0.21694372056133762,c1e84f2,42.0,2026-09-07T16:52:52+00:00
M2_Drift_mu0,1,PARSE_0031.nii.gz,GT_minus_drift_pos,none,0.9123835993772499,1.0,0.9690798302564289,0.61503935294331,52.0,-0.20748288308703322,c1e84f2,42.0,2026-09-07T16:52:52+00:00
M2_Drift_mu0,1,PARSE_0031.nii.gz,GT_minus_omission,lcc,0.773541573569398,1.46875,0.9086577101168223,0.6294404662521972,9.0,-0.10712044590454395,c1e84f2,42.0,2026-09-07T16:52:52+00:00
M2_Drift_mu0,1,PARSE_0031.nii.gz,GT_minus_omission,none,0.7965245241074931,1.2406879706940823,0.9262806224668091,0.6409850429649671,50.0,-0.0963327304270791,c1e84f2,42.0,2026-09-07T16:52:52+00:00
M2_Drift_mu0,1,PARSE_0031.nii.gz,GT_star,lcc,0.9012144775173846,0.734375,0.9551224736668468,0.6677504339053393,0.0,-0.17426424465865303,c1e84f2,42.0,2026-09-07T16:52:52+00:00
M2_Drift_mu0,1,PARSE_0031.nii.gz,GT_star,none,0.918226737652099,0.734375,0.971127789679781,0.6780642140658031,59.0,-0.16428775639958865,c1e84f2,42.0,2026-09-07T16:52:52+00:00
M2_Drift_mu0,1,PARSE_0038.nii.gz,GT_minus_drift_neg,lcc,0.8740660190669844,0.65625,0.9710367701820323,0.7124634116770875,80.0,0.06857933767296769,c1e84f2,42.0,2026-09-07T16:52:52+00:00
M2_Drift_mu0,1,PARSE_0038.nii.gz,GT_minus_drift_neg,none,0.8838463496810612,0.65625,0.9826576509232878,0.7211512586017624,21.0,0.07990149756027302,c1e84f2,42.0,2026-09-07T16:52:52+00:00
M2_Drift_mu0,1,PARSE_0038.nii.gz,GT_minus_drift_pos,lcc,0.8965335938045408,0.65625,0.9689358675976208,0.7207137315748642,24.0,-0.025947202582231786,c1e84f2,42.0,2026-09-07T16:52:52+00:00
M2_Drift_mu0,1,PARSE_0038.nii.gz,GT_minus_drift_pos,none,0.9092930262197265,0.65625,0.9846598230992344,0.7311738726266612,35.0,-0.01562660108617686,c1e84f2,42.0,2026-09-07T16:52:52+00:00
M2_Drift_mu0,1,PARSE_0038.nii.gz,GT_minus_omission,lcc,0.7919360602045838,0.65625,0.9285474642510632,0.7295322035127808,13.0,0.09338044470644055,c1e84f2,42.0,2026-09-07T16:52:52+00:00
M2_Drift_mu0,1,PARSE_0038.nii.gz,GT_minus_omission,none,0.795519272945854,0.65625,0.9347955320546917,0.7345917122206975,46.0,0.10496538536192605,c1e84f2,42.0,2026-09-07T16:52:52+00:00
M2_Drift_mu0,1,PARSE_0038.nii.gz,GT_star,lcc,0.9069656107498315,0.65625,0.9734826715708186,0.7918928238464388,0.0,0.0354987285409369,c1e84f2,42.0,2026-09-07T16:52:52+00:00
M2_Drift_mu0,1,PARSE_0038.nii.gz,GT_star,none,0.9190891213736114,0.65625,0.9859785603871228,0.8019104106458768,59.0,0.0464703819823868,c1e84f2,42.0,2026-09-07T16:52:52+00:00
M2_Drift_mu0,1,PARSE_0041.nii.gz,GT_minus_drift_neg,lcc,0.8750238339445194,1.0,0.9647936619046104,0.6985347927073722,93.0,-0.04859747833586595,c1e84f2,42.0,2026-09-07T16:52:52+00:00
M2_Drift_mu0,1,PARSE_0041.nii.gz,GT_minus_drift_neg,none,0.8768932915335563,0.7265625,0.9677739649858609,0.6995202236837924,49.0,-0.04715183375087273,c1e84f2,42.0,2026-09-07T16:52:52+00:00
M2_Drift_mu0,1,PARSE_0041.nii.gz,GT_minus_drift_pos,lcc,0.8831499345200227,1.0,0.95907185408546,0.6758402588806355,17.0,-0.1520638650663797,c1e84f2,42.0,2026-09-07T16:52:52+00:00
M2_Drift_mu0,1,PARSE_0041.nii.gz,GT_minus_drift_pos,none,0.8855658432204667,1.0,0.9629111395119945,0.6767587736694431,27.0,-0.150775436400306,c1e84f2,42.0,2026-09-07T16:52:52+00:00
M2_Drift_mu0,1,PARSE_0041.nii.gz,GT_minus_omission,lcc,0.8174960840697031,1.027514541411702,0.9357554874289526,0.7189355359058164,17.0,0.002271429313119776,c1e84f2,42.0,2026-09-07T16:52:52+00:00
M2_Drift_mu0,1,PARSE_0041.nii.gz,GT_minus_omission,none,0.8189817471554773,1.027514541411702,0.9379927982931786,0.7196647074201192,27.0,0.0037943685859162728,c1e84f2,42.0,2026-09-07T16:52:52+00:00
M2_Drift_mu0,1,PARSE_0041.nii.gz,GT_star,lcc,0.8896269905495049,0.7265625,0.964213146792406,0.7513881995284775,0.0,-0.08768081411147562,c1e84f2,42.0,2026-09-07T16:52:52+00:00
M2_Drift_mu0,1,PARSE_0041.nii.gz,GT_star,none,0.8920498494877132,0.7265625,0.9673017348203222,0.7523621437422553,44.0,-0.0862945561808594,c1e84f2,42.0,2026-09-07T16:52:52+00:00
M2_Drift_mu0,1,PARSE_0053.nii.gz,GT_minus_drift_neg,lcc,0.814373012755063,2.5439976077278454,0.9223393103982531,0.5537681654114588,103.0,-0.24477340950905394,c1e84f2,42.0,2026-09-07T16:52:52+00:00
M2_Drift_mu0,1,PARSE_0053.nii.gz,GT_minus_drift_neg,none,0.8256157709506249,1.863309911991293,0.9340271661361975,0.557289467270573,8.0,-0.24151253994383654,c1e84f2,42.0,2026-09-07T16:52:52+00:00
M2_Drift_mu0,1,PARSE_0053.nii.gz,GT_minus_drift_pos,lcc,0.8099255688798903,3.3132369463260547,0.9080652400292727,0.47557478570591577,21.0,-0.34170700518668257,c1e84f2,42.0,2026-09-07T16:52:52+00:00
M2_Drift_mu0,1,PARSE_0053.nii.gz,GT_minus_drift_pos,none,0.8215175705131705,2.4380007498460703,0.921789199639356,0.47860715600496434,74.0,-0.33886466936481074,c1e84f2,42.0,2026-09-07T16:52:52+00:00
M2_Drift_mu0,1,PARSE_0053.nii.gz,GT_minus_omission,lcc,0.7885857379349005,2.8204748048865813,0.9188863232637432,0.5724012995072827,29.0,-0.2279141711626986,c1e84f2,42.0,2026-09-07T16:52:52+00:00
M2_Drift_mu0,1,PARSE_0053.nii.gz,GT_minus_omission,none,0.7979842601908308,2.1199964069839834,0.9291389849523328,0.5756778211558832,66.0,-0.2245805078453695,c1e84f2,42.0,2026-09-07T16:52:52+00:00
M2_Drift_mu0,1,PARSE_0053.nii.gz,GT_star,lcc,0.8161746953831965,2.7252526402381485,0.9206638431990545,0.5597266583182076,0.0,-0.28232173584975107,c1e84f2,42.0,2026-09-07T16:52:52+00:00
M2_Drift_mu0,1,PARSE_0053.nii.gz,GT_star,none,0.8286914983640558,1.863309911991293,0.9331985225360016,0.5635122498597345,95.0,-0.2792229900711308,c1e84f2,42.0,2026-09-07T16:52:52+00:00
M2_Drift_mu0,1,PARSE_0064.nii.gz,GT_minus_drift_neg,lcc,0.7536498651261566,3.7523430180355315,0.8695074290859973,0.5551661413777578,317.0,-0.03471458459095833,c1e84f2,42.0,2026-09-07T16:52:52+00:00
M2_Drift_mu0,1,PARSE_0064.nii.gz,GT_minus_drift_neg,none,0.755813099404367,3.3808542975481806,0.8749222667553335,0.556767734862237,251.0,-0.03235782980095759,c1e84f2,42.0,2026-09-07T16:52:52+00:00
M2_Drift_mu0,1,PARSE_0064.nii.gz,GT_minus_drift_pos,lcc,0.740307214695285,5.058688765999545,0.8482797280745527,0.5526126488104882,91.0,-0.17090632735175984,c1e84f2,42.0,2026-09-07T16:52:52+00:00
M2_Drift_mu0,1,PARSE_0064.nii.gz,GT_minus_drift_pos,none,0.7437435008206441,4.591304621237846,0.8546464241357897,0.5544077313185676,25.0,-0.1688820861758533,c1e84f2,42.0,2026-09-07T16:52:52+00:00
M2_Drift_mu0,1,PARSE_0064.nii.gz,GT_minus_omission,lcc,0.7239924775450166,4.646539791204849,0.8533350214489991,0.5739692564346998,11.0,-0.00476172206378235,c1e84f2,42.0,2026-09-07T16:52:52+00:00
M2_Drift_mu0,1,PARSE_0064.nii.gz,GT_minus_omission,none,0.727256894381588,4.184525529405932,0.8588144801088015,0.5758005900844995,55.0,-0.002331837035710784,c1e84f2,42.0,2026-09-07T16:52:52+00:00
M2_Drift_mu0,1,PARSE_0064.nii.gz,GT_star,lcc,0.7525157563826405,4.0865872451839325,0.8677595248845206,0.600291737575105,0.0,-0.08567467435321026,c1e84f2,42.0,2026-09-07T16:52:52+00:00
M2_Drift_mu0,1,PARSE_0064.nii.gz,GT_star,none,0.7558738541431418,3.701377488516944,0.8736429809358752,0.6021767764298094,66.0,-0.08344233917395766,c1e84f2,42.0,2026-09-07T16:52:52+00:00
M2_Drift_mu0,1,PARSE_0065.nii.gz,GT_minus_drift_neg,lcc,0.7903659694792574,7.450487865884842,0.9066801197151019,0.5052811729695902,105.0,0.4503954628620274,c1e84f2,42.0,2026-09-07T16:52:52+00:00
M2_Drift_mu0,1,PARSE_0065.nii.gz,GT_minus_drift_neg,none,0.7850877442232674,7.0,0.9113565490749846,0.5088382883223642,25.0,0.46523912657212696,c1e84f2,42.0,2026-09-07T16:52:52+00:00
M2_Drift_mu0,1,PARSE_0065.nii.gz,GT_minus_drift_pos,lcc,0.8111138869837916,7.105945741016292,0.9099045796222099,0.5569563957066787,29.0,0.2901800970542,c1e84f2,42.0,2026-09-07T16:52:52+00:00
M2_Drift_mu0,1,PARSE_0065.nii.gz,GT_minus_drift_pos,none,0.8101559675515402,6.3056703389942825,0.9173349445237834,0.5623970119740744,51.0,0.3033840817442417,c1e84f2,42.0,2026-09-07T16:52:52+00:00
M2_Drift_mu0,1,PARSE_0065.nii.gz,GT_minus_omission,lcc,0.741080453883612,10.206832048740266,0.8636075654936223,0.5096562387853386,14.0,0.4891258794700746,c1e84f2,42.0,2026-09-07T16:52:52+00:00
M2_Drift_mu0,1,PARSE_0065.nii.gz,GT_minus_omission,none,0.7426529920367764,9.800517741948836,0.8697280993180626,0.5152474208777759,66.0,0.5043659187165037,c1e84f2,42.0,2026-09-07T16:52:52+00:00
M2_Drift_mu0,1,PARSE_0065.nii.gz,GT_star,lcc,0.8163083200939497,7.244396280285909,0.9124249064715831,0.570010915120358,0.0,0.38334631063069663,c1e84f2,42.0,2026-09-07T16:52:52+00:00
M2_Drift_mu0,1,PARSE_0065.nii.gz,GT_star,none,0.816560115386762,6.660243309548294,0.918616944690129,0.5748935557521032,80.0,0.397503778683644,c1e84f2,42.0,2026-09-07T16:52:52+00:00
M2_Drift_mu0,1,PARSE_0066.nii.gz,GT_minus_drift_neg,lcc,0.867140700281706,0.75,0.9662536596605106,0.6445690042148166,64.0,0.11406172843490693,c1e84f2,42.0,2026-09-07T16:52:52+00:00
M2_Drift_mu0,1,PARSE_0066.nii.gz,GT_minus_drift_neg,none,0.8599334640361195,0.75,0.9666322097200274,0.644709274463442,41.0,0.11650814449992093,c1e84f2,42.0,2026-09-07T16:52:52+00:00
M2_Drift_mu0,1,PARSE_0066.nii.gz,GT_minus_drift_pos,lcc,0.8868661173485415,0.75,0.9704187706414452,0.663090378134407,15.0,0.03262264529118067,c1e84f2,42.0,2026-09-07T16:52:52+00:00
M2_Drift_mu0,1,PARSE_0066.nii.gz,GT_minus_drift_pos,none,0.8802021889144361,0.75,0.9711791862138571,0.6633198138422145,90.0,0.03489022577084274,c1e84f2,42.0,2026-09-07T16:52:52+00:00
M2_Drift_mu0,1,PARSE_0066.nii.gz,GT_minus_omission,lcc,0.7886221883403867,1.0,0.9252992192489133,0.6446655542508704,17.0,0.12813423275028107,c1e84f2,42.0,2026-09-07T16:52:52+00:00
M2_Drift_mu0,1,PARSE_0066.nii.gz,GT_minus_omission,none,0.781000318290237,1.0,0.9252524920627749,0.6447942893051797,88.0,0.13061155123277643,c1e84f2,42.0,2026-09-07T16:52:52+00:00
M2_Drift_mu0,1,PARSE_0066.nii.gz,GT_star,lcc,0.8914525561659801,0.75,0.97045549242793,0.7049404397992204,0.0,0.07477418290173025,c1e84f2,42.0,2026-09-07T16:52:52+00:00
M2_Drift_mu0,1,PARSE_0066.nii.gz,GT_star,none,0.8849160057296291,0.75,0.9707443400878252,0.7050788757440101,105.0,0.07713432575575946,c1e84f2,42.0,2026-09-07T16:52:52+00:00
M2_Drift_mu0,1,PARSE_0072.nii.gz,GT_minus_drift_neg,lcc,0.860804121923961,1.0,0.948821098973538,0.6359061587720124,155.0,-0.08249566102407523,c1e84f2,42.0,2026-09-07T16:52:52+00:00
M2_Drift_mu0,1,PARSE_0072.nii.gz,GT_minus_drift_neg,none,0.8627155422443785,1.0,0.9531344672854521,0.6385432491211432,79.0,-0.07774521943553576,c1e84f2,42.0,2026-09-07T16:52:52+00:00
M2_Drift_mu0,1,PARSE_0072.nii.gz,GT_minus_drift_pos,lcc,0.8825924265462654,1.1751256997258845,0.9413332175555327,0.6168641220876908,28.0,-0.1798417387199307,c1e84f2,42.0,2026-09-07T16:52:52+00:00
M2_Drift_mu0,1,PARSE_0072.nii.gz,GT_minus_drift_pos,none,0.8861582666747232,1.1751256997258845,0.9471069336926321,0.619898420687402,48.0,-0.17559531311946136,c1e84f2,42.0,2026-09-07T16:52:52+00:00
M2_Drift_mu0,1,PARSE_0072.nii.gz,GT_minus_omission,lcc,0.7829423887975854,1.3800732048631514,0.9034978474298755,0.626818305380477,23.0,-0.03951284576759265,c1e84f2,42.0,2026-09-07T16:52:52+00:00
M2_Drift_mu0,1,PARSE_0072.nii.gz,GT_minus_omission,none,0.7853888273632283,1.3800732048631514,0.9074466914942095,0.6296893414415689,53.0,-0.03453985770759474,c1e84f2,42.0,2026-09-07T16:52:52+00:00
M2_Drift_mu0,1,PARSE_0072.nii.gz,GT_star,lcc,0.8935336039752743,0.8728349330271447,0.9494618759115251,0.6918021824722003,0.0,-0.11753029798670957,c1e84f2,42.0,2026-09-07T16:52:52+00:00
M2_Drift_mu0,1,PARSE_0072.nii.gz,GT_star,none,0.8987059919979868,0.8728349330271447,0.9548964231954699,0.6953021288796501,76.0,-0.11296125063185018,c1e84f2,42.0,2026-09-07T16:52:52+00:00
M2_Drift_mu0,1,PARSE_0073.nii.gz,GT_minus_drift_neg,lcc,0.8744699143927687,0.65234375,0.9724805047262941,0.6275768505343966,73.0,0.01018953502599313,c1e84f2,42.0,2026-09-07T16:52:52+00:00
M2_Drift_mu0,1,PARSE_0073.nii.gz,GT_minus_drift_neg,none,0.8753149731938287,0.65234375,0.9753182065684122,0.629601341894366,31.0,0.015038171631492236,c1e84f2,42.0,2026-09-07T16:52:52+00:00
M2_Drift_mu0,1,PARSE_0073.nii.gz,GT_minus_drift_pos,lcc,0.8882995163715279,0.65234375,0.9713862320751836,0.6160306509155018,16.0,-0.0697662231492011,c1e84f2,42.0,2026-09-07T16:52:52+00:00
M2_Drift_mu0,1,PARSE_0073.nii.gz,GT_minus_drift_pos,none,0.8901202859632187,0.65234375,0.9751174940131538,0.618429134374504,26.0,-0.06530135256232215,c1e84f2,42.0,2026-09-07T16:52:52+00:00
M2_Drift_mu0,1,PARSE_0073.nii.gz,GT_minus_omission,lcc,0.7864415317243127,0.65234375,0.9348744250635834,0.6336787107614287,18.0,0.024074490731926825,c1e84f2,42.0,2026-09-07T16:52:52+00:00
M2_Drift_mu0,1,PARSE_0073.nii.gz,GT_minus_omission,none,0.7897648960610013,0.65234375,0.9383574437265328,0.6364076467112662,24.0,0.028989771370221015,c1e84f2,42.0,2026-09-07T16:52:52+00:00
M2_Drift_mu0,1,PARSE_0073.nii.gz,GT_star,lcc,0.8958846906705564,0.65234375,0.974680300443591,0.6729445565352978,0.0,-0.027675453611776788,c1e84f2,42.0,2026-09-07T16:52:52+00:00
M2_Drift_mu0,1,PARSE_0073.nii.gz,GT_star,none,0.8985498554261567,0.65234375,0.9783001029740483,0.6755097574189752,42.0,-0.0230085587127696,c1e84f2,42.0,2026-09-07T16:52:52+00:00
M2_Drift_mu0,1,PARSE_0078.nii.gz,GT_minus_drift_neg,lcc,0.8346924820591904,1.0054174544996222,0.9566752473844555,0.5884089459887112,171.0,0.12923911282414238,c1e84f2,42.0,2026-09-07T16:52:52+00:00
M2_Drift_mu0,1,PARSE_0078.nii.gz,GT_minus_drift_neg,none,0.8394684351309841,1.0054174544996222,0.9604468693984087,0.5897591119217586,111.0,0.13066316480630336,c1e84f2,42.0,2026-09-07T16:52:52+00:00
M2_Drift_mu0,1,PARSE_0078.nii.gz,GT_minus_drift_pos,lcc,0.845875550023174,1.0054174544996222,0.9500643967565803,0.6144357574328368,37.0,-6.418218680036697e-05,c1e84f2,42.0,2026-09-07T16:52:52+00:00
M2_Drift_mu0,1,PARSE_0078.nii.gz,GT_minus_drift_pos,none,0.851280221216795,1.0054174544996222,0.9547956473372009,0.615866274835217,23.0,0.001196809012689196,c1e84f2,42.0,2026-09-07T16:52:52+00:00
M2_Drift_mu0,1,PARSE_0078.nii.gz,GT_minus_omission,lcc,0.7150406422768922,3.6926688482256638,0.8731851504616066,0.5276160961148656,23.0,0.23712101042089972,c1e84f2,42.0,2026-09-07T16:52:52+00:00
M2_Drift_mu0,1,PARSE_0078.nii.gz,GT_minus_omission,none,0.7184815217823255,3.4766239460862027,0.8753884494528118,0.528533969010727,37.0,0.2386811092582991,c1e84f2,42.0,2026-09-07T16:52:52+00:00
M2_Drift_mu0,1,PARSE_0078.nii.gz,GT_star,lcc,0.8551671965474169,1.0,0.9600064660895938,0.6400966834348791,0.0,0.08184038755320279,c1e84f2,42.0,2026-09-07T16:52:52+00:00
M2_Drift_mu0,1,PARSE_0078.nii.gz,GT_star,none,0.8605713391553513,1.0,0.9633981802876022,0.6416196747273699,60.0,0.08320466632355464,c1e84f2,42.0,2026-09-07T16:52:52+00:00
M2_Drift_mu0,1,PARSE_0082.nii.gz,GT_minus_drift_neg,lcc,0.8641191855134616,0.74609375,0.954152269939634,0.6649163453290471,52.0,-0.07232042087676735,c1e84f2,42.0,2026-09-07T16:52:52+00:00
M2_Drift_mu0,1,PARSE_0082.nii.gz,GT_minus_drift_neg,none,0.8646353430243494,0.74609375,0.9580373585898447,0.6670732582334792,26.0,-0.06809328724069186,c1e84f2,42.0,2026-09-07T16:52:52+00:00
M2_Drift_mu0,1,PARSE_0082.nii.gz,GT_minus_drift_pos,lcc,0.8725553947360185,1.0,0.9494030871028292,0.6351032370391911,18.0,-0.13818316913423964,c1e84f2,42.0,2026-09-07T16:52:52+00:00
M2_Drift_mu0,1,PARSE_0082.nii.gz,GT_minus_drift_pos,none,0.8737246484045428,1.0,0.9544421359522405,0.6377048995555422,60.0,-0.13425615058616325,c1e84f2,42.0,2026-09-07T16:52:52+00:00
M2_Drift_mu0,1,PARSE_0082.nii.gz,GT_minus_omission,lcc,0.8110889735974125,0.74609375,0.9355240802524241,0.6866049867740648,13.0,-0.06479346839313871,c1e84f2,42.0,2026-09-07T16:52:52+00:00
M2_Drift_mu0,1,PARSE_0082.nii.gz,GT_minus_omission,none,0.8118513621897018,0.74609375,0.9393997652073252,0.6893005714379211,65.0,-0.06053203688661666,c1e84f2,42.0,2026-09-07T16:52:52+00:00
M2_Drift_mu0,1,PARSE_0082.nii.gz,GT_star,lcc,0.8753246041614279,0.74609375,0.9549332775833981,0.705581173352057,0.0,-0.09585469789356985,c1e84f2,42.0,2026-09-07T16:52:52+00:00
M2_Drift_mu0,1,PARSE_0082.nii.gz,GT_star,none,0.8766056271959569,0.74609375,0.9591253074723127,0.7082200540602037,78.0,-0.09173480229120473,c1e84f2,42.0,2026-09-07T16:52:52+00:00
M2_Drift_mu0,2,PARSE_0009.nii.gz,GT_minus_drift_neg,lcc,0.8423437041053498,1.2881981003336114,0.9239496705011371,0.5863419816410206,68.0,0.015280803576009002,c1e84f2,42.0,2026-09-07T16:52:52+00:00
M2_Drift_mu0,2,PARSE_0009.nii.gz,GT_minus_drift_neg,none,0.8285231820739837,1.6241358880378514,0.9173804345616781,0.580906115977967,21.0,0.034303146792159865,c1e84f2,42.0,2026-09-07T16:52:52+00:00
M2_Drift_mu0,2,PARSE_0009.nii.gz,GT_minus_drift_pos,lcc,0.8563006438805421,1.5227963394381567,0.922087669748907,0.5963709521414478,7.0,-0.07871804261605209,c1e84f2,42.0,2026-09-07T16:52:52+00:00
M2_Drift_mu0,2,PARSE_0009.nii.gz,GT_minus_drift_pos,none,0.843487490070814,1.6241358880378514,0.917857400386348,0.5914995844291878,40.0,-0.061456865678126534,c1e84f2,42.0,2026-09-07T16:52:52+00:00
M2_Drift_mu0,2,PARSE_0009.nii.gz,GT_minus_omission,lcc,0.7725136412212653,2.0703751464578377,0.891369374254886,0.6061106878935385,14.0,0.023175258584737554,c1e84f2,42.0,2026-09-07T16:52:52+00:00
M2_Drift_mu0,2,PARSE_0009.nii.gz,GT_minus_omission,none,0.761258613555253,2.296875,0.8853856847958883,0.5998988920251085,33.0,0.042345512637133494,c1e84f2,42.0,2026-09-07T16:52:52+00:00
M2_Drift_mu0,2,PARSE_0009.nii.gz,GT_star,lcc,0.8684590499525936,1.2839921589549574,0.9277589368296364,0.65969461437357,0.0,-0.028904438054675054,c1e84f2,42.0,2026-09-07T16:52:52+00:00
M2_Drift_mu0,2,PARSE_0009.nii.gz,GT_star,none,0.855270894425814,1.5227963394381567,0.921683609574963,0.6528658495374328,47.0,-0.010709951357062713,c1e84f2,42.0,2026-09-07T16:52:52+00:00
M2_Drift_mu0,2,PARSE_0013.nii.gz,GT_minus_drift_neg,lcc,0.8765444617916859,1.2047472828875772,0.9485254628631462,0.5520017875553221,23.0,-0.2296383134104624,c1e84f2,42.0,2026-09-07T16:52:52+00:00
M2_Drift_mu0,2,PARSE_0013.nii.gz,GT_minus_drift_neg,none,0.8674136760531493,1.2047472828875772,0.950116519283066,0.5538770381148386,31.0,-0.22339880334652984,c1e84f2,42.0,2026-09-07T16:52:52+00:00
M2_Drift_mu0,2,PARSE_0013.nii.gz,GT_minus_drift_pos,lcc,0.8835106048831942,1.3794317783964527,0.9420506133666274,0.4718989062459598,3.0,-0.30052785412031585,c1e84f2,42.0,2026-09-07T16:52:52+00:00
M2_Drift_mu0,2,PARSE_0013.nii.gz,GT_minus_drift_pos,none,0.8761911455503892,1.3794317783964527,0.9441174205331896,0.4744719633537616,51.0,-0.2948625107243089,c1e84f2,42.0,2026-09-07T16:52:52+00:00
M2_Drift_mu0,2,PARSE_0013.nii.gz,GT_minus_omission,lcc,0.8056638265054222,1.6750116604071745,0.9210444565023796,0.5218471836207218,18.0,-0.20715345310697214,c1e84f2,42.0,2026-09-07T16:52:52+00:00
M2_Drift_mu0,2,PARSE_0013.nii.gz,GT_minus_omission,none,0.7863234326433306,1.8047382298064725,0.9161437981008264,0.5189485924665836,36.0,-0.20073182792154276,c1e84f2,42.0,2026-09-07T16:52:52+00:00
M2_Drift_mu0,2,PARSE_0013.nii.gz,GT_star,lcc,0.8912076679544182,1.2047472828875772,0.9477029804926581,0.5457410196157375,0.0,-0.2548079157487707,c1e84f2,42.0,2026-09-07T16:52:52+00:00
M2_Drift_mu0,2,PARSE_0013.nii.gz,GT_star,none,0.8846712833455694,1.2047472828875772,0.9500259361011316,0.5482545964534783,54.0,-0.24877226575450273,c1e84f2,42.0,2026-09-07T16:52:52+00:00
M2_Drift_mu0,2,PARSE_0017.nii.gz,GT_minus_drift_neg,lcc,0.760614239268123,1.1267686292870034,0.9086029305092123,0.5870705671485331,140.0,-0.07679261075786722,c1e84f2,42.0,2026-09-07T16:52:52+00:00
M2_Drift_mu0,2,PARSE_0017.nii.gz,GT_minus_drift_neg,none,0.7691861946891151,1.0078125,0.9187307829651856,0.5909733848415566,65.0,-0.06948156360592667,c1e84f2,42.0,2026-09-07T16:52:52+00:00
M2_Drift_mu0,2,PARSE_0017.nii.gz,GT_minus_drift_pos,lcc,0.7646403595247555,1.8909484687453002,0.8928416382827534,0.562461527828474,32.0,-0.16887245950997193,c1e84f2,42.0,2026-09-07T16:52:52+00:00
M2_Drift_mu0,2,PARSE_0017.nii.gz,GT_minus_drift_pos,none,0.7730599986978981,1.51171875,0.906249665338014,0.5664044344587257,43.0,-0.16229060942015933,c1e84f2,42.0,2026-09-07T16:52:52+00:00
M2_Drift_mu0,2,PARSE_0017.nii.gz,GT_minus_omission,lcc,0.7187625679647398,1.4252621058291348,0.8958901973017235,0.6227920533416518,22.0,-0.06132351898233342,c1e84f2,42.0,2026-09-07T16:52:52+00:00
M2_Drift_mu0,2,PARSE_0017.nii.gz,GT_minus_omission,none,0.7288399660362241,1.1267686292870034,0.9071091283061502,0.6273356702106087,53.0,-0.053889969280384614,c1e84f2,42.0,2026-09-07T16:52:52+00:00
M2_Drift_mu0,2,PARSE_0017.nii.gz,GT_star,lcc,0.7560528299698446,1.381885510097996,0.9033282494260656,0.636322807593488,0.0,-0.11468397789860749,c1e84f2,42.0,2026-09-07T16:52:52+00:00
M2_Drift_mu0,2,PARSE_0017.nii.gz,GT_star,none,0.7671504413273547,1.0713743681139714,0.9156917820446477,0.6408319417170775,75.0,-0.10767299937159946,c1e84f2,42.0,2026-09-07T16:52:52+00:00
M2_Drift_mu0,2,PARSE_0020.nii.gz,GT_minus_drift_neg,lcc,0.8808039223146287,0.8838834764831844,0.9698020212633587,0.6810012304544386,131.0,0.05487218263984295,c1e84f2,42.0,2026-09-07T16:52:52+00:00
M2_Drift_mu0,2,PARSE_0020.nii.gz,GT_minus_drift_neg,none,0.8853561626998685,0.8838834764831844,0.9730297892284576,0.682036860896296,37.0,0.057882573458150954,c1e84f2,42.0,2026-09-07T16:52:52+00:00
M2_Drift_mu0,2,PARSE_0020.nii.gz,GT_minus_drift_pos,lcc,0.8973518026758563,0.8838834764831844,0.9656015671209875,0.6842352971106207,29.0,-0.07330931998565436,c1e84f2,42.0,2026-09-07T16:52:52+00:00
M2_Drift_mu0,2,PARSE_0020.nii.gz,GT_minus_drift_pos,none,0.9017116867569627,0.8838834764831844,0.9699977799625765,0.6853382385588785,65.0,-0.07066473312438602,c1e84f2,42.0,2026-09-07T16:52:52+00:00
M2_Drift_mu0,2,PARSE_0020.nii.gz,GT_minus_omission,lcc,0.8323865473212801,0.8838834764831844,0.9392447692748639,0.7109916881627973,14.0,0.06958177505336247,c1e84f2,42.0,2026-09-07T16:52:52+00:00
M2_Drift_mu0,2,PARSE_0020.nii.gz,GT_minus_omission,none,0.834405415369927,0.8838834764831844,0.9410896959652532,0.7109955423476969,80.0,0.07263414405885889,c1e84f2,42.0,2026-09-07T16:52:52+00:00
M2_Drift_mu0,2,PARSE_0020.nii.gz,GT_star,lcc,0.9027022722278734,0.625,0.970526550045183,0.7581093292691151,0.0,0.002368053540948436,c1e84f2,42.0,2026-09-07T16:52:52+00:00
M2_Drift_mu0,2,PARSE_0020.nii.gz,GT_star,none,0.9084045560477317,0.625,0.9741443077129984,0.7591217806468966,94.0,0.005228608245683868,c1e84f2,42.0,2026-09-07T16:52:52+00:00
M2_Drift_mu0,2,PARSE_0025.nii.gz,GT_minus_drift_neg,lcc,0.8174091205964497,0.9225533785793237,0.9521115392525504,0.61237936694567,104.0,-0.1092822826614216,c1e84f2,42.0,2026-09-07T16:52:52+00:00
M2_Drift_mu0,2,PARSE_0025.nii.gz,GT_minus_drift_neg,none,0.8270433127307046,0.9225533785793237,0.9583673374666889,0.6148978715668718,1.0,-0.10647812826016173,c1e84f2,42.0,2026-09-07T16:52:52+00:00
M2_Drift_mu0,2,PARSE_0025.nii.gz,GT_minus_drift_pos,lcc,0.8132034237887241,1.1939649777795254,0.9421717090181138,0.5552936618126635,20.0,-0.20144763493387347,c1e84f2,42.0,2026-09-07T16:52:52+00:00
M2_Drift_mu0,2,PARSE_0025.nii.gz,GT_minus_drift_pos,none,0.824270389373706,1.1939649777795254,0.9512810149401072,0.5580525282295419,83.0,-0.19893363517216728,c1e84f2,42.0,2026-09-07T16:52:52+00:00
M2_Drift_mu0,2,PARSE_0025.nii.gz,GT_minus_omission,lcc,0.7313632782402408,1.0,0.9200248505608167,0.612465578615085,29.0,-0.06654224741557306,c1e84f2,42.0,2026-09-07T16:52:52+00:00
M2_Drift_mu0,2,PARSE_0025.nii.gz,GT_minus_omission,none,0.7339843475570592,1.0,0.9231766693995014,0.6136747703582245,74.0,-0.06360353898489211,c1e84f2,42.0,2026-09-07T16:52:52+00:00
M2_Drift_mu0,2,PARSE_0025.nii.gz,GT_star,lcc,0.8248251020857389,0.9225533785793237,0.9519224555735056,0.6343894326712914,0.0,-0.14619659548718927,c1e84f2,42.0,2026-09-07T16:52:52+00:00
M2_Drift_mu0,2,PARSE_0025.nii.gz,GT_star,none,0.8375261733947151,0.9225533785793237,0.958635035749605,0.6373091744057836,103.0,-0.14350865459641077,c1e84f2,42.0,2026-09-07T16:52:52+00:00
M2_Drift_mu0,2,PARSE_0033.nii.gz,GT_minus_drift_neg,lcc,0.8727211025304856,1.0,0.9717979674844397,0.5908517263879284,84.0,-0.19717496394423376,c1e84f2,42.0,2026-09-07T16:52:52+00:00
M2_Drift_mu0,2,PARSE_0033.nii.gz,GT_minus_drift_neg,none,0.8784383741615588,0.80078125,0.9780893884359362,0.5929427720704008,31.0,-0.1950082794722504,c1e84f2,42.0,2026-09-07T16:52:52+00:00
M2_Drift_mu0,2,PARSE_0033.nii.gz,GT_minus_drift_pos,lcc,0.8805472170310188,1.13247570424408,0.9661885432736317,0.5188240571559863,21.0,-0.27068453599492914,c1e84f2,42.0,2026-09-07T16:52:52+00:00
M2_Drift_mu0,2,PARSE_0033.nii.gz,GT_minus_drift_pos,none,0.887823512569614,1.13247570424408,0.9737780429767943,0.5213173922851342,94.0,-0.26871624101150343,c1e84f2,42.0,2026-09-07T16:52:52+00:00
M2_Drift_mu0,2,PARSE_0033.nii.gz,GT_minus_omission,lcc,0.8322370971853543,1.0,0.9553748360407628,0.5794692765613965,16.0,-0.18958039153571105,c1e84f2,42.0,2026-09-07T16:52:52+00:00
M2_Drift_mu0,2,PARSE_0033.nii.gz,GT_minus_omission,none,0.8393211105899457,1.0,0.9618837149389753,0.5818197919685698,99.0,-0.1873932106400116,c1e84f2,42.0,2026-09-07T16:52:52+00:00
M2_Drift_mu0,2,PARSE_0033.nii.gz,GT_star,lcc,0.8901972657998981,0.80078125,0.9714036411299848,0.5806451612903226,0.0,-0.23256986574161245,c1e84f2,42.0,2026-09-07T16:52:52+00:00
M2_Drift_mu0,2,PARSE_0033.nii.gz,GT_star,none,0.8985532743563643,0.80078125,0.9786236910621638,0.5831809802542808,115.0,-0.23049870592402769,c1e84f2,42.0,2026-09-07T16:52:52+00:00
M2_Drift_mu0,2,PARSE_0045.nii.gz,GT_minus_drift_neg,lcc,0.8725700410797255,2.5125174906107617,0.940643202379477,0.6765894162845458,142.0,0.16451123143337967,c1e84f2,42.0,2026-09-07T16:52:52+00:00
M2_Drift_mu0,2,PARSE_0045.nii.gz,GT_minus_drift_neg,none,0.892106020492221,1.828125,0.9548065910236244,0.686511002855703,75.0,0.1795474500621936,c1e84f2,42.0,2026-09-07T16:52:52+00:00
M2_Drift_mu0,2,PARSE_0045.nii.gz,GT_minus_drift_pos,lcc,0.8967814999153987,2.413999291243682,0.9414380044862344,0.6750750096092616,44.0,0.03547746975997745,c1e84f2,42.0,2026-09-07T16:52:52+00:00
M2_Drift_mu0,2,PARSE_0045.nii.gz,GT_minus_drift_pos,none,0.9189546880963213,1.3626039237889342,0.9586641643809248,0.6870302906784195,23.0,0.04884759896118542,c1e84f2,42.0,2026-09-07T16:52:52+00:00
M2_Drift_mu0,2,PARSE_0045.nii.gz,GT_minus_omission,lcc,0.8541429362294797,3.9131501556450656,0.9183175359945368,0.7171781041928814,10.0,0.1642840595966739,c1e84f2,42.0,2026-09-07T16:52:52+00:00
M2_Drift_mu0,2,PARSE_0045.nii.gz,GT_minus_omission,none,0.8702941249570608,2.9710928255651994,0.9309992428797986,0.7272466685153278,57.0,0.17931734497305468,c1e84f2,42.0,2026-09-07T16:52:52+00:00
M2_Drift_mu0,2,PARSE_0045.nii.gz,GT_star,lcc,0.9099393872719175,2.3420827403189666,0.9434701814907891,0.7518029338030005,0.0,0.11367718234299376,c1e84f2,42.0,2026-09-07T16:52:52+00:00
M2_Drift_mu0,2,PARSE_0045.nii.gz,GT_star,none,0.933674420896861,1.3626039237889342,0.9598755283468945,0.7646098752294236,67.0,0.1280570295644061,c1e84f2,42.0,2026-09-07T16:52:52+00:00
M2_Drift_mu0,2,PARSE_0047.nii.gz,GT_minus_drift_neg,lcc,0.879789807492936,2.242327855199832,0.9449064449064449,0.6578758245424912,75.0,-0.09051418046247392,c1e84f2,42.0,2026-09-07T16:52:52+00:00
M2_Drift_mu0,2,PARSE_0047.nii.gz,GT_minus_drift_neg,none,0.8754667021792015,2.2889725078300005,0.9441182108626198,0.6568817891373802,22.0,-0.08681927122631042,c1e84f2,42.0,2026-09-07T16:52:52+00:00
M2_Drift_mu0,2,PARSE_0047.nii.gz,GT_minus_drift_pos,lcc,0.8986227024514148,2.2950880923848307,0.9429191336888446,0.6520380879215194,16.0,-0.1730120214499392,c1e84f2,42.0,2026-09-07T16:52:52+00:00
M2_Drift_mu0,2,PARSE_0047.nii.gz,GT_minus_drift_pos,none,0.8945394332819859,2.2889725078300005,0.9429785885735978,0.6511787792826589,37.0,-0.16965227085845158,c1e84f2,42.0,2026-09-07T16:52:52+00:00
M2_Drift_mu0,2,PARSE_0047.nii.gz,GT_minus_omission,lcc,0.7488600429215319,6.792601476198432,0.8764768844427977,0.6264185638027802,21.0,-0.05124777183600713,c1e84f2,42.0,2026-09-07T16:52:52+00:00
M2_Drift_mu0,2,PARSE_0047.nii.gz,GT_minus_omission,none,0.7455014533809722,6.815371127081306,0.8765488176391033,0.6256062075654704,32.0,-0.04739333750028937,c1e84f2,42.0,2026-09-07T16:52:52+00:00
M2_Drift_mu0,2,PARSE_0047.nii.gz,GT_star,lcc,0.9075172428641269,2.242327855199832,0.9447018040946303,0.7151812243772175,0.0,-0.12590744162114462,c1e84f2,42.0,2026-09-07T16:52:52+00:00
M2_Drift_mu0,2,PARSE_0047.nii.gz,GT_star,none,0.9034757025287647,2.242327855199832,0.9446005169120126,0.7141376684021925,53.0,-0.12235632229873658,c1e84f2,42.0,2026-09-07T16:52:52+00:00
M2_Drift_mu0,2,PARSE_0049.nii.gz,GT_minus_drift_neg,lcc,0.7217447092860122,2.15625,0.9012104300433029,0.6132503359713305,209.0,-0.1667742429800651,c1e84f2,42.0,2026-09-07T16:52:52+00:00
M2_Drift_mu0,2,PARSE_0049.nii.gz,GT_minus_drift_neg,none,0.7293875267143567,1.892883465113476,0.9085504750263903,0.616497212808119,139.0,-0.15895445110540465,c1e84f2,42.0,2026-09-07T16:52:52+00:00
M2_Drift_mu0,2,PARSE_0049.nii.gz,GT_minus_drift_pos,lcc,0.7157820936900547,2.875,0.8791382514442361,0.5821175402157734,53.0,-0.2700661039357266,c1e84f2,42.0,2026-09-07T16:52:52+00:00
M2_Drift_mu0,2,PARSE_0049.nii.gz,GT_minus_drift_pos,none,0.7253723090446939,2.4831463156648663,0.8885131467982599,0.5859823150722677,17.0,-0.26321570222719415,c1e84f2,42.0,2026-09-07T16:52:52+00:00
M2_Drift_mu0,2,PARSE_0049.nii.gz,GT_minus_omission,lcc,0.6777062684705514,3.326620845542816,0.8660874936877663,0.6228789669018331,8.0,-0.13917273538470395,c1e84f2,42.0,2026-09-07T16:52:52+00:00
M2_Drift_mu0,2,PARSE_0049.nii.gz,GT_minus_omission,none,0.6898616914224034,3.0,0.8742687925777888,0.6272410322241835,62.0,-0.13109390441649157,c1e84f2,42.0,2026-09-07T16:52:52+00:00
M2_Drift_mu0,2,PARSE_0049.nii.gz,GT_star,lcc,0.7196119324814013,2.2655711200489823,0.8963726578607517,0.6544622425629291,0.0,-0.20642516286248788,c1e84f2,42.0,2026-09-07T16:52:52+00:00
M2_Drift_mu0,2,PARSE_0049.nii.gz,GT_star,none,0.7303266555466588,2.032931995911324,0.9044336215929378,0.6584281082345111,70.0,-0.1989774933550336,c1e84f2,42.0,2026-09-07T16:52:52+00:00
M2_Drift_mu0,2,PARSE_0050.nii.gz,GT_minus_drift_neg,lcc,0.8158088267158295,1.0,0.9472995692188194,0.616558758450823,100.0,-0.16832317467962188,c1e84f2,42.0,2026-09-07T16:52:52+00:00
M2_Drift_mu0,2,PARSE_0050.nii.gz,GT_minus_drift_neg,none,0.818761445762126,1.0,0.9511089777795934,0.6171109641608815,8.0,-0.16767571669055825,c1e84f2,42.0,2026-09-07T16:52:52+00:00
M2_Drift_mu0,2,PARSE_0050.nii.gz,GT_minus_drift_pos,lcc,0.8181556412099547,1.26420155292036,0.937244778109703,0.5608154762045998,30.0,-0.24838164613227284,c1e84f2,42.0,2026-09-07T16:52:52+00:00
M2_Drift_mu0,2,PARSE_0050.nii.gz,GT_minus_drift_pos,none,0.8218004902395621,1.26420155292036,0.9418327278935438,0.5613470165887341,62.0,-0.24779651343033532,c1e84f2,42.0,2026-09-07T16:52:52+00:00
M2_Drift_mu0,2,PARSE_0050.nii.gz,GT_minus_omission,lcc,0.7859369633775756,1.0,0.939359004536506,0.6381013010356928,34.0,-0.14670899441301719,c1e84f2,42.0,2026-09-07T16:52:52+00:00
M2_Drift_mu0,2,PARSE_0050.nii.gz,GT_minus_omission,none,0.7878680277991533,1.0,0.9422276628329961,0.6384705231450175,58.0,-0.14604470984749424,c1e84f2,42.0,2026-09-07T16:52:52+00:00
M2_Drift_mu0,2,PARSE_0050.nii.gz,GT_star,lcc,0.8191371921726011,1.0,0.9462667892917405,0.6288971469731297,0.0,-0.2022444977119198,c1e84f2,42.0,2026-09-07T16:52:52+00:00
M2_Drift_mu0,2,PARSE_0050.nii.gz,GT_star,none,0.8229983889598025,1.0,0.950265000946432,0.6294918158542295,92.0,-0.20162344737415558,c1e84f2,42.0,2026-09-07T16:52:52+00:00
M2_Drift_mu0,2,PARSE_0051.nii.gz,GT_minus_drift_neg,lcc,0.82138227636675,0.8949320199392242,0.955592136486043,0.6514057292245777,168.0,-0.13532364125355362,c1e84f2,42.0,2026-09-07T16:52:52+00:00
M2_Drift_mu0,2,PARSE_0051.nii.gz,GT_minus_drift_neg,none,0.8233969074592675,0.8949320199392242,0.957413351841409,0.6517101895631805,123.0,-0.1350251229644261,c1e84f2,42.0,2026-09-07T16:52:52+00:00
M2_Drift_mu0,2,PARSE_0051.nii.gz,GT_minus_drift_pos,lcc,0.8120898673899825,1.1834068024801319,0.9400355425156421,0.6010574144542845,27.0,-0.25069688390748185,c1e84f2,42.0,2026-09-07T16:52:52+00:00
M2_Drift_mu0,2,PARSE_0051.nii.gz,GT_minus_drift_pos,none,0.8142182862852322,1.1834068024801319,0.9422635408643613,0.6013765407339418,18.0,-0.25043819673280515,c1e84f2,42.0,2026-09-07T16:52:52+00:00
M2_Drift_mu0,2,PARSE_0051.nii.gz,GT_minus_omission,lcc,0.7607625382657867,1.0,0.9323641668796651,0.680608725369971,37.0,-0.09885413062503816,c1e84f2,42.0,2026-09-07T16:52:52+00:00
M2_Drift_mu0,2,PARSE_0051.nii.gz,GT_minus_omission,none,0.762531886702869,1.0,0.9337343171312911,0.6808302948522867,8.0,-0.09854302171075012,c1e84f2,42.0,2026-09-07T16:52:52+00:00
M2_Drift_mu0,2,PARSE_0051.nii.gz,GT_star,lcc,0.8163465900499016,0.8949320199392242,0.9514084912725388,0.6902314230501339,0.0,-0.1845525631715762,c1e84f2,42.0,2026-09-07T16:52:52+00:00
M2_Drift_mu0,2,PARSE_0051.nii.gz,GT_star,none,0.8188151639284906,0.8949320199392242,0.9534273111608487,0.6905511707961938,45.0,-0.18427104052873636,c1e84f2,42.0,2026-09-07T16:52:52+00:00
M2_Drift_mu0,2,PARSE_0054.nii.gz,GT_minus_drift_neg,lcc,0.8305625368285581,1.0,0.9485477275246323,0.5980072453200016,199.0,0.039212849756407146,c1e84f2,42.0,2026-09-07T16:52:52+00:00
M2_Drift_mu0,2,PARSE_0054.nii.gz,GT_minus_drift_neg,none,0.8307579740863994,1.0,0.9511935227481156,0.5988430151479421,79.0,0.04069913949190824,c1e84f2,42.0,2026-09-07T16:52:52+00:00
M2_Drift_mu0,2,PARSE_0054.nii.gz,GT_minus_drift_pos,lcc,0.8444343526911083,1.0,0.944585076382299,0.6035899012309378,44.0,-0.06256380034307484,c1e84f2,42.0,2026-09-07T16:52:52+00:00
M2_Drift_mu0,2,PARSE_0054.nii.gz,GT_minus_drift_pos,none,0.8472771020822164,1.0,0.9491410090142017,0.6049175165847437,76.0,-0.06122307230880945,c1e84f2,42.0,2026-09-07T16:52:52+00:00
M2_Drift_mu0,2,PARSE_0054.nii.gz,GT_minus_omission,lcc,0.758217247339085,1.2190895585668187,0.9020060125383421,0.5998301335712278,10.0,0.061243259857941754,c1e84f2,42.0,2026-09-07T16:52:52+00:00
M2_Drift_mu0,2,PARSE_0054.nii.gz,GT_minus_omission,none,0.7608738466466156,1.2190895585668187,0.9051876335938381,0.601049540635396,110.0,0.06276105764534046,c1e84f2,42.0,2026-09-07T16:52:52+00:00
M2_Drift_mu0,2,PARSE_0054.nii.gz,GT_star,lcc,0.8529678916786427,0.9860825034515526,0.9520973655408514,0.6583261654174013,0.0,0.003336269370524139,c1e84f2,42.0,2026-09-07T16:52:52+00:00
M2_Drift_mu0,2,PARSE_0054.nii.gz,GT_star,none,0.857105912120872,0.9860825034515526,0.9558127196385378,0.6597314134453014,120.0,0.004771248161222232,c1e84f2,42.0,2026-09-07T16:52:52+00:00
M2_Drift_mu0,2,PARSE_0063.nii.gz,GT_minus_drift_neg,lcc,0.7721253933018074,4.263000351521251,0.9020231709773437,0.4416286824770416,76.0,-0.40748403504211655,c1e84f2,42.0,2026-09-07T16:52:52+00:00
M2_Drift_mu0,2,PARSE_0063.nii.gz,GT_minus_drift_neg,none,0.7843483966599839,3.4145585666493004,0.9142231134878194,0.44592245989304813,1.0,-0.40330399106383874,c1e84f2,42.0,2026-09-07T16:52:52+00:00
M2_Drift_mu0,2,PARSE_0063.nii.gz,GT_minus_drift_pos,lcc,0.7657617975997556,4.912643251926922,0.881292415733221,0.36070185525518744,18.0,-0.47453202538230776,c1e84f2,42.0,2026-09-07T16:52:52+00:00
M2_Drift_mu0,2,PARSE_0063.nii.gz,GT_minus_drift_pos,none,0.7783210772442591,4.049276103563527,0.8951711585197506,0.3653108734998279,59.0,-0.47082498730573097,c1e84f2,42.0,2026-09-07T16:52:52+00:00
M2_Drift_mu0,2,PARSE_0063.nii.gz,GT_minus_omission,lcc,0.7509773574968004,4.336410799055374,0.899736418447552,0.4282095394425329,31.0,-0.38378893763767674,c1e84f2,42.0,2026-09-07T16:52:52+00:00
M2_Drift_mu0,2,PARSE_0063.nii.gz,GT_minus_omission,none,0.7619851098578818,3.583792250470338,0.9112867118585489,0.43330008090551336,46.0,-0.3794417309919303,c1e84f2,42.0,2026-09-07T16:52:52+00:00
M2_Drift_mu0,2,PARSE_0063.nii.gz,GT_star,lcc,0.7717918107624968,4.404161323440665,0.896598057999254,0.4132818074152412,0.0,-0.4350691758181033,c1e84f2,42.0,2026-09-07T16:52:52+00:00
M2_Drift_mu0,2,PARSE_0063.nii.gz,GT_star,none,0.7847856866889,3.6708110160596665,0.9099364210420025,0.4184598962108672,77.0,-0.4310837377380797,c1e84f2,42.0,2026-09-07T16:52:52+00:00
M2_Drift_mu0,2,PARSE_0068.nii.gz,GT_minus_drift_neg,lcc,0.8399575495605516,0.640625,0.9716978925455524,0.7050109543969624,155.0,0.025404121833060806,c1e84f2,42.0,2026-09-07T16:52:52+00:00
M2_Drift_mu0,2,PARSE_0068.nii.gz,GT_minus_drift_neg,none,0.8385537655126517,0.640625,0.9725849733405516,0.7048142796496298,109.0,0.02631508734215331,c1e84f2,42.0,2026-09-07T16:52:52+00:00
M2_Drift_mu0,2,PARSE_0068.nii.gz,GT_minus_drift_pos,lcc,0.8410867990191799,0.905980563395264,0.9640043622379428,0.6946074703324772,25.0,-0.0926769712279471,c1e84f2,42.0,2026-09-07T16:52:52+00:00
M2_Drift_mu0,2,PARSE_0068.nii.gz,GT_minus_drift_pos,none,0.8398949256676129,0.905980563395264,0.9654366565709063,0.6944640584956719,21.0,-0.09187090855741763,c1e84f2,42.0,2026-09-07T16:52:52+00:00
M2_Drift_mu0,2,PARSE_0068.nii.gz,GT_minus_omission,lcc,0.7576057701663799,0.905980563395264,0.9329443192869717,0.728794015421042,13.0,0.05975040968107904,c1e84f2,42.0,2026-09-07T16:52:52+00:00
M2_Drift_mu0,2,PARSE_0068.nii.gz,GT_minus_omission,none,0.7553796005876219,0.905980563395264,0.9330387157076563,0.7283751209353426,33.0,0.06069188831463507,c1e84f2,42.0,2026-09-07T16:52:52+00:00
M2_Drift_mu0,2,PARSE_0068.nii.gz,GT_star,lcc,0.8458773405334591,0.640625,0.972283434650456,0.7817629179331307,0.0,-0.02096191918015605,c1e84f2,42.0,2026-09-07T16:52:52+00:00
M2_Drift_mu0,2,PARSE_0068.nii.gz,GT_star,none,0.8457923128490985,0.640625,0.9732309946515133,0.7816002945653453,46.0,-0.02009214510306277,c1e84f2,42.0,2026-09-07T16:52:52+00:00
M2_Drift_mu0,2,PARSE_0071.nii.gz,GT_minus_drift_neg,lcc,0.8644648779647236,1.0,0.9501804948735076,0.6494968408834576,93.0,-0.07498099568279284,c1e84f2,42.0,2026-09-07T16:52:52+00:00
M2_Drift_mu0,2,PARSE_0071.nii.gz,GT_minus_drift_neg,none,0.8840480014002693,0.9142669709872938,0.9661944298172848,0.659405183544806,19.0,-0.06303337588388004,c1e84f2,42.0,2026-09-07T16:52:52+00:00
M2_Drift_mu0,2,PARSE_0071.nii.gz,GT_minus_drift_pos,lcc,0.8775599555620935,1.1907737178486686,0.9468716117099305,0.6236904206430995,17.0,-0.18350313814483893,c1e84f2,42.0,2026-09-07T16:52:52+00:00
M2_Drift_mu0,2,PARSE_0071.nii.gz,GT_minus_drift_pos,none,0.8985910107809425,1.0,0.9654209579208085,0.6338439676753189,57.0,-0.1729571990593478,c1e84f2,42.0,2026-09-07T16:52:52+00:00
M2_Drift_mu0,2,PARSE_0071.nii.gz,GT_minus_omission,lcc,0.7983740199993243,1.4455830088914656,0.9119877025496406,0.6516647018484701,29.0,-0.04287124157786946,c1e84f2,42.0,2026-09-07T16:52:52+00:00
M2_Drift_mu0,2,PARSE_0071.nii.gz,GT_minus_omission,none,0.8166704748504997,1.1907737178486686,0.9260744353436633,0.6611377202226288,45.0,-0.03050888961443709,c1e84f2,42.0,2026-09-07T16:52:52+00:00
M2_Drift_mu0,2,PARSE_0071.nii.gz,GT_star,lcc,0.8886198169063998,0.9142669709872938,0.9511830847681837,0.698165809668082,0.0,-0.11967526949969799,c1e84f2,42.0,2026-09-07T16:52:52+00:00
M2_Drift_mu0,2,PARSE_0071.nii.gz,GT_star,none,0.9114513074221,0.646484375,0.9682784606354149,0.7091987191879285,74.0,-0.10830492453325963,c1e84f2,42.0,2026-09-07T16:52:52+00:00
M2_Drift_mu0,2,PARSE_0076.nii.gz,GT_minus_drift_neg,lcc,0.8423299736932982,2.0,0.9309693103254455,0.6199061323140914,110.0,-0.13393249632022416,c1e84f2,42.0,2026-09-07T16:52:52+00:00
M2_Drift_mu0,2,PARSE_0076.nii.gz,GT_minus_drift_neg,none,0.8497477303694966,1.6972240447294553,0.9376750112007168,0.6228018593189965,45.0,-0.1309830035478995,c1e84f2,42.0,2026-09-07T16:52:52+00:00
M2_Drift_mu0,2,PARSE_0076.nii.gz,GT_minus_drift_pos,lcc,0.850093158671406,2.0940451342829416,0.9260075577016501,0.5899506695315073,17.0,-0.21603873365987902,c1e84f2,42.0,2026-09-07T16:52:52+00:00
M2_Drift_mu0,2,PARSE_0076.nii.gz,GT_minus_drift_pos,none,0.8587015697406354,1.9393655962751388,0.9345338866016566,0.5929740988539287,48.0,-0.21336886314859882,c1e84f2,42.0,2026-09-07T16:52:52+00:00
M2_Drift_mu0,2,PARSE_0076.nii.gz,GT_minus_omission,lcc,0.8113687376633724,2.7175402525839543,0.9113773271479365,0.638337261993176,11.0,-0.13537434419336847,c1e84f2,42.0,2026-09-07T16:52:52+00:00
M2_Drift_mu0,2,PARSE_0076.nii.gz,GT_minus_omission,none,0.8146629909346994,2.453125,0.9149166610070739,0.6398604523146543,54.0,-0.13242976180027238,c1e84f2,42.0,2026-09-07T16:52:52+00:00
M2_Drift_mu0,2,PARSE_0076.nii.gz,GT_star,lcc,0.8574905407752497,2.0,0.9320710481034873,0.6659971344937035,0.0,-0.16907337115491886,c1e84f2,42.0,2026-09-07T16:52:52+00:00
M2_Drift_mu0,2,PARSE_0076.nii.gz,GT_star,none,0.866579775248205,1.6972240447294553,0.9389759073179729,0.669615350460746,65.0,-0.1662435546848428,c1e84f2,42.0,2026-09-07T16:52:52+00:00
M2_Drift_mu0,2,PARSE_0081.nii.gz,GT_minus_drift_neg,lcc,0.7018162970679263,1.353085756503676,0.9206617778698278,0.6289347033197715,222.0,-0.11768812475830986,c1e84f2,42.0,2026-09-07T16:52:52+00:00
M2_Drift_mu0,2,PARSE_0081.nii.gz,GT_minus_drift_neg,none,0.7031983003478623,1.353085756503676,0.9220366062168904,0.6287874541020826,185.0,-0.11580935824210421,c1e84f2,42.0,2026-09-07T16:52:52+00:00
M2_Drift_mu0,2,PARSE_0081.nii.gz,GT_minus_drift_pos,lcc,0.6908672168631694,2.465178018142465,0.8925683977011711,0.5890921888207032,40.0,-0.23745371301477636,c1e84f2,42.0,2026-09-07T16:52:52+00:00
M2_Drift_mu0,2,PARSE_0081.nii.gz,GT_minus_drift_pos,none,0.6931370068689627,2.3238904705138994,0.8949484937075748,0.5891165510232249,3.0,-0.23582997148840015,c1e84f2,42.0,2026-09-07T16:52:52+00:00
M2_Drift_mu0,2,PARSE_0081.nii.gz,GT_minus_omission,lcc,0.6432056284935271,2.1012902065698973,0.8946738753567197,0.6511977017537843,16.0,-0.05476242850857897,c1e84f2,42.0,2026-09-07T16:52:52+00:00
M2_Drift_mu0,2,PARSE_0081.nii.gz,GT_minus_omission,none,0.6422556173624032,2.176875005607594,0.894459484122156,0.6504440929553473,21.0,-0.05274967003959525,c1e84f2,42.0,2026-09-07T16:52:52+00:00
M2_Drift_mu0,2,PARSE_0081.nii.gz,GT_star,lcc,0.6934461029961491,1.4412156886229113,0.9165821897770491,0.6796840450936503,0.0,-0.15831586782363427,c1e84f2,42.0,2026-09-07T16:52:52+00:00
M2_Drift_mu0,2,PARSE_0081.nii.gz,GT_star,none,0.695926690608066,1.4412156886229113,0.9184416307599325,0.6795625320444258,37.0,-0.15652361271619689,c1e84f2,42.0,2026-09-07T16:52:52+00:00
M2_Drift_mu0,3,PARSE_0001.nii.gz,GT_minus_drift_neg,lcc,0.8813662564305983,0.64453125,0.976332916474198,0.7109739106269035,97.0,0.09016772906947758,c1e84f2,42.0,2026-09-07T16:52:52+00:00
M2_Drift_mu0,3,PARSE_0001.nii.gz,GT_minus_drift_neg,none,0.8731328354010823,0.64453125,0.9745468020676981,0.7092084429754788,6.0,0.09365763327516827,c1e84f2,42.0,2026-09-07T16:52:52+00:00
M2_Drift_mu0,3,PARSE_0001.nii.gz,GT_minus_drift_pos,lcc,0.9049494477555792,0.64453125,0.9770680858950195,0.7227644181175409,21.0,-0.03345681870803427,c1e84f2,42.0,2026-09-07T16:52:52+00:00
M2_Drift_mu0,3,PARSE_0001.nii.gz,GT_minus_drift_pos,none,0.8976031093643381,0.64453125,0.975764928169785,0.7211816340545987,82.0,-0.030362668126039275,c1e84f2,42.0,2026-09-07T16:52:52+00:00
M2_Drift_mu0,3,PARSE_0001.nii.gz,GT_minus_omission,lcc,0.7604067071376589,1.353085756503676,0.9084827497960685,0.7072823531293485,17.0,0.1420015087582588,c1e84f2,42.0,2026-09-07T16:52:52+00:00
M2_Drift_mu0,3,PARSE_0001.nii.gz,GT_minus_omission,none,0.7527269637451358,1.4412156886229113,0.9065921805517922,0.7053840391450567,86.0,0.14565734607764302,c1e84f2,42.0,2026-09-07T16:52:52+00:00
M2_Drift_mu0,3,PARSE_0001.nii.gz,GT_star,lcc,0.9141413075753106,0.64453125,0.9797499540356683,0.7985217870932156,0.0,0.040456337517560156,c1e84f2,42.0,2026-09-07T16:52:52+00:00
M2_Drift_mu0,3,PARSE_0001.nii.gz,GT_star,none,0.9067404490559207,0.64453125,0.9780632628376644,0.7966132756661658,103.0,0.043787102913853265,c1e84f2,42.0,2026-09-07T16:52:52+00:00
M2_Drift_mu0,3,PARSE_0004.nii.gz,GT_minus_drift_neg,lcc,0.8442626794794934,1.0,0.946313577749949,0.6462072109363948,80.0,-0.14409395902680794,c1e84f2,42.0,2026-09-07T16:52:52+00:00
M2_Drift_mu0,3,PARSE_0004.nii.gz,GT_minus_drift_neg,none,0.8520161996189591,0.9998931827716023,0.9588683227628734,0.6538648567556102,11.0,-0.130989257925299,c1e84f2,42.0,2026-09-07T16:52:52+00:00
M2_Drift_mu0,3,PARSE_0004.nii.gz,GT_minus_drift_pos,lcc,0.8491054889137297,1.4140625,0.9403955593773853,0.58141624556759,18.0,-0.24517879549758534,c1e84f2,42.0,2026-09-07T16:52:52+00:00
M2_Drift_mu0,3,PARSE_0004.nii.gz,GT_minus_drift_pos,none,0.8572353095322814,1.2247012649934523,0.95489245900074,0.5881263278508511,51.0,-0.23362179531700722,c1e84f2,42.0,2026-09-07T16:52:52+00:00
M2_Drift_mu0,3,PARSE_0004.nii.gz,GT_minus_omission,lcc,0.8072220338363937,1.5809699372166481,0.9198850075938382,0.6466587112171838,7.0,-0.12968667417637858,c1e84f2,42.0,2026-09-07T16:52:52+00:00
M2_Drift_mu0,3,PARSE_0004.nii.gz,GT_minus_omission,none,0.8190381877195428,1.2247012649934523,0.9317888628979162,0.6550153358634385,62.0,-0.11636138442072894,c1e84f2,42.0,2026-09-07T16:52:52+00:00
M2_Drift_mu0,3,PARSE_0004.nii.gz,GT_star,lcc,0.8668679999622011,0.9998931827716023,0.9455642579435614,0.6665983680034423,0.0,-0.1819048622716027,c1e84f2,42.0,2026-09-07T16:52:52+00:00
M2_Drift_mu0,3,PARSE_0004.nii.gz,GT_star,none,0.8760761994265875,0.9998931827716023,0.9568540758202734,0.6743694290715203,69.0,-0.1693790805393714,c1e84f2,42.0,2026-09-07T16:52:52+00:00
M2_Drift_mu0,3,PARSE_0006.nii.gz,GT_minus_drift_neg,lcc,0.8092300039632075,1.0,0.950869806606829,0.6210789303229388,80.0,0.19685580302472147,c1e84f2,42.0,2026-09-07T16:52:52+00:00
M2_Drift_mu0,3,PARSE_0006.nii.gz,GT_minus_drift_neg,none,0.804598687323448,1.0,0.952936047178687,0.6228871704261226,28.0,0.2058164657155089,c1e84f2,42.0,2026-09-07T16:52:52+00:00
M2_Drift_mu0,3,PARSE_0006.nii.gz,GT_minus_drift_pos,lcc,0.8349841939939432,0.9280776503073436,0.9543616306538654,0.6444333672872283,21.0,0.06756480733195386,c1e84f2,42.0,2026-09-07T16:52:52+00:00
M2_Drift_mu0,3,PARSE_0006.nii.gz,GT_minus_drift_pos,none,0.8309030156294263,0.9280776503073436,0.9576443259055322,0.6464768132151768,31.0,0.07555748958731118,c1e84f2,42.0,2026-09-07T16:52:52+00:00
M2_Drift_mu0,3,PARSE_0006.nii.gz,GT_minus_omission,lcc,0.7291602518137065,2.39220740112558,0.8896673269634118,0.6239707138973044,13.0,0.23269311621325076,c1e84f2,42.0,2026-09-07T16:52:52+00:00
M2_Drift_mu0,3,PARSE_0006.nii.gz,GT_minus_omission,none,0.7272548594812778,2.303614686747764,0.8919281928337257,0.6264689032991051,39.0,0.24192208697792225,c1e84f2,42.0,2026-09-07T16:52:52+00:00
M2_Drift_mu0,3,PARSE_0006.nii.gz,GT_star,lcc,0.8395473493161543,0.9280776503073436,0.9572996837352151,0.6897862927551599,0.0,0.15069686411149827,c1e84f2,42.0,2026-09-07T16:52:52+00:00
M2_Drift_mu0,3,PARSE_0006.nii.gz,GT_star,none,0.8361525797212136,0.9280776503073436,0.959548238793248,0.6919690422970725,52.0,0.1593119424129877,c1e84f2,42.0,2026-09-07T16:52:52+00:00
M2_Drift_mu0,3,PARSE_0016.nii.gz,GT_minus_drift_neg,lcc,0.7879009387990146,1.0,0.9305707744251721,0.6650363916579808,132.0,-0.021328862363358066,c1e84f2,42.0,2026-09-07T16:52:52+00:00
M2_Drift_mu0,3,PARSE_0016.nii.gz,GT_minus_drift_neg,none,0.8066804972113018,0.9722718241315028,0.9509375054354443,0.6787000156540797,1.0,0.001764198040614091,c1e84f2,42.0,2026-09-07T16:52:52+00:00
M2_Drift_mu0,3,PARSE_0016.nii.gz,GT_minus_drift_pos,lcc,0.8002501936724324,1.375,0.9174953122336497,0.641083503121119,29.0,-0.13614174851639693,c1e84f2,42.0,2026-09-07T16:52:52+00:00
M2_Drift_mu0,3,PARSE_0016.nii.gz,GT_minus_drift_pos,none,0.822344536372901,1.0,0.9432771107299409,0.6574709357728226,104.0,-0.11575785242015049,c1e84f2,42.0,2026-09-07T16:52:52+00:00
M2_Drift_mu0,3,PARSE_0016.nii.gz,GT_minus_omission,lcc,0.721873334250965,2.174065891365761,0.8883092302058713,0.6732643132629816,11.0,0.028651712483396822,c1e84f2,42.0,2026-09-07T16:52:52+00:00
M2_Drift_mu0,3,PARSE_0016.nii.gz,GT_minus_omission,none,0.739763065545585,1.3947446002763373,0.9057646224512971,0.6864429169351138,122.0,0.05292413170319,c1e84f2,42.0,2026-09-07T16:52:52+00:00
M2_Drift_mu0,3,PARSE_0016.nii.gz,GT_star,lcc,0.8053230466647123,1.0,0.9275970163510217,0.7206259063398199,0.0,-0.05950653702174732,c1e84f2,42.0,2026-09-07T16:52:52+00:00
M2_Drift_mu0,3,PARSE_0016.nii.gz,GT_star,none,0.8284457115573609,0.6875,0.9505157087602633,0.7371157630453959,133.0,-0.03731433014565014,c1e84f2,42.0,2026-09-07T16:52:52+00:00
M2_Drift_mu0,3,PARSE_0018.nii.gz,GT_minus_drift_neg,lcc,0.7708431972688928,1.2319125953484382,0.943996484559061,0.5634552972506499,87.0,0.3486849292181546,c1e84f2,42.0,2026-09-07T16:52:52+00:00
M2_Drift_mu0,3,PARSE_0018.nii.gz,GT_minus_drift_neg,none,0.7700186661603883,1.2319125953484382,0.9460596566051378,0.5648672580281778,5.0,0.36174246075350697,c1e84f2,42.0,2026-09-07T16:52:52+00:00
M2_Drift_mu0,3,PARSE_0018.nii.gz,GT_minus_drift_pos,lcc,0.806739748923072,1.0,0.9550109656739671,0.6305609860175252,24.0,0.2123510417689566,c1e84f2,42.0,2026-09-07T16:52:52+00:00
M2_Drift_mu0,3,PARSE_0018.nii.gz,GT_minus_drift_pos,none,0.8067639576043738,0.87109375,0.9586125906562629,0.6332376815582067,68.0,0.22408863267463422,c1e84f2,42.0,2026-09-07T16:52:52+00:00
M2_Drift_mu0,3,PARSE_0018.nii.gz,GT_minus_omission,lcc,0.6237477924129565,13.35209619873938,0.8213887982721577,0.5162491422657682,9.0,0.43072067404700876,c1e84f2,42.0,2026-09-07T16:52:52+00:00
M2_Drift_mu0,3,PARSE_0018.nii.gz,GT_minus_omission,none,0.6295665098609502,12.753217702508577,0.8260463253454375,0.5199919898538148,83.0,0.4445724491465343,c1e84f2,42.0,2026-09-07T16:52:52+00:00
M2_Drift_mu0,3,PARSE_0018.nii.gz,GT_star,lcc,0.8091067474522123,0.87109375,0.9548506393728676,0.6161210511237857,0.0,0.29900167728119526,c1e84f2,42.0,2026-09-07T16:52:52+00:00
M2_Drift_mu0,3,PARSE_0018.nii.gz,GT_star,none,0.8091452112446079,0.87109375,0.957806385753984,0.6185715832401025,92.0,0.3115781916309239,c1e84f2,42.0,2026-09-07T16:52:52+00:00
M2_Drift_mu0,3,PARSE_0028.nii.gz,GT_minus_drift_neg,lcc,0.8474603575541885,0.966747552403483,0.9644584275101452,0.6288749346344499,131.0,0.13932412449398604,c1e84f2,42.0,2026-09-07T16:52:52+00:00
M2_Drift_mu0,3,PARSE_0028.nii.gz,GT_minus_drift_neg,none,0.8370539651054256,0.966747552403483,0.9641381603912356,0.6283731063916875,29.0,0.15198466142184583,c1e84f2,42.0,2026-09-07T16:52:52+00:00
M2_Drift_mu0,3,PARSE_0028.nii.gz,GT_minus_drift_pos,lcc,0.8798858773651002,0.68359375,0.9662850515443087,0.6596701649175413,34.0,0.034585088198495074,c1e84f2,42.0,2026-09-07T16:52:52+00:00
M2_Drift_mu0,3,PARSE_0028.nii.gz,GT_minus_drift_pos,none,0.8716971628690728,0.68359375,0.9684044612038866,0.6604576923844296,68.0,0.046081731192838385,c1e84f2,42.0,2026-09-07T16:52:52+00:00
M2_Drift_mu0,3,PARSE_0028.nii.gz,GT_minus_omission,lcc,0.78390018538731,0.966747552403483,0.9226830471237053,0.6501995247276151,17.0,0.15284590521896563,c1e84f2,42.0,2026-09-07T16:52:52+00:00
M2_Drift_mu0,3,PARSE_0028.nii.gz,GT_minus_omission,none,0.7595275945794164,1.0,0.9149209914315274,0.643829196473574,85.0,0.16565670053293222,c1e84f2,42.0,2026-09-07T16:52:52+00:00
M2_Drift_mu0,3,PARSE_0028.nii.gz,GT_star,lcc,0.8898333921593077,0.68359375,0.9691367410899077,0.6983620128910177,0.0,0.08978590229541548,c1e84f2,42.0,2026-09-07T16:52:52+00:00
M2_Drift_mu0,3,PARSE_0028.nii.gz,GT_star,none,0.8828321761715853,0.68359375,0.97025452059591,0.6990854598961243,102.0,0.10189595452976095,c1e84f2,42.0,2026-09-07T16:52:52+00:00
M2_Drift_mu0,3,PARSE_0032.nii.gz,GT_minus_drift_neg,lcc,0.8564207211572696,1.44995032916002,0.9301445697955173,0.4553319473485552,64.0,-0.30200953168258055,c1e84f2,42.0,2026-09-07T16:52:52+00:00
M2_Drift_mu0,3,PARSE_0032.nii.gz,GT_minus_drift_neg,none,0.879197066586249,1.1918351198834867,0.9571772096861496,0.4676314956624104,51.0,-0.2897259779961274,c1e84f2,42.0,2026-09-07T16:52:52+00:00
M2_Drift_mu0,3,PARSE_0032.nii.gz,GT_minus_drift_pos,lcc,0.8548354416726209,1.8340582137026076,0.9182499709104207,0.3748566299306837,9.0,-0.38214147148813704,c1e84f2,42.0,2026-09-07T16:52:52+00:00
M2_Drift_mu0,3,PARSE_0032.nii.gz,GT_minus_drift_pos,none,0.8803229148410228,1.3568132312127321,0.9492069315795382,0.38574913683818557,106.0,-0.37126811611997035,c1e84f2,42.0,2026-09-07T16:52:52+00:00
M2_Drift_mu0,3,PARSE_0032.nii.gz,GT_minus_omission,lcc,0.8018824229235746,1.7613505382554278,0.9135893811913276,0.42473337570232933,31.0,-0.2847595711053248,c1e84f2,42.0,2026-09-07T16:52:52+00:00
M2_Drift_mu0,3,PARSE_0032.nii.gz,GT_minus_omission,none,0.8191599442655532,1.296875,0.938026842036301,0.4343580560425779,84.0,-0.27217244476787156,c1e84f2,42.0,2026-09-07T16:52:52+00:00
M2_Drift_mu0,3,PARSE_0032.nii.gz,GT_star,lcc,0.8667695222063447,1.44995032916002,0.9266330777656079,0.42677181453085067,0.0,-0.3391613350562577,c1e84f2,42.0,2026-09-07T16:52:52+00:00
M2_Drift_mu0,3,PARSE_0032.nii.gz,GT_star,none,0.8935782099980716,1.1918351198834867,0.9558428146130945,0.43846207103459417,115.0,-0.32753159570109364,c1e84f2,42.0,2026-09-07T16:52:52+00:00
M2_Drift_mu0,3,PARSE_0034.nii.gz,GT_minus_drift_neg,lcc,0.8833368305504088,0.671875,0.9768523269763639,0.7092438521181837,118.0,0.04286838144753044,c1e84f2,42.0,2026-09-07T16:52:52+00:00
M2_Drift_mu0,3,PARSE_0034.nii.gz,GT_minus_drift_neg,none,0.8823126567093329,0.671875,0.9780428396183393,0.7092470366141217,66.0,0.04386715008893145,c1e84f2,42.0,2026-09-07T16:52:52+00:00
M2_Drift_mu0,3,PARSE_0034.nii.gz,GT_minus_drift_pos,lcc,0.9044477118411764,0.671875,0.9773781788351108,0.7084757998359311,23.0,-0.06664646242010139,c1e84f2,42.0,2026-09-07T16:52:52+00:00
M2_Drift_mu0,3,PARSE_0034.nii.gz,GT_minus_drift_pos,none,0.9041495326410286,0.671875,0.9788947095809757,0.7086892952445892,29.0,-0.06575257757206181,c1e84f2,42.0,2026-09-07T16:52:52+00:00
M2_Drift_mu0,3,PARSE_0034.nii.gz,GT_minus_omission,lcc,0.8202178612056048,0.671875,0.9368715639967701,0.7335081062944077,17.0,0.06846909989311559,c1e84f2,42.0,2026-09-07T16:52:52+00:00
M2_Drift_mu0,3,PARSE_0034.nii.gz,GT_minus_omission,none,0.8176332654431918,0.671875,0.936862111005116,0.7329991418079491,35.0,0.06949238667624538,c1e84f2,42.0,2026-09-07T16:52:52+00:00
M2_Drift_mu0,3,PARSE_0034.nii.gz,GT_star,lcc,0.912869366277266,0.671875,0.9791285168019734,0.7843073931431594,0.0,-0.00756145513254518,c1e84f2,42.0,2026-09-07T16:52:52+00:00
M2_Drift_mu0,3,PARSE_0034.nii.gz,GT_star,none,0.9126704653863367,0.671875,0.9808312082345149,0.7846814411087353,52.0,-0.006610983802926931,c1e84f2,42.0,2026-09-07T16:52:52+00:00
M2_Drift_mu0,3,PARSE_0048.nii.gz,GT_minus_drift_neg,lcc,0.8281758590530806,17.827433433124916,0.9033332403781417,0.6402036515455128,99.0,-0.11976167430579356,c1e84f2,42.0,2026-09-07T16:52:52+00:00
M2_Drift_mu0,3,PARSE_0048.nii.gz,GT_minus_drift_neg,none,0.8370679656356306,17.027413489823292,0.9165160583656066,0.6524742792317021,15.0,-0.10200399971376813,c1e84f2,42.0,2026-09-07T16:52:52+00:00
M2_Drift_mu0,3,PARSE_0048.nii.gz,GT_minus_drift_pos,lcc,0.8544484152402567,17.67422342928042,0.9060226121609939,0.6458157854701838,27.0,-0.20951343745983644,c1e84f2,42.0,2026-09-07T16:52:52+00:00
M2_Drift_mu0,3,PARSE_0048.nii.gz,GT_minus_drift_pos,none,0.8645260252393863,16.621218143629697,0.921893810604347,0.658295453716337,87.0,-0.19356638910121557,c1e84f2,42.0,2026-09-07T16:52:52+00:00
M2_Drift_mu0,3,PARSE_0048.nii.gz,GT_minus_omission,lcc,0.7851237051351093,18.364500614296595,0.8724752799557803,0.6608471349315209,18.0,-0.11384774044823259,c1e84f2,42.0,2026-09-07T16:52:52+00:00
M2_Drift_mu0,3,PARSE_0048.nii.gz,GT_minus_omission,none,0.789461956901567,17.97810218580162,0.8817792387320774,0.670039542210506,96.0,-0.09597075985698415,c1e84f2,42.0,2026-09-07T16:52:52+00:00
M2_Drift_mu0,3,PARSE_0048.nii.gz,GT_star,lcc,0.8654869726077696,17.635870428795116,0.9086924762600438,0.7113901008972551,0.0,-0.15501003271931885,c1e84f2,42.0,2026-09-07T16:52:52+00:00
M2_Drift_mu0,3,PARSE_0048.nii.gz,GT_star,none,0.8757059931199145,16.763586199427166,0.922007858304939,0.7241919145409338,114.0,-0.1379634483631302,c1e84f2,42.0,2026-09-07T16:52:52+00:00
M2_Drift_mu0,3,PARSE_0052.nii.gz,GT_minus_drift_neg,lcc,0.8013647922424195,1.4417396718027842,0.9291384504359356,0.6495313378479303,128.0,-0.16556158638129895,c1e84f2,42.0,2026-09-07T16:52:52+00:00
M2_Drift_mu0,3,PARSE_0052.nii.gz,GT_minus_drift_neg,none,0.8103761329794947,1.2406879706940823,0.9378228605075566,0.6528578766479719,46.0,-0.16122864368099674,c1e84f2,42.0,2026-09-07T16:52:52+00:00
M2_Drift_mu0,3,PARSE_0052.nii.gz,GT_minus_drift_pos,lcc,0.8003194475114636,2.1305648642144175,0.9166165030561215,0.6039544360066679,27.0,-0.25165340828553745,c1e84f2,42.0,2026-09-07T16:52:52+00:00
M2_Drift_mu0,3,PARSE_0052.nii.gz,GT_minus_drift_pos,none,0.8094880430218208,1.642112420976408,0.9273998655268466,0.6073806550763615,55.0,-0.24776750987896326,c1e84f2,42.0,2026-09-07T16:52:52+00:00
M2_Drift_mu0,3,PARSE_0052.nii.gz,GT_minus_omission,lcc,0.7142709630331059,2.975526804722989,0.896134446074835,0.6592993396918562,23.0,-0.10504903501083236,c1e84f2,42.0,2026-09-07T16:52:52+00:00
M2_Drift_mu0,3,PARSE_0052.nii.gz,GT_minus_omission,none,0.7231972667542899,2.5025598910060998,0.9035232182041304,0.6622628339940603,59.0,-0.10040187209552318,c1e84f2,42.0,2026-09-07T16:52:52+00:00
M2_Drift_mu0,3,PARSE_0052.nii.gz,GT_star,lcc,0.80562088135186,1.46875,0.9267177937872801,0.6805533471140086,0.0,-0.2003221468575904,c1e84f2,42.0,2026-09-07T16:52:52+00:00
M2_Drift_mu0,3,PARSE_0052.nii.gz,GT_star,none,0.8155415143607542,1.2406879706940823,0.9356883690349602,0.6840020455043548,82.0,-0.1961697034180077,c1e84f2,42.0,2026-09-07T16:52:52+00:00
M2_Drift_mu0,3,PARSE_0056.nii.gz,GT_minus_drift_neg,lcc,0.8316147079183145,1.683140527743543,0.9341953426498193,0.6101070703959395,191.0,-0.15645183209000593,c1e84f2,42.0,2026-09-07T16:52:52+00:00
M2_Drift_mu0,3,PARSE_0056.nii.gz,GT_minus_drift_neg,none,0.8527768186710604,1.169013433296026,0.9558923285643809,0.6215774543660583,42.0,-0.1419395907390586,c1e84f2,42.0,2026-09-07T16:52:52+00:00
M2_Drift_mu0,3,PARSE_0056.nii.gz,GT_minus_drift_pos,lcc,0.8340118347010829,2.4151525906519473,0.9214582176218127,0.5486089371370866,45.0,-0.27649223973989323,c1e84f2,42.0,2026-09-07T16:52:52+00:00
M2_Drift_mu0,3,PARSE_0056.nii.gz,GT_minus_drift_pos,none,0.8576899216488825,1.3538692832518258,0.9473850144667265,0.5601875685922378,104.0,-0.26404515060425743,c1e84f2,42.0,2026-09-07T16:52:52+00:00
M2_Drift_mu0,3,PARSE_0056.nii.gz,GT_minus_omission,lcc,0.7841091827129615,2.8864940922391042,0.9142790234763772,0.6277899420408641,36.0,-0.1283556571631286,c1e84f2,42.0,2026-09-07T16:52:52+00:00
M2_Drift_mu0,3,PARSE_0056.nii.gz,GT_minus_omission,none,0.8036798599806378,1.683140527743543,0.9333448793441865,0.6380002309202171,113.0,-0.11336005459217233,c1e84f2,42.0,2026-09-07T16:52:52+00:00
M2_Drift_mu0,3,PARSE_0056.nii.gz,GT_star,lcc,0.8435868483541701,1.81640625,0.9322077781973138,0.6382437024650737,0.0,-0.2048162714911788,c1e84f2,42.0,2026-09-07T16:52:52+00:00
M2_Drift_mu0,3,PARSE_0056.nii.gz,GT_star,none,0.8680782547852552,1.169013433296026,0.9553759318423856,0.6510330138445154,149.0,-0.191136082705922,c1e84f2,42.0,2026-09-07T16:52:52+00:00
M2_Drift_mu0,3,PARSE_0057.nii.gz,GT_minus_drift_neg,lcc,0.8376761028364113,0.6875,0.9599947245790653,0.6955349423367184,114.0,0.03199558042556225,c1e84f2,42.0,2026-09-07T16:52:52+00:00
M2_Drift_mu0,3,PARSE_0057.nii.gz,GT_minus_drift_neg,none,0.8573986696925634,0.6875,0.9796534749242245,0.7114369039173958,11.0,0.0544284848700859,c1e84f2,42.0,2026-09-07T16:52:52+00:00
M2_Drift_mu0,3,PARSE_0057.nii.gz,GT_minus_drift_pos,lcc,0.8592647324044066,0.9722718241315028,0.9594006390295415,0.686591210636051,22.0,-0.0812319330344252,c1e84f2,42.0,2026-09-07T16:52:52+00:00
M2_Drift_mu0,3,PARSE_0057.nii.gz,GT_minus_drift_pos,none,0.8833221382820737,0.6875,0.9830171287608008,0.7036253556058064,103.0,-0.06126030074853957,c1e84f2,42.0,2026-09-07T16:52:52+00:00
M2_Drift_mu0,3,PARSE_0057.nii.gz,GT_minus_omission,lcc,0.7649223083337002,1.0,0.9150914378934827,0.7140215152565206,19.0,0.07227715439025294,c1e84f2,42.0,2026-09-07T16:52:52+00:00
M2_Drift_mu0,3,PARSE_0057.nii.gz,GT_minus_omission,none,0.7658557534176168,1.0,0.9213737352228784,0.7181918772885764,106.0,0.09558567566566678,c1e84f2,42.0,2026-09-07T16:52:52+00:00
M2_Drift_mu0,3,PARSE_0057.nii.gz,GT_star,lcc,0.870420702602469,0.6875,0.9643043904954978,0.7696941911359126,0.0,-0.01621704267463985,c1e84f2,42.0,2026-09-07T16:52:52+00:00
M2_Drift_mu0,3,PARSE_0057.nii.gz,GT_star,none,0.8945149040453478,0.6875,0.9847727655040933,0.7864962992037681,125.0,0.005167844522968198,c1e84f2,42.0,2026-09-07T16:52:52+00:00
M2_Drift_mu0,3,PARSE_0062.nii.gz,GT_minus_drift_neg,lcc,0.8371203787375296,1.3600932010803524,0.9361003750112832,0.6625636985795524,108.0,-0.10307211169514882,c1e84f2,42.0,2026-09-07T16:52:52+00:00
M2_Drift_mu0,3,PARSE_0062.nii.gz,GT_minus_drift_neg,none,0.8367625098813538,1.3600932010803524,0.9403027683072054,0.6645568587788128,14.0,-0.096974097881786,c1e84f2,42.0,2026-09-07T16:52:52+00:00
M2_Drift_mu0,3,PARSE_0062.nii.gz,GT_minus_drift_pos,lcc,0.8636062841560352,1.6430785225454076,0.9295928012401224,0.6473136980604182,14.0,-0.20268763570213016,c1e84f2,42.0,2026-09-07T16:52:52+00:00
M2_Drift_mu0,3,PARSE_0062.nii.gz,GT_minus_drift_pos,none,0.8676875597819387,1.3600932010803524,0.9368420261084041,0.651025687300728,80.0,-0.19726688574614165,c1e84f2,42.0,2026-09-07T16:52:52+00:00
M2_Drift_mu0,3,PARSE_0062.nii.gz,GT_minus_omission,lcc,0.7250632143593153,4.080279603241057,0.8673492826348151,0.6375892289207717,3.0,-0.050017916604759696,c1e84f2,42.0,2026-09-07T16:52:52+00:00
M2_Drift_mu0,3,PARSE_0062.nii.gz,GT_minus_omission,none,0.7346411436901991,3.6399543373681214,0.8737744775346482,0.6422308239197408,91.0,-0.043559199084068204,c1e84f2,42.0,2026-09-07T16:52:52+00:00
M2_Drift_mu0,3,PARSE_0062.nii.gz,GT_star,lcc,0.8701253541439835,1.3600932010803524,0.9372924618129735,0.7140033766212983,0.0,-0.14291797099849393,c1e84f2,42.0,2026-09-07T16:52:52+00:00
M2_Drift_mu0,3,PARSE_0062.nii.gz,GT_star,none,0.8750784626336151,1.3600932010803524,0.9432610009863502,0.7179038467657259,94.0,-0.13709086034647258,c1e84f2,42.0,2026-09-07T16:52:52+00:00
M2_Drift_mu0,3,PARSE_0070.nii.gz,GT_minus_drift_neg,lcc,0.8507317944865134,1.0,0.9560739246444474,0.6621906362491127,213.0,0.062441160372194854,c1e84f2,42.0,2026-09-07T16:52:52+00:00
M2_Drift_mu0,3,PARSE_0070.nii.gz,GT_minus_drift_neg,none,0.8551068525530089,1.0,0.9611180786967852,0.665294254022966,137.0,0.06695402298850575,c1e84f2,42.0,2026-09-07T16:52:52+00:00
M2_Drift_mu0,3,PARSE_0070.nii.gz,GT_minus_drift_pos,lcc,0.8747507587348277,1.0,0.9535152005191301,0.6824551555072591,60.0,-0.05863524710412539,c1e84f2,42.0,2026-09-07T16:52:52+00:00
M2_Drift_mu0,3,PARSE_0070.nii.gz,GT_minus_drift_pos,none,0.8795990886612688,1.0,0.9596083419673174,0.6856939158622529,16.0,-0.054636672914691424,c1e84f2,42.0,2026-09-07T16:52:52+00:00
M2_Drift_mu0,3,PARSE_0070.nii.gz,GT_minus_omission,lcc,0.7741473469220788,2.4182432447181568,0.9044454934934222,0.6587334811898591,33.0,0.10737879807856873,c1e84f2,42.0,2026-09-07T16:52:52+00:00
M2_Drift_mu0,3,PARSE_0070.nii.gz,GT_minus_omission,none,0.7796676272160291,2.1669796448628675,0.9097023371542214,0.6628664639497877,43.0,0.11208253939276383,c1e84f2,42.0,2026-09-07T16:52:52+00:00
M2_Drift_mu0,3,PARSE_0070.nii.gz,GT_star,lcc,0.8903435215295995,0.6796875,0.9606509069836098,0.7429721071104454,0.0,0.0165995857304839,c1e84f2,42.0,2026-09-07T16:52:52+00:00
M2_Drift_mu0,3,PARSE_0070.nii.gz,GT_star,none,0.8953691135247185,0.6796875,0.9658617705175032,0.7466754486715403,76.0,0.020917730054441613,c1e84f2,42.0,2026-09-07T16:52:52+00:00
M2_Drift_mu0,3,PARSE_0075.nii.gz,GT_minus_drift_neg,lcc,0.8150702064423859,0.6484375,0.956478409946199,0.6434017227441251,163.0,-0.14131134833830142,c1e84f2,42.0,2026-09-07T16:52:52+00:00
M2_Drift_mu0,3,PARSE_0075.nii.gz,GT_minus_drift_neg,none,0.8278633486366958,0.6484375,0.9688091682559827,0.6496273585393696,28.0,-0.13262526146603365,c1e84f2,42.0,2026-09-07T16:52:52+00:00
M2_Drift_mu0,3,PARSE_0075.nii.gz,GT_minus_drift_pos,lcc,0.8285082406321799,1.0,0.9468149374622424,0.5803976973063855,56.0,-0.22993628782670697,c1e84f2,42.0,2026-09-07T16:52:52+00:00
M2_Drift_mu0,3,PARSE_0075.nii.gz,GT_minus_drift_pos,none,0.843979596378495,0.9170291068513038,0.9622036324028573,0.5877007447185775,79.0,-0.2221466887814951,c1e84f2,42.0,2026-09-07T16:52:52+00:00
M2_Drift_mu0,3,PARSE_0075.nii.gz,GT_minus_omission,lcc,0.7776058649297026,0.6484375,0.9337226806928448,0.6470808016686316,14.0,-0.12742346975712454,c1e84f2,42.0,2026-09-07T16:52:52+00:00
M2_Drift_mu0,3,PARSE_0075.nii.gz,GT_minus_omission,none,0.7860475357107527,0.6484375,0.9433981223622635,0.6522063678906721,121.0,-0.11859689969622467,c1e84f2,42.0,2026-09-07T16:52:52+00:00
M2_Drift_mu0,3,PARSE_0075.nii.gz,GT_star,lcc,0.8445649609188165,0.6484375,0.9561277257195493,0.6630724476699098,0.0,-0.17918201233464814,c1e84f2,42.0,2026-09-07T16:52:52+00:00
M2_Drift_mu0,3,PARSE_0075.nii.gz,GT_star,none,0.8604390724461749,0.6484375,0.9702040487893194,0.6708866701088305,135.0,-0.17087900712620133,c1e84f2,42.0,2026-09-07T16:52:52+00:00
M2_Drift_mu0,3,PARSE_0077.nii.gz,GT_minus_drift_neg,lcc,0.8854506148815275,0.9391261937633835,0.9645227213614238,0.671890907739754,107.0,-0.018428243293552398,c1e84f2,42.0,2026-09-07T16:52:52+00:00
M2_Drift_mu0,3,PARSE_0077.nii.gz,GT_minus_drift_neg,none,0.887787899674274,0.9391261937633835,0.9679973923801198,0.6735215462000608,49.0,-0.015449941347119687,c1e84f2,42.0,2026-09-07T16:52:52+00:00
M2_Drift_mu0,3,PARSE_0077.nii.gz,GT_minus_drift_pos,lcc,0.8985204335718665,0.9999997615814209,0.9635945110881227,0.6552165900511759,32.0,-0.1245105348561834,c1e84f2,42.0,2026-09-07T16:52:52+00:00
M2_Drift_mu0,3,PARSE_0077.nii.gz,GT_minus_drift_pos,none,0.9017188414911301,0.9999997615814209,0.9676892705152639,0.6570212649684748,26.0,-0.12185410962766191,c1e84f2,42.0,2026-09-07T16:52:52+00:00
M2_Drift_mu0,3,PARSE_0077.nii.gz,GT_minus_omission,lcc,0.8204932114586996,1.2004076503709682,0.9260088478553568,0.6885016349297942,17.0,-0.005441126231281672,c1e84f2,42.0,2026-09-07T16:52:52+00:00
M2_Drift_mu0,3,PARSE_0077.nii.gz,GT_minus_omission,none,0.82284073870369,1.2004076503709682,0.9293744583930859,0.6900513040744177,41.0,-0.0024234185503615555,c1e84f2,42.0,2026-09-07T16:52:52+00:00
M2_Drift_mu0,3,PARSE_0077.nii.gz,GT_star,lcc,0.9100249361258858,0.6640625,0.9671119356387221,0.7399814481287514,0.0,-0.06710661152335079,c1e84f2,42.0,2026-09-07T16:52:52+00:00
M2_Drift_mu0,3,PARSE_0077.nii.gz,GT_star,none,0.9131460747085751,0.6640625,0.9709473244839139,0.7416816295981778,58.0,-0.06427601032101288,c1e84f2,42.0,2026-09-07T16:52:52+00:00
M2_Drift_mu0,3,PARSE_0083.nii.gz,GT_minus_drift_neg,lcc,0.8967409949164131,1.2269605245916635,0.9489266012003947,0.446203872971705,51.0,-0.31045551982851016,c1e84f2,42.0,2026-09-07T16:52:52+00:00
M2_Drift_mu0,3,PARSE_0083.nii.gz,GT_minus_drift_neg,none,0.9034025194181294,1.2269605245916635,0.9575277878935342,0.449775537630077,40.0,-0.30712218649517686,c1e84f2,42.0,2026-09-07T16:52:52+00:00
M2_Drift_mu0,3,PARSE_0083.nii.gz,GT_minus_drift_pos,lcc,0.9043786041170412,1.421875,0.9419298044630421,0.3711102133843028,10.0,-0.3733383010795107,c1e84f2,42.0,2026-09-07T16:52:52+00:00
M2_Drift_mu0,3,PARSE_0083.nii.gz,GT_minus_drift_pos,none,0.9101426890283851,1.4180494553479086,0.951687121171163,0.37438651504502396,81.0,-0.3703089499791793,c1e84f2,42.0,2026-09-07T16:52:52+00:00
M2_Drift_mu0,3,PARSE_0083.nii.gz,GT_minus_omission,lcc,0.8631985332386387,1.2269605245916635,0.9371387186778272,0.4221034082262005,33.0,-0.3036562794272045,c1e84f2,42.0,2026-09-07T16:52:52+00:00
M2_Drift_mu0,3,PARSE_0083.nii.gz,GT_minus_omission,none,0.8689871748547255,1.2269605245916635,0.94521372066742,0.4259057368875889,58.0,-0.30029007782311745,c1e84f2,42.0,2026-09-07T16:52:52+00:00
M2_Drift_mu0,3,PARSE_0083.nii.gz,GT_star,lcc,0.9123273533048804,1.2269605245916635,0.9475398659141699,0.4206595709758469,0.0,-0.3382551854309063,c1e84f2,42.0,2026-09-07T16:52:52+00:00
M2_Drift_mu0,3,PARSE_0083.nii.gz,GT_star,none,0.9189693277329244,1.2269605245916635,0.9560752600269146,0.4244318396196753,91.0,-0.33505623871754125,c1e84f2,42.0,2026-09-07T16:52:52+00:00
M2_Drift_mu0,4,PARSE_0002.nii.gz,GT_minus_drift_neg,lcc,0.8575815044080327,0.60546875,0.9755136422206191,0.6952507641561756,106.0,-0.06510584544069041,c1e84f2,42.0,2026-09-07T16:52:52+00:00
M2_Drift_mu0,4,PARSE_0002.nii.gz,GT_minus_drift_neg,none,0.8531844527065531,0.60546875,0.9748038480189997,0.6929501340838159,15.0,-0.05962446387914876,c1e84f2,42.0,2026-09-07T16:52:52+00:00
M2_Drift_mu0,4,PARSE_0002.nii.gz,GT_minus_drift_pos,lcc,0.8654594154939603,0.8562621178430849,0.9661157309961699,0.6595892327923659,31.0,-0.16763928193456992,c1e84f2,42.0,2026-09-07T16:52:52+00:00
M2_Drift_mu0,4,PARSE_0002.nii.gz,GT_minus_drift_pos,none,0.8630431780009201,0.8562621178430849,0.9677111888031904,0.657946006123017,60.0,-0.162759064564181,c1e84f2,42.0,2026-09-07T16:52:52+00:00
M2_Drift_mu0,4,PARSE_0002.nii.gz,GT_minus_omission,lcc,0.7730903156270779,0.8562621178430849,0.9322036161632348,0.7069323148964204,11.0,-0.029300018571251703,c1e84f2,42.0,2026-09-07T16:52:52+00:00
M2_Drift_mu0,4,PARSE_0002.nii.gz,GT_minus_omission,none,0.7652455658703018,0.8562621178430849,0.9296075500402444,0.703667996355885,80.0,-0.023608703726631174,c1e84f2,42.0,2026-09-07T16:52:52+00:00
M2_Drift_mu0,4,PARSE_0002.nii.gz,GT_star,lcc,0.8746876412069758,0.60546875,0.9747635738915554,0.7535753978431589,0.0,-0.10548777444220224,c1e84f2,42.0,2026-09-07T16:52:52+00:00
M2_Drift_mu0,4,PARSE_0002.nii.gz,GT_star,none,0.8735743895301591,0.60546875,0.9747710413319466,0.7514619764707787,91.0,-0.10024315632598635,c1e84f2,42.0,2026-09-07T16:52:52+00:00
M2_Drift_mu0,4,PARSE_0008.nii.gz,GT_minus_drift_neg,lcc,0.8813965825338999,0.62109375,0.9585482523664506,0.6545450459055817,79.0,-0.06263758311503714,c1e84f2,42.0,2026-09-07T16:52:52+00:00
M2_Drift_mu0,4,PARSE_0008.nii.gz,GT_minus_drift_neg,none,0.8852564455960454,0.62109375,0.9634101351577958,0.6567394439413757,16.0,-0.05862488943898586,c1e84f2,42.0,2026-09-07T16:52:52+00:00
M2_Drift_mu0,4,PARSE_0008.nii.gz,GT_minus_drift_pos,lcc,0.8887526551638514,0.8783592047551645,0.9540362375113612,0.6211149842771129,10.0,-0.14397824016846322,c1e84f2,42.0,2026-09-07T16:52:52+00:00
M2_Drift_mu0,4,PARSE_0008.nii.gz,GT_minus_drift_pos,none,0.8934512806971218,0.8783592047551645,0.9608078931773366,0.6235388299549822,53.0,-0.14031375240965877,c1e84f2,42.0,2026-09-07T16:52:52+00:00
M2_Drift_mu0,4,PARSE_0008.nii.gz,GT_minus_omission,lcc,0.8003500815949627,0.8783592047551645,0.9229766041779942,0.6584399107980111,16.0,-0.041868136311906785,c1e84f2,42.0,2026-09-07T16:52:52+00:00
M2_Drift_mu0,4,PARSE_0008.nii.gz,GT_minus_omission,none,0.7956617247669618,0.8783592047551645,0.9252972201976505,0.6593703712411539,47.0,-0.03776653206472447,c1e84f2,42.0,2026-09-07T16:52:52+00:00
M2_Drift_mu0,4,PARSE_0008.nii.gz,GT_star,lcc,0.9006425613935599,0.62109375,0.959632718512715,0.7014446698054492,0.0,-0.09656149142755982,c1e84f2,42.0,2026-09-07T16:52:52+00:00
M2_Drift_mu0,4,PARSE_0008.nii.gz,GT_star,none,0.9063804092299095,0.62109375,0.9644197075772035,0.7037088302359635,63.0,-0.09269402039954788,c1e84f2,42.0,2026-09-07T16:52:52+00:00
M2_Drift_mu0,4,PARSE_0011.nii.gz,GT_minus_drift_neg,lcc,0.8285534806004679,0.650390625,0.9575948297161285,0.692232003918458,103.0,-0.10258574512636551,c1e84f2,42.0,2026-09-07T16:52:52+00:00
M2_Drift_mu0,4,PARSE_0011.nii.gz,GT_minus_drift_neg,none,0.8416101545015952,0.650390625,0.9701530425653668,0.6975677547876895,13.0,-0.09542340967747172,c1e84f2,42.0,2026-09-07T16:52:52+00:00
M2_Drift_mu0,4,PARSE_0011.nii.gz,GT_minus_drift_pos,lcc,0.8317021793526187,1.0,0.9473972038170116,0.653956503820182,25.0,-0.20899921310537234,c1e84f2,42.0,2026-09-07T16:52:52+00:00
M2_Drift_mu0,4,PARSE_0011.nii.gz,GT_minus_drift_pos,none,0.8484695319999281,1.0,0.9632921357159726,0.6601039124616233,91.0,-0.20268617211531584,c1e84f2,42.0,2026-09-07T16:52:52+00:00
M2_Drift_mu0,4,PARSE_0011.nii.gz,GT_minus_omission,lcc,0.7247093316340499,1.0,0.9163001166402002,0.7148311059271022,17.0,-0.05725174568800143,c1e84f2,42.0,2026-09-07T16:52:52+00:00
M2_Drift_mu0,4,PARSE_0011.nii.gz,GT_minus_omission,none,0.73236680924132,0.9197912427153138,0.9247837987295126,0.717922980766103,99.0,-0.04972759593823803,c1e84f2,42.0,2026-09-07T16:52:52+00:00
M2_Drift_mu0,4,PARSE_0011.nii.gz,GT_star,lcc,0.8395833798242117,0.650390625,0.9544353108461713,0.7485128688379763,0.0,-0.15020865515412815,c1e84f2,42.0,2026-09-07T16:52:52+00:00
M2_Drift_mu0,4,PARSE_0011.nii.gz,GT_star,none,0.8588624070464945,0.650390625,0.9694597823090609,0.7550266892766747,116.0,-0.14342640198587447,c1e84f2,42.0,2026-09-07T16:52:52+00:00
M2_Drift_mu0,4,PARSE_0012.nii.gz,GT_minus_drift_neg,lcc,0.753701250941464,1.8893009309828066,0.9232535758687203,0.5857279159386888,60.0,0.2075074613855139,c1e84f2,42.0,2026-09-07T16:52:52+00:00
M2_Drift_mu0,4,PARSE_0012.nii.gz,GT_minus_drift_neg,none,0.7556444258245918,1.7974735755728963,0.9270419100921334,0.5883123046459489,5.0,0.21725811205153855,c1e84f2,42.0,2026-09-07T16:52:52+00:00
M2_Drift_mu0,4,PARSE_0012.nii.gz,GT_minus_drift_pos,lcc,0.7738944006846745,1.6687507315073302,0.9292138068504777,0.5970458385567122,11.0,0.09521998750028238,c1e84f2,42.0,2026-09-07T16:52:52+00:00
M2_Drift_mu0,4,PARSE_0012.nii.gz,GT_minus_drift_pos,none,0.776180277985761,1.4936235318455626,0.9343807513784016,0.6007940519413374,54.0,0.1040639142188053,c1e84f2,42.0,2026-09-07T16:52:52+00:00
M2_Drift_mu0,4,PARSE_0012.nii.gz,GT_minus_omission,lcc,0.7194795320759828,3.8928853405172443,0.8923248333999033,0.5920998969917383,10.0,0.20547587572986123,c1e84f2,42.0,2026-09-07T16:52:52+00:00
M2_Drift_mu0,4,PARSE_0012.nii.gz,GT_minus_omission,none,0.7235960712944922,3.4863385197674166,0.8968579803800736,0.5954847520860745,55.0,0.21521012129474998,c1e84f2,42.0,2026-09-07T16:52:52+00:00
M2_Drift_mu0,4,PARSE_0012.nii.gz,GT_star,lcc,0.7774945909982524,1.6687507315073302,0.9282640292968909,0.629241674989647,0.0,0.1603066527859214,c1e84f2,42.0,2026-09-07T16:52:52+00:00
M2_Drift_mu0,4,PARSE_0012.nii.gz,GT_star,none,0.779674781288646,1.4936235318455626,0.9323559577677225,0.6321729512317747,65.0,0.16967615583130904,c1e84f2,42.0,2026-09-07T16:52:52+00:00
M2_Drift_mu0,4,PARSE_0015.nii.gz,GT_minus_drift_neg,lcc,0.8833826973385202,1.2337876866236195,0.9590125618632812,0.7138447611910398,57.0,-0.11503531786074672,c1e84f2,42.0,2026-09-07T16:52:52+00:00
M2_Drift_mu0,4,PARSE_0015.nii.gz,GT_minus_drift_neg,none,0.8855573084189483,1.021990269683682,0.9659421277787399,0.7178204140888975,28.0,-0.10847976617140472,c1e84f2,42.0,2026-09-07T16:52:52+00:00
M2_Drift_mu0,4,PARSE_0015.nii.gz,GT_minus_drift_pos,lcc,0.9006651163638361,1.2337876866236195,0.9573787255355485,0.6902531746832273,10.0,-0.1947224605720184,c1e84f2,42.0,2026-09-07T16:52:52+00:00
M2_Drift_mu0,4,PARSE_0015.nii.gz,GT_minus_drift_pos,none,0.9040705265888351,1.2337876866236195,0.9663111621059325,0.6954249811649398,75.0,-0.18875720722289593,c1e84f2,42.0,2026-09-07T16:52:52+00:00
M2_Drift_mu0,4,PARSE_0015.nii.gz,GT_minus_omission,lcc,0.8156751993789432,3.6301317393880486,0.921493264180723,0.7156214666373385,23.0,-0.09754773420007735,c1e84f2,42.0,2026-09-07T16:52:52+00:00
M2_Drift_mu0,4,PARSE_0015.nii.gz,GT_minus_omission,none,0.8203647034414977,2.790880994172416,0.9309339341410519,0.7216053214397928,62.0,-0.09086263976069917,c1e84f2,42.0,2026-09-07T16:52:52+00:00
M2_Drift_mu0,4,PARSE_0015.nii.gz,GT_star,lcc,0.9077954320567404,1.021990269683682,0.9586541244573082,0.7580390738060782,0.0,-0.1537734656258942,c1e84f2,42.0,2026-09-07T16:52:52+00:00
M2_Drift_mu0,4,PARSE_0015.nii.gz,GT_star,none,0.9103495273987765,1.0,0.967510647091592,0.7633344714190731,85.0,-0.14750487446181285,c1e84f2,42.0,2026-09-07T16:52:52+00:00
M2_Drift_mu0,4,PARSE_0024.nii.gz,GT_minus_drift_neg,lcc,0.7908060602473812,1.496460872058325,0.931434375576335,0.5769488035630231,165.0,0.058337736929619,c1e84f2,42.0,2026-09-07T16:52:52+00:00
M2_Drift_mu0,4,PARSE_0024.nii.gz,GT_minus_drift_neg,none,0.8017798809764841,1.2726733951807043,0.9406503931668799,0.5817174666710413,53.0,0.06519074719115113,c1e84f2,42.0,2026-09-07T16:52:52+00:00
M2_Drift_mu0,4,PARSE_0024.nii.gz,GT_minus_drift_pos,lcc,0.7952995860233073,2.0,0.920533939649461,0.5896926258306732,31.0,-0.0746818510571906,c1e84f2,42.0,2026-09-07T16:52:52+00:00
M2_Drift_mu0,4,PARSE_0024.nii.gz,GT_minus_drift_pos,none,0.8094832590922966,1.5744174424856723,0.9330935592729958,0.5955558659426887,81.0,-0.06869017699264889,c1e84f2,42.0,2026-09-07T16:52:52+00:00
M2_Drift_mu0,4,PARSE_0024.nii.gz,GT_minus_omission,lcc,0.7215517926084772,3.5304964324885604,0.887435110275704,0.5807637689955277,25.0,0.11470083427795472,c1e84f2,42.0,2026-09-07T16:52:52+00:00
M2_Drift_mu0,4,PARSE_0024.nii.gz,GT_minus_omission,none,0.7326481639084415,3.009330227876322,0.8960082835355955,0.5858670948833373,87.0,0.12191881015586982,c1e84f2,42.0,2026-09-07T16:52:52+00:00
M2_Drift_mu0,4,PARSE_0024.nii.gz,GT_star,lcc,0.8024987051566627,1.496460872058325,0.9315565656321441,0.6493341822274875,0.0,0.011478296738164742,c1e84f2,42.0,2026-09-07T16:52:52+00:00
M2_Drift_mu0,4,PARSE_0024.nii.gz,GT_star,none,0.8177654154947659,1.1444862539150003,0.942475514397801,0.6554562194763951,112.0,0.018027880018614884,c1e84f2,42.0,2026-09-07T16:52:52+00:00
M2_Drift_mu0,4,PARSE_0030.nii.gz,GT_minus_drift_neg,lcc,0.8409174062369758,0.806640625,0.9690509262350914,0.717241195090353,183.0,0.06756906349167302,c1e84f2,42.0,2026-09-07T16:52:52+00:00
M2_Drift_mu0,4,PARSE_0030.nii.gz,GT_minus_drift_neg,none,0.8523600916899129,0.806640625,0.9761639330327807,0.7208947270343695,32.0,0.0877561437603011,c1e84f2,42.0,2026-09-07T16:52:52+00:00
M2_Drift_mu0,4,PARSE_0030.nii.gz,GT_minus_drift_pos,lcc,0.8556018412093636,0.806640625,0.962674927362314,0.7313444406200483,42.0,-0.03167037153766557,c1e84f2,42.0,2026-09-07T16:52:52+00:00
M2_Drift_mu0,4,PARSE_0030.nii.gz,GT_minus_drift_pos,none,0.8743781426315719,0.806640625,0.974726343955242,0.7389078083191437,109.0,-0.013359848495413305,c1e84f2,42.0,2026-09-07T16:52:52+00:00
M2_Drift_mu0,4,PARSE_0030.nii.gz,GT_minus_omission,lcc,0.742880070176981,1.0,0.9096345841045488,0.7139001065679511,17.0,0.09827405129762493,c1e84f2,42.0,2026-09-07T16:52:52+00:00
M2_Drift_mu0,4,PARSE_0030.nii.gz,GT_minus_omission,none,0.7611763804567051,0.806640625,0.9160372086006315,0.7189228295268693,134.0,0.1190417441698617,c1e84f2,42.0,2026-09-07T16:52:52+00:00
M2_Drift_mu0,4,PARSE_0030.nii.gz,GT_star,lcc,0.8576935388399466,0.806640625,0.9691564705036065,0.7827775852259723,0.0,0.02758826854830833,c1e84f2,42.0,2026-09-07T16:52:52+00:00
M2_Drift_mu0,4,PARSE_0030.nii.gz,GT_star,none,0.878561633449101,0.806640625,0.9790662443189644,0.7900314839073355,151.0,0.04701933635429955,c1e84f2,42.0,2026-09-07T16:52:52+00:00
M2_Drift_mu0,4,PARSE_0035.nii.gz,GT_minus_drift_neg,lcc,0.8794118301998991,0.6015625,0.9632024319970961,0.6897388779237279,106.0,-0.013769254288395238,c1e84f2,42.0,2026-09-07T16:52:52+00:00
M2_Drift_mu0,4,PARSE_0035.nii.gz,GT_minus_drift_neg,none,0.8788889886797578,0.6015625,0.9675171210260531,0.6915348926089436,12.0,-0.005205642653059073,c1e84f2,42.0,2026-09-07T16:52:52+00:00
M2_Drift_mu0,4,PARSE_0035.nii.gz,GT_minus_drift_pos,lcc,0.9034855985097118,0.850737846115065,0.9611464968152866,0.6770674207786029,18.0,-0.11606788501880445,c1e84f2,42.0,2026-09-07T16:52:52+00:00
M2_Drift_mu0,4,PARSE_0035.nii.gz,GT_minus_drift_pos,none,0.9035226200509766,0.850737846115065,0.9670376611362547,0.6791478745345099,76.0,-0.10839255003496305,c1e84f2,42.0,2026-09-07T16:52:52+00:00
M2_Drift_mu0,4,PARSE_0035.nii.gz,GT_minus_omission,lcc,0.8338042449432242,0.6015625,0.9392445861221225,0.7229129662522202,11.0,-0.0007424222192549072,c1e84f2,42.0,2026-09-07T16:52:52+00:00
M2_Drift_mu0,4,PARSE_0035.nii.gz,GT_minus_omission,none,0.8292371629689658,0.6015625,0.9398052256393674,0.7229024467691519,83.0,0.007934303645346509,c1e84f2,42.0,2026-09-07T16:52:52+00:00
M2_Drift_mu0,4,PARSE_0035.nii.gz,GT_star,lcc,0.9142555758135681,0.6015625,0.9676718757801188,0.7548499120719401,0.0,-0.05711650597977008,c1e84f2,42.0,2026-09-07T16:52:52+00:00
M2_Drift_mu0,4,PARSE_0035.nii.gz,GT_star,none,0.914949978598258,0.6015625,0.9715785219621762,0.7566964224347678,94.0,-0.048929286005876454,c1e84f2,42.0,2026-09-07T16:52:52+00:00
M2_Drift_mu0,4,PARSE_0037.nii.gz,GT_minus_drift_neg,lcc,0.827520511081395,1.074470851099871,0.9393949384059166,0.5817353304248765,48.0,-0.12320641396921408,c1e84f2,42.0,2026-09-07T16:52:52+00:00
M2_Drift_mu0,4,PARSE_0037.nii.gz,GT_minus_drift_neg,none,0.8210421905970663,1.074470851099871,0.9389396789611987,0.5813686236907019,21.0,-0.12251879538353995,c1e84f2,42.0,2026-09-07T16:52:52+00:00
M2_Drift_mu0,4,PARSE_0037.nii.gz,GT_minus_drift_pos,lcc,0.8446139604140649,1.2558836749204285,0.9376436309196926,0.5415668318823039,11.0,-0.1832109357765002,c1e84f2,42.0,2026-09-07T16:52:52+00:00
M2_Drift_mu0,4,PARSE_0037.nii.gz,GT_minus_drift_pos,none,0.8381404360836766,1.2558836749204285,0.9372208436724566,0.5412504805507986,58.0,-0.18257037527276979,c1e84f2,42.0,2026-09-07T16:52:52+00:00
M2_Drift_mu0,4,PARSE_0037.nii.gz,GT_minus_omission,lcc,0.7512615507284567,1.6988875844676137,0.9013583798510164,0.5427270475718722,11.0,-0.1110085745032921,c1e84f2,42.0,2026-09-07T16:52:52+00:00
M2_Drift_mu0,4,PARSE_0037.nii.gz,GT_minus_omission,none,0.7450812064271197,1.6988875844676137,0.9009235360849075,0.5423813983234737,58.0,-0.11031138985639732,c1e84f2,42.0,2026-09-07T16:52:52+00:00
M2_Drift_mu0,4,PARSE_0037.nii.gz,GT_star,lcc,0.8488647403691351,1.074470851099871,0.940628928994576,0.588087379027729,0.0,-0.14982847341337907,c1e84f2,42.0,2026-09-07T16:52:52+00:00
M2_Drift_mu0,4,PARSE_0037.nii.gz,GT_star,none,0.8423496327885325,1.074470851099871,0.9401847708826575,0.5877191077130259,69.0,-0.14916173297183644,c1e84f2,42.0,2026-09-07T16:52:52+00:00
M2_Drift_mu0,4,PARSE_0039.nii.gz,GT_minus_drift_neg,lcc,0.8415684152856592,1.1590180127617733,0.9437017760816953,0.5750756788334459,186.0,0.2280131484318179,c1e84f2,42.0,2026-09-07T16:52:52+00:00
M2_Drift_mu0,4,PARSE_0039.nii.gz,GT_minus_drift_neg,none,0.8359851436262259,1.0,0.9500151764401692,0.5788706480152589,27.0,0.24127128595401298,c1e84f2,42.0,2026-09-07T16:52:52+00:00
M2_Drift_mu0,4,PARSE_0039.nii.gz,GT_minus_drift_pos,lcc,0.8759848428058084,0.8286407592029854,0.9471196444642894,0.6176805062337354,36.0,0.07616436405070502,c1e84f2,42.0,2026-09-07T16:52:52+00:00
M2_Drift_mu0,4,PARSE_0039.nii.gz,GT_minus_drift_pos,none,0.8749120176079318,0.8286407592029854,0.9570595316525993,0.623173158844205,123.0,0.08778307933342828,c1e84f2,42.0,2026-09-07T16:52:52+00:00
M2_Drift_mu0,4,PARSE_0039.nii.gz,GT_minus_omission,lcc,0.735427991458133,2.9296875,0.8732106834503348,0.5570160574517873,10.0,0.29089713143462437,c1e84f2,42.0,2026-09-07T16:52:52+00:00
M2_Drift_mu0,4,PARSE_0039.nii.gz,GT_minus_omission,none,0.728296314196096,2.6203921611325662,0.8766183340169729,0.5607171444842238,149.0,0.30483419042900345,c1e84f2,42.0,2026-09-07T16:52:52+00:00
M2_Drift_mu0,4,PARSE_0039.nii.gz,GT_star,lcc,0.884880221165358,0.5859375,0.9527061222667124,0.6486878730593472,0.0,0.17911664761488613,c1e84f2,42.0,2026-09-07T16:52:52+00:00
M2_Drift_mu0,4,PARSE_0039.nii.gz,GT_star,none,0.884636491963411,0.5859375,0.9602751763974836,0.6545036051637858,159.0,0.1918468783039884,c1e84f2,42.0,2026-09-07T16:52:52+00:00
M2_Drift_mu0,4,PARSE_0042.nii.gz,GT_minus_drift_neg,lcc,0.8008718149457633,1.3201044584615265,0.9156038133887305,0.6232587725655023,99.0,-0.0663594065811163,c1e84f2,42.0,2026-09-07T16:52:52+00:00
M2_Drift_mu0,4,PARSE_0042.nii.gz,GT_minus_drift_neg,none,0.8244419880643034,1.0,0.9424439464532569,0.6349676458888814,38.0,-0.04590261000508039,c1e84f2,42.0,2026-09-07T16:52:52+00:00
M2_Drift_mu0,4,PARSE_0042.nii.gz,GT_minus_drift_pos,lcc,0.8032966850996285,2.083756467446472,0.9008730246436071,0.5939440822190297,34.0,-0.17439124504689693,c1e84f2,42.0,2026-09-07T16:52:52+00:00
M2_Drift_mu0,4,PARSE_0042.nii.gz,GT_minus_drift_pos,none,0.831187183648895,1.21875,0.9360376329916856,0.6057164312197869,103.0,-0.15630151065603973,c1e84f2,42.0,2026-09-07T16:52:52+00:00
M2_Drift_mu0,4,PARSE_0042.nii.gz,GT_minus_omission,lcc,0.729930311389087,2.640208916923053,0.8830028878793508,0.6423336091736612,21.0,-0.03924341523775853,c1e84f2,42.0,2026-09-07T16:52:52+00:00
M2_Drift_mu0,4,PARSE_0042.nii.gz,GT_minus_omission,none,0.7607697556991123,1.3626039237889342,0.9118837494275353,0.657771286405664,116.0,-0.018192486055686987,c1e84f2,42.0,2026-09-07T16:52:52+00:00
M2_Drift_mu0,4,PARSE_0042.nii.gz,GT_star,lcc,0.8088716014977514,1.3201044584615265,0.9138122370232106,0.6770321513020905,0.0,-0.10539365900980252,c1e84f2,42.0,2026-09-07T16:52:52+00:00
M2_Drift_mu0,4,PARSE_0042.nii.gz,GT_star,none,0.8372738159726968,1.0,0.9420267604228239,0.6912802167855251,137.0,-0.08579213347388623,c1e84f2,42.0,2026-09-07T16:52:52+00:00
M2_Drift_mu0,4,PARSE_0044.nii.gz,GT_minus_drift_neg,lcc,0.8026436578063013,2.444916226876764,0.9127627692928111,0.6182872008571507,101.0,-0.03788351481727486,c1e84f2,42.0,2026-09-07T16:52:52+00:00
M2_Drift_mu0,4,PARSE_0044.nii.gz,GT_minus_drift_neg,none,0.8405150315604815,1.2578125,0.9430522684734017,0.6360465296146767,24.0,-0.018225549986917056,c1e84f2,42.0,2026-09-07T16:52:52+00:00
M2_Drift_mu0,4,PARSE_0044.nii.gz,GT_minus_drift_pos,lcc,0.7941131036047036,3.14453125,0.9012027397559563,0.5859887919074513,22.0,-0.1375919750543506,c1e84f2,42.0,2026-09-07T16:52:52+00:00
M2_Drift_mu0,4,PARSE_0044.nii.gz,GT_minus_drift_pos,none,0.8362426166498571,1.4062771264744771,0.9370700727843585,0.6046881689738832,55.0,-0.11997125356699333,c1e84f2,42.0,2026-09-07T16:52:52+00:00
M2_Drift_mu0,4,PARSE_0044.nii.gz,GT_minus_omission,lcc,0.7516639097864837,3.274735441514942,0.8967810434653783,0.6415526053712376,18.0,-0.02325684355353944,c1e84f2,42.0,2026-09-07T16:52:52+00:00
M2_Drift_mu0,4,PARSE_0044.nii.gz,GT_minus_omission,none,0.7876511369939669,1.725576818471236,0.9245179063360881,0.6591944662283084,59.0,-0.0033000265636813175,c1e84f2,42.0,2026-09-07T16:52:52+00:00
M2_Drift_mu0,4,PARSE_0044.nii.gz,GT_star,lcc,0.8001370774285886,2.444916226876764,0.9122239841503261,0.6583450759655516,0.0,-0.08179501463083552,c1e84f2,42.0,2026-09-07T16:52:52+00:00
M2_Drift_mu0,4,PARSE_0044.nii.gz,GT_star,none,0.8458032293186424,1.1813225940821848,0.9447659561675135,0.6785016384571446,77.0,-0.06303424960141378,c1e84f2,42.0,2026-09-07T16:52:52+00:00
M2_Drift_mu0,4,PARSE_0060.nii.gz,GT_minus_drift_neg,lcc,0.8031989593512092,1.1855002178833889,0.9456260195363507,0.5893840353684667,151.0,0.08829177137702171,c1e84f2,42.0,2026-09-07T16:52:52+00:00
M2_Drift_mu0,4,PARSE_0060.nii.gz,GT_minus_drift_neg,none,0.8045698020149525,1.1855002178833889,0.9469805700881213,0.5888544222726361,67.0,0.09312885280408961,c1e84f2,42.0,2026-09-07T16:52:52+00:00
M2_Drift_mu0,4,PARSE_0060.nii.gz,GT_minus_drift_pos,lcc,0.805541241644472,1.2734375,0.9352477259701766,0.5936844029858618,38.0,-0.059726088408863155,c1e84f2,42.0,2026-09-07T16:52:52+00:00
M2_Drift_mu0,4,PARSE_0060.nii.gz,GT_minus_drift_pos,none,0.8078481767200231,1.1855002178833889,0.9384614306929306,0.5933270755695033,46.0,-0.055546895297479866,c1e84f2,42.0,2026-09-07T16:52:52+00:00
M2_Drift_mu0,4,PARSE_0060.nii.gz,GT_minus_omission,lcc,0.7240457748542691,1.91015625,0.9048044058552797,0.5938773747485924,21.0,0.1508354002562076,c1e84f2,42.0,2026-09-07T16:52:52+00:00
M2_Drift_mu0,4,PARSE_0060.nii.gz,GT_minus_omission,none,0.7257981550047817,1.91015625,0.9050877020586646,0.5930084017098216,63.0,0.1559504665340202,c1e84f2,42.0,2026-09-07T16:52:52+00:00
M2_Drift_mu0,4,PARSE_0060.nii.gz,GT_star,lcc,0.8097912131280314,1.0,0.9447629423698249,0.6545270117965286,0.0,0.03705492742113752,c1e84f2,42.0,2026-09-07T16:52:52+00:00
M2_Drift_mu0,4,PARSE_0060.nii.gz,GT_star,none,0.8137121552142266,1.0,0.9466748975812335,0.6539760929345081,84.0,0.041664278755229524,c1e84f2,42.0,2026-09-07T16:52:52+00:00
M2_Drift_mu0,4,PARSE_0074.nii.gz,GT_minus_drift_neg,lcc,0.7798765145810853,1.1751256997258845,0.9250794912559619,0.5605679208620385,130.0,-0.09593762446003493,c1e84f2,42.0,2026-09-07T16:52:52+00:00
M2_Drift_mu0,4,PARSE_0074.nii.gz,GT_minus_drift_neg,none,0.7905025575410949,1.1751256997258845,0.9333162283515074,0.5637753138458719,60.0,-0.09257682056309549,c1e84f2,42.0,2026-09-07T16:52:52+00:00
M2_Drift_mu0,4,PARSE_0074.nii.gz,GT_minus_drift_pos,lcc,0.7718023253308157,1.3800732048631514,0.909719298127419,0.5175383931308382,26.0,-0.19093536146692403,c1e84f2,42.0,2026-09-07T16:52:52+00:00
M2_Drift_mu0,4,PARSE_0074.nii.gz,GT_minus_drift_pos,none,0.784446826855031,1.3273435200853243,0.9201000134246208,0.5210095314807357,44.0,-0.18792770661519564,c1e84f2,42.0,2026-09-07T16:52:52+00:00
M2_Drift_mu0,4,PARSE_0074.nii.gz,GT_minus_omission,lcc,0.7038069338919708,1.3800732048631514,0.8999651942792052,0.564801923807113,27.0,-0.05115978469868748,c1e84f2,42.0,2026-09-07T16:52:52+00:00
M2_Drift_mu0,4,PARSE_0074.nii.gz,GT_minus_omission,none,0.7179871460869697,1.3273435200853243,0.9083995920119403,0.5684502360896156,43.0,-0.0476325215590696,c1e84f2,42.0,2026-09-07T16:52:52+00:00
M2_Drift_mu0,4,PARSE_0074.nii.gz,GT_star,lcc,0.7790532079582003,1.1751256997258845,0.9242586381493425,0.589211201045699,0.0,-0.12851582342031587,c1e84f2,42.0,2026-09-07T16:52:52+00:00
M2_Drift_mu0,4,PARSE_0074.nii.gz,GT_star,none,0.7919501466100245,1.1751256997258845,0.9333156872493928,0.5927581902271695,70.0,-0.12527612724888662,c1e84f2,42.0,2026-09-07T16:52:52+00:00
M2_Drift_mu0,4,PARSE_0080.nii.gz,GT_minus_drift_neg,lcc,0.8329113861543788,1.2606253122869284,0.9494132850865857,0.6446006720082709,180.0,0.040332800410653465,c1e84f2,42.0,2026-09-07T16:52:52+00:00
M2_Drift_mu0,4,PARSE_0080.nii.gz,GT_minus_drift_neg,none,0.8490735398660113,1.085519394555911,0.9602387417388186,0.6522772683026794,85.0,0.04974895598842898,c1e84f2,42.0,2026-09-07T16:52:52+00:00
M2_Drift_mu0,4,PARSE_0080.nii.gz,GT_minus_drift_pos,lcc,0.8552866542417981,1.2606253122869284,0.9464414124593142,0.6650329271061994,51.0,-0.08001550944752321,c1e84f2,42.0,2026-09-07T16:52:52+00:00
M2_Drift_mu0,4,PARSE_0080.nii.gz,GT_minus_drift_pos,none,0.87358464908197,1.085519394555911,0.9605097693275024,0.6735862159575067,44.0,-0.07168863838399123,c1e84f2,42.0,2026-09-07T16:52:52+00:00
M2_Drift_mu0,4,PARSE_0080.nii.gz,GT_minus_omission,lcc,0.7672371344974638,3.7818759368607853,0.8919023570859829,0.6430994426326065,9.0,0.08252980876764462,c1e84f2,42.0,2026-09-07T16:52:52+00:00
M2_Drift_mu0,4,PARSE_0080.nii.gz,GT_minus_omission,none,0.7824282708122278,3.0,0.901184211948007,0.6505494268025197,86.0,0.09232789366212464,c1e84f2,42.0,2026-09-07T16:52:52+00:00
M2_Drift_mu0,4,PARSE_0080.nii.gz,GT_star,lcc,0.8650873667801514,1.085519394555911,0.9510766141720485,0.7183121806494148,0.0,-0.016011895128661597,c1e84f2,42.0,2026-09-07T16:52:52+00:00
M2_Drift_mu0,4,PARSE_0080.nii.gz,GT_star,none,0.8843204030328062,1.0,0.9636248396888354,0.7273348485523716,95.0,-0.007105720990451529,c1e84f2,42.0,2026-09-07T16:52:52+00:00
M2_Drift_mu0,4,PARSE_0084.nii.gz,GT_minus_drift_neg,lcc,0.86059208557034,1.4324810480858028,0.9227448292005952,0.5684016921096193,50.0,-0.22383813797824598,c1e84f2,42.0,2026-09-07T16:52:52+00:00
M2_Drift_mu0,4,PARSE_0084.nii.gz,GT_minus_drift_neg,none,0.8560016722384738,1.4324810480858028,0.9244598098530683,0.5674622697958912,34.0,-0.21828249790826804,c1e84f2,42.0,2026-09-07T16:52:52+00:00
M2_Drift_mu0,4,PARSE_0084.nii.gz,GT_minus_drift_pos,lcc,0.865769328693881,1.746997983148521,0.9182473320934333,0.5027928797866296,13.0,-0.3086023253923083,c1e84f2,42.0,2026-09-07T16:52:52+00:00
M2_Drift_mu0,4,PARSE_0084.nii.gz,GT_minus_drift_pos,none,0.8622047928983789,1.6253004529932304,0.9217363379794599,0.5023992292823309,71.0,-0.3036534135566577,c1e84f2,42.0,2026-09-07T16:52:52+00:00
M2_Drift_mu0,4,PARSE_0084.nii.gz,GT_minus_omission,lcc,0.8205501569915915,2.025834126045368,0.9040884368108185,0.5749916043193614,15.0,-0.2082918245551966,c1e84f2,42.0,2026-09-07T16:52:52+00:00
M2_Drift_mu0,4,PARSE_0084.nii.gz,GT_minus_omission,none,0.8159646208453304,2.0,0.9053622550099097,0.573958103941863,69.0,-0.20262490650826606,c1e84f2,42.0,2026-09-07T16:52:52+00:00
M2_Drift_mu0,4,PARSE_0084.nii.gz,GT_star,lcc,0.880343960042358,1.4324810480858028,0.9230864648891443,0.5875747525657431,0.0,-0.2546216351253035,c1e84f2,42.0,2026-09-07T16:52:52+00:00
M2_Drift_mu0,4,PARSE_0084.nii.gz,GT_star,none,0.876576298848144,1.4324810480858028,0.9255409260407167,0.5867607398200104,84.0,-0.24928633830924268,c1e84f2,42.0,2026-09-07T16:52:52+00:00
M2_Drift_mu0,4,PARSE_0085.nii.gz,GT_minus_drift_neg,lcc,0.8840565735927322,0.775390625,0.9754325016668421,0.7389409411517002,103.0,0.0021945608761307985,c1e84f2,42.0,2026-09-07T16:52:52+00:00
M2_Drift_mu0,4,PARSE_0085.nii.gz,GT_minus_drift_neg,none,0.8839885463592352,0.775390625,0.9764877710491014,0.7389067321399175,26.0,0.004103334885755818,c1e84f2,42.0,2026-09-07T16:52:52+00:00
M2_Drift_mu0,4,PARSE_0085.nii.gz,GT_minus_drift_pos,lcc,0.8959146659880068,0.775390625,0.9723861237985089,0.7240507321663106,34.0,-0.09869460644637225,c1e84f2,42.0,2026-09-07T16:52:52+00:00
M2_Drift_mu0,4,PARSE_0085.nii.gz,GT_minus_drift_pos,none,0.8961401773908436,0.775390625,0.974147068511736,0.7241886510620672,43.0,-0.09697798536588462,c1e84f2,42.0,2026-09-07T16:52:52+00:00
M2_Drift_mu0,4,PARSE_0085.nii.gz,GT_minus_omission,lcc,0.7909450247549836,1.0,0.9270069458669299,0.7445671402767173,19.0,0.045539204499444194,c1e84f2,42.0,2026-09-07T16:52:52+00:00
M2_Drift_mu0,4,PARSE_0085.nii.gz,GT_minus_omission,none,0.7908274833485294,1.0,0.9277521316057478,0.7443188153698624,58.0,0.04753053246858413,c1e84f2,42.0,2026-09-07T16:52:52+00:00
M2_Drift_mu0,4,PARSE_0085.nii.gz,GT_star,lcc,0.9048452791234622,0.775390625,0.9774209336311247,0.8054774312736096,0.0,-0.036547104214364454,c1e84f2,42.0,2026-09-07T16:52:52+00:00
M2_Drift_mu0,4,PARSE_0085.nii.gz,GT_star,none,0.9059650258307461,0.775390625,0.9788459355229344,0.8055676919742533,77.0,-0.0347121173577546,c1e84f2,42.0,2026-09-07T16:52:52+00:00
